{"stats":{"minecraft:mined":{"byg:clover_patch":19,"minecraft:spruce_planks":37,"minecraft:light_gray_stained_glass_pane":1,"minecraft:deepslate_diamond_ore":3,"atmospheric:laurel_planks":17,"minecraft:spruce_trapdoor":2,"minecraft:granite":2,"minecraft:dark_oak_fence":1,"minecraft:grass_block":8,"darkerdepths:amber":1,"twigs:twig":1,"iter_rpg:big_vase":1,"minecraft:acacia_slab":3,"minecraft:spawner":14,"minecraft:large_fern":1,"minecraft:black_stained_glass_pane":2,"minecraft:oak_trapdoor":1,"iter_rpg:small_vase":1,"minecraft:iron_ore":9,"minecraft:fire":8,"minecraft:andesite":1,"minecraft:pumpkin":4,"minecraft:dark_oak_stairs":1,"minecraft:bookshelf":18,"darkerdepths:shale":4,"minecraft:vine":3,"minecraft:deepslate_iron_ore":27,"minecraft:oak_stairs":1,"minecraft:lantern":1,"byg:white_anemone":1,"minecraft:end_stone_bricks":2,"minecraft:stone":40,"minecraft:bone_block":2,"minecraft:spruce_slab":3,"minecraft:deepslate_redstone_ore":11,"minecraft:birch_stairs":2,"twigs:pebble":2,"minecraft:red_bed":2,"minecraft:smoker":1,"galosphere:deepslate_silver_ore":26,"minecraft:soul_lantern":1,"minecraft:powder_snow":8,"minecraft:torch":1,"delightful:pumpkin_pie":1,"minecraft:oak_planks":14,"minecraft:wall_torch":1,"byg:lush_grass_block":11,"supplementaries:urn":2,"minecraft:skeleton_skull":1,"minecraft:birch_planks":2,"byg:lush_dirt":1,"atmospheric:laurel_log":31,"minecraft:spruce_log":1,"minecraft:birch_leaves":11,"minecraft:tnt":3,"minecraft:black_bed":1,"minecraft:yellow_bed":1,"minecraft:grass":15,"minecraft:oak_log":43,"minecraft:coal_ore":37,"minecraft:dirt":1,"minecraft:cyan_carpet":9,"byg:tall_pink_allium":1,"minecraft:stripped_birch_wood":13,"minecraft:cobweb":12,"minecraft:cracked_stone_bricks":1,"minecraft:stripped_acacia_wood":21,"minecraft:stone_bricks":2,"minecraft:ancient_debris":3,"minecraft:mossy_stone_bricks":1,"minecraft:fern":3,"minecraft:oak_leaves":12,"minecraft:deepslate":7},"minecraft:dropped":{"minecraft:enchanted_book":4,"easy_villagers:farmer":1,"minecraft:chorus_fruit":16,"minecolonies:supplycampdeployer":2,"byg:white_anemone":1,"byg:allium_flower_bush":2,"minecraft:cobblestone":13,"minecraft:iron_helmet":1,"darkerdepths:shale":9,"minecraft:saddle":1,"undead_unleashed:grave_metal_scrap":2,"minecraft:emerald":2,"minecraft:stick":5,"twigs:pebble":1,"byg:pink_allium_flower_bush":1,"undead_unleashed:cursed_cloth":1,"minecraft:torch":1,"immersive_armors:wooden_leggings":3,"forbidden_arcanus:spawner_scrap":3,"delightful:acorn":1,"minecraft:oak_stairs":2,"minecraft:gold_nugget":1,"immersive_armors:wooden_chestplate":4,"minecraft:white_wool":4,"twigs:twig":2,"minecraft:gold_ingot":10,"iter_rpg:potsherd":3,"easy_villagers:breeder":1,"minecraft:oak_trapdoor":1,"minecraft:cobbled_deepslate":6,"minecraft:bowl":10,"minecraft:wheat":16,"immersive_armors:wooden_boots":2,"minecraft:raw_iron":8,"minecraft:rotten_flesh":13,"byg:tall_allium":3,"minecraft:oak_planks":40,"minecraft:iron_boots":1,"minecraft:stripped_acacia_wood":3,"easy_villagers:iron_farm":1,"minecraft:chiseled_stone_bricks":1,"easy_villagers:converter":1,"minecraft:spruce_trapdoor":3,"aether:chainmail_gloves":1,"minecraft:spruce_planks":24,"minecraft:skeleton_skull":1,"minecraft:iron_chestplate":1,"minecraft:stone_brick_wall":1,"minecraft:acacia_slab":2,"apotheosis:gem":2,"easy_villagers:incubator":1,"minecraft:stone_bricks":16,"minecraft:spruce_slab":5,"minecraft:spruce_log":1,"byg:tall_pink_allium":1,"minecraft:end_stone_bricks":2,"minecraft:stone_pickaxe":1,"easy_villagers:trader":1,"immersive_armors:wooden_helmet":4},"minecraft:custom":{"enigmaticlegacy:play_time_with_seven_curses":0,"lootr:looted_stat":46,"minecraft:interact_with_anvil":1,"minecraft:mob_kills":63,"minecraft:animals_bred":1,"minecraft:interact_with_crafting_table":31,"goblintraders:trade_with_goblin":30,"minecraft:damage_dealt_resisted":3486,"minecraft:time_since_death":70369,"minecraft:leave_game":4,"minecraft:climb_one_cm":13696,"minecraft:damage_resisted":0,"minecraft:sprint_one_cm":666485,"minecraft:walk_one_cm":528823,"minecraft:damage_blocked_by_shield":750,"minecraft:drop":138,"minecraft:damage_dealt_absorbed":35,"minecraft:talked_to_villager":4,"minecraft:play_time":253950,"minecraft:deaths":16,"minecraft:sneak_time":14982,"minecraft:walk_under_water_one_cm":36194,"minecraft:jump":5423,"minecraft:walk_on_water_one_cm":17824,"minecraft:total_world_time":253950,"minecraft:interact_with_furnace":6,"minecraft:traded_with_villager":1,"enigmaticlegacy:play_time_without_seven_curses":257346,"minecraft:sleep_in_bed":3,"minecraft:time_since_rest":36872,"minecraft:waystone_activated":2,"minecraft:damage_taken":10794,"minecraft:damage_dealt":31516,"minecraft:swim_one_cm":47932,"minecraft:fly_one_cm":1087417,"minecraft:open_chest":50,"minecraft:crouch_one_cm":35797,"minecraft:fall_one_cm":185116,"minecraft:horse_one_cm":398},"minecraft:crafted":{"minecraft:oak_planks":164,"minecraft:stone_pickaxe":1,"blue_skies:blue_journal":1,"minecraft:cooked_porkchop":6,"minecraft:crafting_table":1,"minecraft:wooden_pickaxe":1,"minecraft:iron_sword":1,"minecraft:bucket":2,"minecraft:pumpkin_seeds":16,"minecraft:stone_axe":1,"minecraft:air":0,"woodworks:oak_chest":4,"minecraft:diamond_pickaxe":1,"minecraft:stick":4,"minecraft:iron_ingot":60,"minecraft:wooden_axe":1,"atmospheric:laurel_planks":124,"minecraft:black_bed":1,"minecraft:torch":16,"minecraft:diamond_chestplate":1},"minecraft:killed_by":{"enemyexpansion:trollenraged":1,"minecraft:wither_skeleton":3,"minecraft:skeleton":2,"minecraft:phantom":1,"minecraft:zombie":5,"enemyexpansion:invisicreeper":1},"minecraft:used":{"minecraft:stone_sword":162,"minecraft:spruce_slab":1,"woodworks:oak_chest":4,"minecraft:spruce_planks":24,"minecraft:shield":15,"minecraft:iron_sword":283,"minecraft:torch":80,"minecraft:dirt":2,"minecraft:ancient_debris":3,"byg:lush_dirt":12,"minecraft:wooden_axe":19,"minecraft:iron_axe":169,"simplyswords:diamond_greathammer":29,"minecraft:item_frame":1,"minecraft:written_book":1,"minecraft:oak_sapling":2,"minecraft:cooked_beef":25,"minecraft:water_bucket":36,"minecraft:stone_pickaxe":140,"minecraft:oak_planks":69,"minecraft:wooden_pickaxe":18,"minecraft:composter":1,"minecraft:crafting_table":2,"minecraft:red_bed":2,"minecraft:black_bed":2,"minecraft:oak_log":3,"farmersdelight:bacon_and_eggs":4,"farmersdelight:ratatouille":16,"minecraft:diamond_pickaxe":3,"minecraft:bread":1,"minecraft:iron_pickaxe":43,"strictly_origins:damaged_skofnung":2,"atmospheric:laurel_planks":134,"minecraft:stone_axe":19,"minecraft:cobblestone":29,"minecraft:cooked_porkchop":8,"minecraft:bucket":37,"minecraft:experience_bottle":3},"minecraft:picked_up":{"minecolonies:supplycampdeployer":2,"minecraft:charcoal":3,"minecraft:wheat":16,"minecraft:chicken":3,"easy_villagers:breeder":1,"byg:lush_dirt":12,"undead_unleashed:cursed_cloth":2,"byg:tall_pink_allium":1,"minecraft:oak_stairs":3,"minecraft:stone_brick_wall":2,"minecraft:enchanted_book":3,"minecraft:stone_brick_stairs":2,"minecraft:oak_trapdoor":1,"minecraft:red_bed":2,"skilltree:wisdom_scroll":6,"darkerdepths:shale":9,"minecraft:item_frame":1,"minecraft:experience_bottle":1,"minecraft:cyan_carpet":9,"minecraft:cracked_stone_bricks":1,"minecraft:gold_nugget":1,"minecraft:cobbled_deepslate":6,"twigs:pebble":2,"minecraft:spruce_planks":66,"delightful:acorn":1,"byg:pink_allium_flower_bush":1,"immersive_armors:wooden_leggings":2,"minecraft:spruce_slab":7,"minecraft:spruce_trapdoor":4,"easy_villagers:incubator":1,"minecraft:raw_iron":44,"apotheosis:gem":17,"minecraft:torch":2,"minecraft:bowl":7,"minecraft:porkchop":6,"easy_villagers:iron_farm":1,"minecraft:redstone":48,"minecraft:stone_sword":1,"minecraft:tnt":3,"minecraft:arrow":4,"immersive_armors:wooden_helmet":3,"minecraft:rotten_flesh":15,"minecraft:beetroot_seeds":1,"minecraft:gold_ingot":5,"minecraft:stripped_birch_wood":12,"minecraft:mutton":7,"forbidden_arcanus:spawner_scrap":5,"minecraft:skeleton_skull":3,"minecraft:white_wool":4,"minecraft:cobblestone":50,"minecraft:feather":2,"minecraft:cooked_beef":40,"minecraft:black_bed":1,"minecraft:smoker":1,"atmospheric:laurel_log":31,"easy_villagers:farmer":1,"minecraft:wither_skeleton_skull":1,"minecraft:ancient_debris":3,"minecraft:oak_log":38,"byg:white_anemone":1,"minecraft:yellow_bed":1,"minecraft:gunpowder":3,"farmersdelight:flint_knife":1,"minecraft:dirt":7,"minecraft:lantern":2,"easy_villagers:converter":1,"minecraft:bone":5,"minecraft:stone_bricks":45,"easy_villagers:trader":1,"byg:allium_flower_bush":2,"iter_rpg:potsherd":3,"minecraft:mossy_stone_bricks":1,"galosphere:raw_silver":26,"twigs:twig":6,"minecraft:oak_planks":32,"minecraft:book":60,"minecraft:pumpkin":4,"minecraft:chiseled_stone_bricks":1,"minecraft:dandelion":2,"minecraft:stripped_acacia_wood":6,"undead_unleashed:grave_metal_scrap":2,"minecraft:spruce_log":1,"minecraft:diamond":3,"minecraft:soul_lantern":2,"byg:tall_allium":3,"immersive_armors:wooden_chestplate":3,"atmospheric:laurel_planks":18,"minecraft:granite":2,"minecraft:emerald":1,"alexsmobs:maggot":4,"minecraft:oak_sapling":9,"minecraft:acacia_slab":2,"immersive_armors:wooden_boots":1,"minecraft:coal":37,"iter_rpg:spawner_fragment":4,"minecraft:end_stone_bricks":4},"minecraft:broken":{"minecraft:stone_sword":1,"minecraft:iron_leggings":1,"aether:iron_gloves":1,"minecraft:iron_helmet":1},"minecraft:killed":{"enemyexpansion:equestrian":1,"minecraft:spider":1,"enemyexpansion:direwolf":4,"minecraft:zombie_horse":2,"minecraft:zoglin":1,"minecraft:phantom":1,"minecraft:skeleton":3,"minecraft:chicken":3,"minecraft:skeleton_horse":1,"enemyexpansion:goblin":2,"minecraft:pig":2,"enemyexpansion:sprinter":1,"majruszsdifficulty:cursed_armor":1,"minecraft:creeper":2,"minecraft:sheep":4,"minecraft:pillager":2,"minecraft:zombie":19,"undead_unleashed:shadewraith":1,"enemyexpansion:botfly":5,"enemyexpansion:huntsman":1,"alexsmobs:fly":2}},"DataVersion":3120}