{"stats":{"minecraft:killed":{"minecraft:spider":1,"minecraft:skeleton":2,"minecraft:pig":1,"minecraft:sheep":4,"minecraft:zombie":3,"undead_unleashed:shadewraith":1,"enemyexpansion:huntsman":1,"alexsmobs:fly":1},"minecraft:dropped":{"minecraft:enchanted_book":3,"minecraft:cobblestone":13,"darkerdepths:shale":9,"undead_unleashed:grave_metal_scrap":2,"minecraft:stick":2,"minecraft:emerald":2,"twigs:pebble":1,"immersive_armors:wooden_leggings":3,"minecraft:oak_stairs":2,"minecraft:gold_nugget":1,"immersive_armors:wooden_chestplate":4,"minecraft:white_wool":4,"iter_rpg:potsherd":3,"minecraft:gold_ingot":10,"minecraft:cobbled_deepslate":6,"immersive_armors:wooden_boots":2,"minecraft:raw_iron":8,"minecraft:oak_planks":38,"minecraft:chiseled_stone_bricks":1,"minecraft:skeleton_skull":1,"minecraft:spruce_planks":12,"minecraft:stone_brick_wall":1,"apotheosis:gem":2,"minecraft:stone_bricks":16,"minecraft:spruce_slab":2,"immersive_armors:wooden_helmet":4},"minecraft:mined":{"byg:clover_patch":1,"minecraft:spruce_planks":3,"minecraft:deepslate_diamond_ore":3,"minecraft:spruce_trapdoor":1,"minecraft:granite":2,"minecraft:grass_block":3,"darkerdepths:amber":1,"iter_rpg:big_vase":1,"iter_rpg:small_vase":1,"minecraft:iron_ore":9,"minecraft:andesite":1,"minecraft:bookshelf":7,"darkerdepths:shale":4,"minecraft:deepslate_iron_ore":27,"minecraft:oak_stairs":1,"minecraft:stone":40,"minecraft:spruce_slab":2,"minecraft:deepslate_redstone_ore":11,"twigs:pebble":2,"minecraft:red_bed":2,"galosphere:deepslate_silver_ore":26,"minecraft:torch":1,"delightful:pumpkin_pie":1,"minecraft:oak_planks":4,"minecraft:wall_torch":1,"supplementaries:urn":2,"minecraft:skeleton_skull":1,"minecraft:tnt":3,"minecraft:black_bed":1,"minecraft:yellow_bed":1,"minecraft:grass":1,"minecraft:oak_log":20,"minecraft:coal_ore":37,"minecraft:stone_bricks":1,"minecraft:oak_leaves":4,"minecraft:deepslate":7},"minecraft:picked_up":{"undead_unleashed:cursed_cloth":1,"minecraft:oak_stairs":3,"minecraft:stone_brick_wall":2,"minecraft:enchanted_book":3,"minecraft:stone_brick_stairs":2,"minecraft:red_bed":2,"skilltree:wisdom_scroll":1,"darkerdepths:shale":9,"minecraft:item_frame":1,"minecraft:gold_nugget":1,"minecraft:cobbled_deepslate":6,"twigs:pebble":2,"minecraft:spruce_planks":16,"immersive_armors:wooden_leggings":2,"minecraft:spruce_slab":4,"minecraft:spruce_trapdoor":1,"minecraft:raw_iron":44,"apotheosis:gem":13,"minecraft:torch":2,"minecraft:porkchop":3,"minecraft:redstone":48,"minecraft:tnt":3,"immersive_armors:wooden_helmet":3,"minecraft:beetroot_seeds":1,"minecraft:gold_ingot":5,"minecraft:mutton":7,"minecraft:skeleton_skull":2,"minecraft:white_wool":4,"minecraft:cobblestone":50,"minecraft:black_bed":1,"minecraft:oak_log":18,"minecraft:yellow_bed":1,"minecraft:dirt":1,"minecraft:lantern":1,"minecraft:bone":5,"minecraft:stone_bricks":44,"iter_rpg:potsherd":3,"galosphere:raw_silver":26,"twigs:twig":2,"minecraft:oak_planks":23,"minecraft:book":27,"minecraft:chiseled_stone_bricks":1,"undead_unleashed:grave_metal_scrap":2,"minecraft:diamond":3,"immersive_armors:wooden_chestplate":3,"minecraft:granite":2,"alexsmobs:maggot":2,"minecraft:oak_sapling":7,"minecraft:coal":36,"immersive_armors:wooden_boots":1},"minecraft:killed_by":{"enemyexpansion:trollenraged":1,"minecraft:skeleton":1,"enemyexpansion:invisicreeper":1},"minecraft:crafted":{"minecraft:oak_planks":84,"minecraft:stone_pickaxe":1,"blue_skies:blue_journal":1,"minecraft:cooked_porkchop":6,"minecraft:wooden_pickaxe":1,"minecraft:stone_axe":1,"minecraft:air":0,"woodworks:oak_chest":2,"minecraft:stick":4,"minecraft:iron_ingot":60,"minecraft:wooden_axe":1,"minecraft:black_bed":1,"minecraft:torch":16},"minecraft:custom":{"enigmaticlegacy:play_time_with_seven_curses":0,"lootr:looted_stat":13,"minecraft:mob_kills":14,"minecraft:interact_with_crafting_table":14,"goblintraders:trade_with_goblin":30,"minecraft:damage_dealt_resisted":76,"minecraft:leave_game":1,"minecraft:time_since_death":9340,"minecraft:climb_one_cm":5131,"minecraft:damage_resisted":0,"minecraft:sprint_one_cm":214807,"minecraft:walk_one_cm":191409,"minecraft:damage_blocked_by_shield":262,"minecraft:drop":67,"minecraft:damage_dealt_absorbed":35,"minecraft:talked_to_villager":2,"minecraft:play_time":96059,"minecraft:deaths":5,"minecraft:sneak_time":5336,"minecraft:walk_under_water_one_cm":3824,"minecraft:jump":1824,"minecraft:walk_on_water_one_cm":12582,"minecraft:total_world_time":96059,"minecraft:interact_with_furnace":6,"enigmaticlegacy:play_time_without_seven_curses":94455,"minecraft:traded_with_villager":1,"minecraft:sleep_in_bed":2,"minecraft:time_since_rest":10620,"minecraft:waystone_activated":1,"minecraft:damage_taken":2368,"minecraft:damage_dealt":6919,"minecraft:swim_one_cm":26407,"minecraft:fly_one_cm":361180,"minecraft:open_chest":13,"minecraft:crouch_one_cm":14560,"minecraft:fall_one_cm":63274},"minecraft:used":{"minecraft:stone_sword":92,"minecraft:spruce_slab":1,"woodworks:oak_chest":2,"minecraft:shield":5,"minecraft:torch":73,"minecraft:dirt":1,"minecraft:wooden_axe":19,"minecraft:item_frame":1,"minecraft:oak_sapling":2,"minecraft:stone_pickaxe":140,"minecraft:oak_planks":16,"minecraft:wooden_pickaxe":18,"minecraft:composter":1,"minecraft:crafting_table":1,"minecraft:red_bed":2,"minecraft:black_bed":2,"minecraft:oak_log":3,"minecraft:bread":1,"minecraft:iron_pickaxe":18,"strictly_origins:damaged_skofnung":2,"minecraft:stone_axe":19,"minecraft:cobblestone":29,"minecraft:cooked_porkchop":8}},"DataVersion":3120}