{"stats":{"minecraft:dropped":{"minecraft:cobblestone":13,"minecraft:chiseled_stone_bricks":1,"twigs:pebble":1,"minecraft:spruce_planks":6,"minecraft:skeleton_skull":1,"minecraft:stone_brick_wall":1,"minecraft:oak_stairs":2,"minecraft:stone_bricks":16,"minecraft:spruce_slab":2,"minecraft:white_wool":4},"minecraft:killed":{"minecraft:pig":1,"minecraft:spider":1,"minecraft:sheep":4,"minecraft:skeleton":1,"minecraft:zombie":1,"undead_unleashed:shadewraith":1,"enemyexpansion:huntsman":1,"alexsmobs:fly":1},"minecraft:mined":{"minecraft:spruce_planks":3,"byg:clover_patch":1,"twigs:pebble":2,"minecraft:red_bed":2,"galosphere:deepslate_silver_ore":9,"minecraft:torch":1,"minecraft:spruce_trapdoor":1,"delightful:pumpkin_pie":1,"minecraft:grass_block":1,"darkerdepths:amber":1,"minecraft:oak_planks":2,"minecraft:wall_torch":1,"minecraft:skeleton_skull":1,"iter_rpg:small_vase":1,"minecraft:iron_ore":9,"minecraft:tnt":3,"minecraft:black_bed":1,"minecraft:yellow_bed":1,"minecraft:bookshelf":7,"minecraft:grass":1,"minecraft:coal_ore":37,"minecraft:oak_log":20,"minecraft:deepslate_iron_ore":9,"minecraft:oak_stairs":1,"minecraft:stone":40,"minecraft:stone_bricks":1,"minecraft:oak_leaves":4,"minecraft:spruce_slab":2,"minecraft:deepslate":4},"minecraft:picked_up":{"undead_unleashed:cursed_cloth":1,"minecraft:black_bed":1,"minecraft:oak_stairs":3,"minecraft:stone_brick_wall":2,"minecraft:stone_brick_stairs":2,"minecraft:oak_log":18,"minecraft:yellow_bed":1,"minecraft:dirt":1,"minecraft:red_bed":2,"minecraft:lantern":1,"minecraft:item_frame":1,"minecraft:bone":4,"minecraft:stone_bricks":44,"twigs:pebble":2,"minecraft:spruce_planks":7,"minecraft:spruce_slab":4,"galosphere:raw_silver":9,"twigs:twig":2,"minecraft:oak_planks":2,"minecraft:spruce_trapdoor":1,"minecraft:book":27,"minecraft:raw_iron":18,"apotheosis:gem":11,"minecraft:chiseled_stone_bricks":1,"minecraft:torch":2,"minecraft:porkchop":3,"undead_unleashed:grave_metal_scrap":1,"minecraft:tnt":3,"minecraft:beetroot_seeds":1,"alexsmobs:maggot":2,"minecraft:oak_sapling":7,"minecraft:mutton":7,"minecraft:coal":36,"minecraft:skeleton_skull":2,"minecraft:white_wool":4,"minecraft:cobblestone":50},"minecraft:killed_by":{"minecraft:skeleton":1},"minecraft:crafted":{"blue_skies:blue_journal":1,"minecraft:oak_planks":84,"minecraft:cooked_porkchop":6,"minecraft:wooden_pickaxe":1,"minecraft:stone_axe":1,"minecraft:air":0,"woodworks:oak_chest":2,"minecraft:stick":4,"minecraft:iron_ingot":18,"minecraft:stone_pickaxe":1,"minecraft:wooden_axe":1,"minecraft:black_bed":1,"minecraft:torch":16},"minecraft:custom":{"enigmaticlegacy:play_time_with_seven_curses":0,"lootr:looted_stat":13,"minecraft:interact_with_furnace":6,"minecraft:mob_kills":11,"enigmaticlegacy:play_time_without_seven_curses":63811,"minecraft:traded_with_villager":1,"minecraft:interact_with_crafting_table":7,"goblintraders:trade_with_goblin":9,"minecraft:time_since_death":9176,"minecraft:sleep_in_bed":2,"minecraft:climb_one_cm":5131,"minecraft:time_since_rest":9217,"minecraft:waystone_activated":1,"minecraft:sprint_one_cm":123695,"minecraft:damage_taken":1411,"minecraft:walk_one_cm":136557,"minecraft:drop":28,"minecraft:damage_dealt":4989,"minecraft:swim_one_cm":20121,"minecraft:talked_to_villager":2,"minecraft:fly_one_cm":217481,"minecraft:open_chest":13,"minecraft:crouch_one_cm":8736,"minecraft:play_time":63979,"minecraft:deaths":3,"minecraft:sneak_time":3245,"minecraft:walk_under_water_one_cm":2597,"minecraft:jump":1115,"minecraft:walk_on_water_one_cm":6493,"minecraft:total_world_time":63979,"minecraft:fall_one_cm":38327},"minecraft:used":{"minecraft:stone_sword":65,"minecraft:spruce_slab":1,"minecraft:stone_pickaxe":98,"minecraft:oak_planks":14,"woodworks:oak_chest":2,"minecraft:wooden_pickaxe":18,"minecraft:composter":1,"minecraft:torch":23,"minecraft:dirt":1,"minecraft:red_bed":2,"minecraft:black_bed":2,"minecraft:oak_log":3,"minecraft:wooden_axe":19,"minecraft:bread":1,"strictly_origins:damaged_skofnung":2,"minecraft:stone_axe":17,"minecraft:item_frame":1,"minecraft:cobblestone":29,"minecraft:oak_sapling":2,"minecraft:cooked_porkchop":5}},"DataVersion":3120}