{"stats":{"minecraft:custom":{"minecraft:jump":7,"minecraft:time_since_rest":3979,"enigmaticlegacy:play_time_with_seven_curses":0,"minecraft:damage_dealt":56,"minecraft:crouch_one_cm":4,"minecraft:sprint_one_cm":1501,"minecraft:play_time":3979,"minecraft:time_since_death":3979,"minecraft:walk_one_cm":2602,"minecraft:sneak_time":6,"enigmaticlegacy:play_time_without_seven_curses":3979,"minecraft:total_world_time":3979,"minecraft:interact_with_crafting_table":1,"minecraft:fall_one_cm":269,"minecraft:fly_one_cm":276},"minecraft:used":{"strictly_origins:damaged_skofnung":1}},"DataVersion":3120}