{"stats":{"minecraft:killed_by":{"enemyexpansion:trollenraged":1,"minecraft:skeleton":2,"minecraft:zombie":5,"enemyexpansion:invisicreeper":1},"minecraft:mined":{"byg:clover_patch":2,"minecraft:spruce_planks":3,"minecraft:deepslate_diamond_ore":3,"minecraft:spruce_trapdoor":1,"minecraft:granite":2,"minecraft:grass_block":3,"darkerdepths:amber":1,"iter_rpg:big_vase":1,"minecraft:spawner":2,"minecraft:oak_trapdoor":1,"iter_rpg:small_vase":1,"minecraft:iron_ore":9,"minecraft:andesite":1,"minecraft:pumpkin":4,"minecraft:bookshelf":7,"minecraft:vine":3,"darkerdepths:shale":4,"minecraft:deepslate_iron_ore":27,"minecraft:oak_stairs":1,"minecraft:stone":40,"minecraft:spruce_slab":2,"minecraft:deepslate_redstone_ore":11,"twigs:pebble":2,"minecraft:red_bed":2,"galosphere:deepslate_silver_ore":26,"minecraft:torch":1,"delightful:pumpkin_pie":1,"minecraft:oak_planks":5,"minecraft:wall_torch":1,"byg:lush_grass_block":11,"minecraft:skeleton_skull":1,"supplementaries:urn":2,"byg:lush_dirt":1,"atmospheric:laurel_log":31,"minecraft:tnt":3,"minecraft:black_bed":1,"minecraft:yellow_bed":1,"minecraft:grass":4,"minecraft:coal_ore":37,"minecraft:oak_log":37,"minecraft:cobweb":1,"minecraft:stone_bricks":1,"minecraft:oak_leaves":4,"minecraft:deepslate":7,"minecraft:fern":1},"minecraft:dropped":{"minecraft:enchanted_book":3,"minecraft:cobblestone":13,"minecraft:iron_helmet":1,"darkerdepths:shale":9,"undead_unleashed:grave_metal_scrap":2,"minecraft:stick":5,"minecraft:emerald":2,"twigs:pebble":1,"undead_unleashed:cursed_cloth":1,"minecraft:torch":1,"immersive_armors:wooden_leggings":3,"minecraft:oak_stairs":2,"minecraft:gold_nugget":1,"immersive_armors:wooden_chestplate":4,"minecraft:white_wool":4,"iter_rpg:potsherd":3,"minecraft:gold_ingot":10,"minecraft:oak_trapdoor":1,"minecraft:cobbled_deepslate":6,"immersive_armors:wooden_boots":2,"minecraft:raw_iron":8,"minecraft:oak_planks":40,"minecraft:iron_boots":1,"minecraft:chiseled_stone_bricks":1,"minecraft:spruce_planks":12,"minecraft:skeleton_skull":1,"minecraft:iron_chestplate":1,"minecraft:stone_brick_wall":1,"apotheosis:gem":2,"minecraft:stone_bricks":16,"minecraft:spruce_slab":2,"minecraft:stone_pickaxe":1,"immersive_armors:wooden_helmet":4},"minecraft:broken":{"minecraft:stone_sword":1},"minecraft:killed":{"minecraft:spider":1,"enemyexpansion:direwolf":2,"minecraft:zoglin":1,"minecraft:skeleton":2,"minecraft:skeleton_horse":1,"enemyexpansion:goblin":1,"minecraft:pig":1,"minecraft:creeper":2,"minecraft:sheep":4,"minecraft:pillager":2,"minecraft:zombie":17,"undead_unleashed:shadewraith":1,"enemyexpansion:huntsman":1,"alexsmobs:fly":1},"minecraft:picked_up":{"iter_rpg:spawner_fragment":1,"byg:lush_dirt":12,"undead_unleashed:cursed_cloth":2,"minecraft:oak_stairs":3,"minecraft:stone_brick_wall":2,"minecraft:enchanted_book":3,"minecraft:stone_brick_stairs":2,"minecraft:oak_trapdoor":1,"minecraft:red_bed":2,"skilltree:wisdom_scroll":1,"darkerdepths:shale":9,"minecraft:item_frame":1,"minecraft:experience_bottle":1,"minecraft:gold_nugget":1,"minecraft:cobbled_deepslate":6,"twigs:pebble":2,"minecraft:spruce_planks":16,"immersive_armors:wooden_leggings":2,"minecraft:spruce_slab":4,"minecraft:spruce_trapdoor":1,"minecraft:raw_iron":44,"apotheosis:gem":13,"minecraft:torch":2,"minecraft:porkchop":6,"minecraft:redstone":48,"minecraft:tnt":3,"immersive_armors:wooden_helmet":3,"minecraft:arrow":4,"minecraft:rotten_flesh":13,"minecraft:beetroot_seeds":1,"minecraft:gold_ingot":5,"minecraft:mutton":7,"forbidden_arcanus:spawner_scrap":1,"minecraft:skeleton_skull":2,"minecraft:white_wool":4,"minecraft:cobblestone":50,"minecraft:black_bed":1,"atmospheric:laurel_log":31,"minecraft:oak_log":32,"minecraft:yellow_bed":1,"minecraft:gunpowder":3,"minecraft:dirt":1,"minecraft:lantern":1,"minecraft:bone":5,"minecraft:stone_bricks":44,"iter_rpg:potsherd":3,"galosphere:raw_silver":26,"twigs:twig":2,"minecraft:oak_planks":23,"minecraft:book":27,"minecraft:pumpkin":4,"minecraft:chiseled_stone_bricks":1,"undead_unleashed:grave_metal_scrap":2,"minecraft:diamond":3,"immersive_armors:wooden_chestplate":3,"minecraft:granite":2,"minecraft:emerald":1,"alexsmobs:maggot":2,"minecraft:oak_sapling":7,"immersive_armors:wooden_boots":1,"minecraft:coal":36},"minecraft:used":{"minecraft:stone_sword":162,"minecraft:spruce_slab":1,"woodworks:oak_chest":2,"minecraft:shield":10,"minecraft:iron_sword":156,"minecraft:torch":80,"minecraft:dirt":1,"byg:lush_dirt":12,"minecraft:wooden_axe":19,"minecraft:iron_axe":51,"minecraft:item_frame":1,"minecraft:written_book":1,"minecraft:oak_sapling":2,"minecraft:cooked_beef":1,"minecraft:stone_pickaxe":140,"minecraft:oak_planks":16,"minecraft:wooden_pickaxe":18,"minecraft:composter":1,"minecraft:crafting_table":2,"minecraft:red_bed":2,"minecraft:black_bed":2,"minecraft:oak_log":3,"farmersdelight:ratatouille":15,"minecraft:bread":1,"minecraft:iron_pickaxe":20,"strictly_origins:damaged_skofnung":2,"minecraft:stone_axe":19,"minecraft:cobblestone":29,"minecraft:cooked_porkchop":8,"minecraft:experience_bottle":3},"minecraft:custom":{"enigmaticlegacy:play_time_with_seven_curses":0,"lootr:looted_stat":27,"minecraft:mob_kills":37,"minecraft:interact_with_crafting_table":16,"goblintraders:trade_with_goblin":30,"minecraft:damage_dealt_resisted":3285,"minecraft:time_since_death":8517,"minecraft:leave_game":3,"minecraft:climb_one_cm":11158,"minecraft:damage_resisted":0,"minecraft:sprint_one_cm":340690,"minecraft:walk_one_cm":294172,"minecraft:damage_blocked_by_shield":530,"minecraft:drop":76,"minecraft:damage_dealt_absorbed":35,"minecraft:talked_to_villager":2,"minecraft:play_time":134143,"minecraft:deaths":11,"minecraft:sneak_time":6337,"minecraft:walk_under_water_one_cm":3824,"minecraft:jump":2605,"minecraft:walk_on_water_one_cm":12582,"minecraft:total_world_time":134143,"minecraft:interact_with_furnace":6,"enigmaticlegacy:play_time_without_seven_curses":132369,"minecraft:traded_with_villager":1,"minecraft:sleep_in_bed":2,"minecraft:time_since_rest":8547,"minecraft:waystone_activated":1,"minecraft:damage_taken":6222,"minecraft:damage_dealt":20348,"minecraft:swim_one_cm":26407,"minecraft:fly_one_cm":544860,"minecraft:open_chest":18,"minecraft:crouch_one_cm":16144,"minecraft:fall_one_cm":88184,"minecraft:horse_one_cm":398},"minecraft:crafted":{"minecraft:oak_planks":140,"minecraft:stone_pickaxe":1,"blue_skies:blue_journal":1,"minecraft:cooked_porkchop":6,"minecraft:crafting_table":1,"minecraft:wooden_pickaxe":1,"minecraft:iron_sword":1,"minecraft:pumpkin_seeds":16,"minecraft:stone_axe":1,"minecraft:air":0,"woodworks:oak_chest":2,"minecraft:stick":4,"minecraft:iron_ingot":60,"minecraft:wooden_axe":1,"atmospheric:laurel_planks":124,"minecraft:black_bed":1,"minecraft:torch":16}},"DataVersion":3120}