{"stats":{"minecraft:killed":{"minecraft:pig":1,"minecraft:spider":1,"minecraft:sheep":4,"minecraft:skeleton":1,"minecraft:zombie":2,"undead_unleashed:shadewraith":1,"enemyexpansion:huntsman":1,"alexsmobs:fly":1},"minecraft:dropped":{"minecraft:enchanted_book":3,"minecraft:cobbled_deepslate":6,"immersive_armors:wooden_boots":2,"minecraft:cobblestone":13,"minecraft:oak_planks":38,"undead_unleashed:grave_metal_scrap":2,"minecraft:emerald":2,"minecraft:stick":2,"twigs:pebble":1,"minecraft:chiseled_stone_bricks":1,"minecraft:spruce_planks":12,"minecraft:skeleton_skull":1,"immersive_armors:wooden_leggings":3,"minecraft:stone_bricks":16,"minecraft:spruce_slab":2,"apotheosis:gem":2,"minecraft:stone_brick_wall":1,"minecraft:oak_stairs":2,"minecraft:gold_nugget":1,"immersive_armors:wooden_chestplate":4,"iter_rpg:potsherd":3,"minecraft:white_wool":4,"immersive_armors:wooden_helmet":4,"minecraft:gold_ingot":10},"minecraft:mined":{"minecraft:deepslate_redstone_ore":11,"twigs:pebble":2,"byg:clover_patch":1,"minecraft:spruce_planks":3,"minecraft:red_bed":2,"minecraft:deepslate_diamond_ore":3,"galosphere:deepslate_silver_ore":26,"minecraft:spruce_trapdoor":1,"minecraft:torch":1,"delightful:pumpkin_pie":1,"minecraft:grass_block":1,"darkerdepths:amber":1,"iter_rpg:big_vase":1,"minecraft:oak_planks":4,"minecraft:wall_torch":1,"minecraft:skeleton_skull":1,"supplementaries:urn":2,"iter_rpg:small_vase":1,"minecraft:iron_ore":9,"minecraft:black_bed":1,"minecraft:tnt":3,"minecraft:yellow_bed":1,"minecraft:grass":1,"minecraft:coal_ore":37,"minecraft:bookshelf":7,"minecraft:oak_log":20,"minecraft:deepslate_iron_ore":25,"minecraft:oak_stairs":1,"minecraft:stone":40,"minecraft:stone_bricks":1,"minecraft:spruce_slab":2,"minecraft:oak_leaves":4,"minecraft:deepslate":7},"minecraft:picked_up":{"undead_unleashed:cursed_cloth":1,"minecraft:black_bed":1,"minecraft:oak_stairs":3,"minecraft:stone_brick_wall":2,"minecraft:enchanted_book":3,"minecraft:stone_brick_stairs":2,"minecraft:oak_log":18,"minecraft:yellow_bed":1,"minecraft:dirt":1,"minecraft:red_bed":2,"minecraft:lantern":1,"skilltree:wisdom_scroll":1,"minecraft:item_frame":1,"minecraft:bone":4,"minecraft:stone_bricks":44,"minecraft:gold_nugget":1,"minecraft:cobbled_deepslate":6,"minecraft:spruce_planks":16,"twigs:pebble":2,"iter_rpg:potsherd":3,"immersive_armors:wooden_leggings":2,"minecraft:spruce_slab":4,"galosphere:raw_silver":26,"twigs:twig":2,"minecraft:spruce_trapdoor":1,"minecraft:oak_planks":23,"minecraft:book":27,"minecraft:raw_iron":34,"apotheosis:gem":13,"minecraft:chiseled_stone_bricks":1,"minecraft:torch":2,"minecraft:porkchop":3,"undead_unleashed:grave_metal_scrap":2,"minecraft:redstone":48,"minecraft:tnt":3,"immersive_armors:wooden_helmet":3,"minecraft:diamond":3,"minecraft:beetroot_seeds":1,"immersive_armors:wooden_chestplate":3,"minecraft:gold_ingot":5,"alexsmobs:maggot":2,"minecraft:oak_sapling":7,"immersive_armors:wooden_boots":1,"minecraft:mutton":7,"minecraft:coal":36,"minecraft:skeleton_skull":2,"minecraft:white_wool":4,"minecraft:cobblestone":50},"minecraft:killed_by":{"enemyexpansion:trollenraged":1,"minecraft:skeleton":1,"enemyexpansion:invisicreeper":1},"minecraft:crafted":{"blue_skies:blue_journal":1,"minecraft:oak_planks":84,"minecraft:cooked_porkchop":6,"minecraft:wooden_pickaxe":1,"minecraft:stone_axe":1,"minecraft:air":0,"woodworks:oak_chest":2,"minecraft:stick":4,"minecraft:iron_ingot":60,"minecraft:stone_pickaxe":1,"minecraft:wooden_axe":1,"minecraft:black_bed":1,"minecraft:torch":16},"minecraft:custom":{"enigmaticlegacy:play_time_with_seven_curses":0,"minecraft:interact_with_furnace":6,"lootr:looted_stat":13,"minecraft:mob_kills":12,"minecraft:traded_with_villager":1,"enigmaticlegacy:play_time_without_seven_curses":86374,"minecraft:interact_with_crafting_table":14,"goblintraders:trade_with_goblin":30,"minecraft:damage_dealt_resisted":76,"minecraft:leave_game":1,"minecraft:time_since_death":1259,"minecraft:sleep_in_bed":2,"minecraft:climb_one_cm":5131,"minecraft:time_since_rest":2539,"minecraft:waystone_activated":1,"minecraft:sprint_one_cm":173818,"minecraft:damage_taken":2205,"minecraft:walk_one_cm":169267,"minecraft:drop":64,"minecraft:damage_dealt":5878,"minecraft:talked_to_villager":2,"minecraft:swim_one_cm":25291,"minecraft:damage_dealt_absorbed":35,"minecraft:fly_one_cm":310449,"minecraft:open_chest":13,"minecraft:crouch_one_cm":14560,"minecraft:play_time":87978,"minecraft:deaths":5,"minecraft:sneak_time":5336,"minecraft:walk_under_water_one_cm":3349,"minecraft:jump":1478,"minecraft:walk_on_water_one_cm":9380,"minecraft:total_world_time":87978,"minecraft:fall_one_cm":51329},"minecraft:used":{"minecraft:stone_sword":79,"minecraft:spruce_slab":1,"minecraft:stone_pickaxe":130,"minecraft:oak_planks":16,"woodworks:oak_chest":2,"minecraft:wooden_pickaxe":18,"minecraft:composter":1,"minecraft:torch":62,"minecraft:dirt":1,"minecraft:crafting_table":1,"minecraft:red_bed":2,"minecraft:black_bed":2,"minecraft:oak_log":3,"minecraft:wooden_axe":19,"minecraft:bread":1,"minecraft:iron_pickaxe":18,"strictly_origins:damaged_skofnung":2,"minecraft:stone_axe":19,"minecraft:item_frame":1,"minecraft:cobblestone":29,"minecraft:oak_sapling":2,"minecraft:cooked_porkchop":6}},"DataVersion":3120}