{"stats":{"minecraft:killed":{"alexsmobs:fly":1},"minecraft:dropped":{"twigs:pebble":1,"minecraft:skeleton_skull":1,"minecraft:stone_brick_wall":1,"minecraft:cobblestone":13,"minecraft:stone_bricks":16,"minecraft:oak_stairs":2,"minecraft:spruce_slab":1,"minecraft:chiseled_stone_bricks":1},"minecraft:mined":{"minecraft:skeleton_skull":1,"byg:clover_patch":1,"twigs:pebble":2,"minecraft:red_bed":1,"minecraft:yellow_bed":1,"delightful:pumpkin_pie":1,"minecraft:grass":1,"minecraft:grass_block":1,"minecraft:oak_log":20,"minecraft:oak_stairs":1,"minecraft:stone_bricks":1,"minecraft:stone":13,"minecraft:oak_leaves":4,"minecraft:spruce_slab":1},"minecraft:picked_up":{"apotheosis:gem":1,"minecraft:chiseled_stone_bricks":1,"minecraft:oak_stairs":3,"minecraft:stone_brick_wall":2,"minecraft:stone_brick_stairs":2,"minecraft:oak_log":18,"minecraft:yellow_bed":1,"minecraft:dirt":1,"minecraft:red_bed":1,"minecraft:lantern":1,"minecraft:item_frame":1,"minecraft:stone_bricks":44,"minecraft:beetroot_seeds":1,"minecraft:spruce_planks":1,"twigs:pebble":2,"minecraft:spruce_slab":3,"alexsmobs:maggot":2,"minecraft:oak_sapling":7,"twigs:twig":2,"minecraft:skeleton_skull":2,"minecraft:book":6,"minecraft:cobblestone":26},"minecraft:crafted":{"minecraft:oak_planks":84,"minecraft:stick":4,"minecraft:stone_pickaxe":1,"minecraft:wooden_pickaxe":1,"minecraft:wooden_axe":1,"minecraft:stone_axe":1,"woodworks:oak_chest":2},"minecraft:custom":{"minecraft:time_since_rest":8867,"enigmaticlegacy:play_time_with_seven_curses":0,"minecraft:waystone_activated":1,"minecraft:interact_with_furnace":2,"lootr:looted_stat":12,"minecraft:sprint_one_cm":54253,"minecraft:damage_taken":333,"minecraft:walk_one_cm":52887,"minecraft:mob_kills":1,"minecraft:drop":24,"minecraft:damage_dealt":133,"enigmaticlegacy:play_time_without_seven_curses":27908,"minecraft:swim_one_cm":4435,"minecraft:interact_with_crafting_table":5,"minecraft:fly_one_cm":70946,"minecraft:open_chest":9,"minecraft:crouch_one_cm":435,"minecraft:play_time":27979,"minecraft:deaths":1,"minecraft:sneak_time":162,"minecraft:walk_under_water_one_cm":754,"minecraft:jump":464,"minecraft:time_since_death":8796,"minecraft:walk_on_water_one_cm":1922,"minecraft:total_world_time":27979,"minecraft:climb_one_cm":5131,"minecraft:fall_one_cm":13513},"minecraft:used":{"minecraft:oak_log":3,"minecraft:wooden_axe":19,"minecraft:spruce_slab":1,"strictly_origins:damaged_skofnung":2,"woodworks:oak_chest":2,"minecraft:wooden_pickaxe":18,"minecraft:composter":1,"minecraft:item_frame":1,"minecraft:dirt":1,"minecraft:red_bed":1,"minecraft:oak_sapling":2}},"DataVersion":3120}