{"stats":{"minecraft:mined":{"lootr:lootr_chest":4,"minecraft:smoker":3,"minecraft:stripped_birch_log":2,"minecraft:crafting_table":2,"minecraft:granite":1,"minecraft:blast_furnace":1,"undead_unleashed:grave_soil":1,"minecraft:grass_block":3,"minecraft:chest":2,"minecraft:campfire":1,"twigs:twig":1,"minecraft:deepslate_gold_ore":8,"minecraft:lapis_ore":4,"minecraft:spruce_leaves":118,"minecraft:wall_torch":1,"vinery:white_grape_bush":1,"byg:soapstone":3,"minecraft:redstone_ore":1,"minecraft:furnace":1,"forbidden_arcanus:thin_cherry_log":16,"minecraft:iron_ore":46,"minecraft:birch_trapdoor":1,"minecraft:spruce_log":15,"forbidden_arcanus:cherry_leaves":11,"minecraft:yellow_bed":1,"minecraft:deepslate_iron_ore":6,"minecraft:grass":3,"minecraft:coal_ore":100,"minecraft:oak_log":6,"darkerdepths:shale":5,"minecraft:dirt_path":2,"minecraft:dirt":4,"minecraft:stone":212,"minecraft:gold_ore":6},"minecraft:dropped":{"byg:biomepedia":1,"minecraft:iron_nugget":4,"alexsmobs:animal_dictionary":1,"minecraft:bowl":1,"aether:golden_gloves":1,"patchouli:guide_book":3,"minecraft:stick":5,"ars_nouveau:worn_notebook":1,"origins:orb_of_origin":1,"minecraft:oak_button":1,"minecraft:oak_sapling":2,"minecraft:stone_pressure_plate":1,"twigs:twig":7},"minecraft:broken":{"aether:golden_gloves":1,"minecraft:stone_sword":1,"minecraft:wooden_pickaxe":1},"minecraft:killed":{"minecraft:pig":5,"minecraft:iron_golem":1,"minecraft:sheep":2,"minecraft:skeleton":1,"enemyexpansion:goblin":1},"minecraft:picked_up":{"minecraft:charcoal":2,"byg:soapstone":3,"minecraft:crafting_table":2,"minecraft:smoker":3,"forbidden_arcanus:cherry_sapling":5,"minecraft:oak_log":6,"minecraft:yellow_bed":1,"minecraft:lapis_lazuli":23,"minecraft:stripped_birch_log":2,"minecraft:dirt":9,"forbidden_arcanus:thin_cherry_log":16,"darkerdepths:shale":5,"minecraft:bone":1,"minecraft:raw_gold":14,"delightful:acorn":1,"minecraft:poppy":1,"minecraft:iron_nugget":4,"twigs:twig":12,"minecraft:chest":6,"minecraft:furnace":1,"minecraft:stick":4,"minecraft:raw_iron":42,"apotheosis:gem":6,"minecraft:birch_trapdoor":1,"minecraft:bowl":1,"minecraft:porkchop":10,"minecraft:spruce_sapling":8,"minecraft:blast_furnace":1,"minecraft:redstone":4,"minecraft:spruce_log":15,"minecraft:stone_pressure_plate":1,"minecraft:arrow":2,"vinery:white_grape_seeds":2,"minecraft:granite":1,"forbidden_arcanus:cherry_peach":1,"minecraft:oak_sapling":2,"minecraft:cobblestone":203,"minecraft:mutton":2,"minecraft:coal":115,"minecraft:white_wool":2},"minecraft:used":{"minecraft:water_bucket":4,"minecraft:stone_sword":100,"minecraft:spruce_door":1,"minecraft:stripped_birch_log":1,"minecraft:oak_planks":1,"minecraft:stone_pickaxe":118,"minecraft:spruce_planks":2,"minecraft:chest":6,"minecraft:wooden_pickaxe":59,"minecraft:spruce_sign":1,"minecraft:torch":6,"minecraft:dirt":3,"minecraft:crafting_table":4,"minecraft:blast_furnace":1,"minecraft:smoker":4,"farmersdelight:bacon_and_eggs":5,"minecraft:lava_bucket":2,"minecraft:oak_button":1,"minecraft:iron_pickaxe":221,"minecraft:spruce_trapdoor":1,"byg:soapstone":3,"minecraft:spruce_sapling":3,"minecraft:golden_leggings":1,"minecraft:stone_axe":39,"minecraft:birch_trapdoor":1,"minecraft:wooden_sword":9,"minecraft:cobblestone":23,"forbidden_arcanus:cherry_sapling":5,"minecraft:furnace":2,"minecraft:cooked_porkchop":2,"minecraft:bucket":6,"minecraft:cooked_beef":5,"immersive_armors:wooden_helmet":1,"vinery:white_grape_seeds":2,"delightful:acorn":1},"minecraft:custom":{"enigmaticlegacy:play_time_with_seven_curses":0,"lootr:looted_stat":7,"minecraft:interact_with_furnace":9,"minecraft:mob_kills":11,"enigmaticlegacy:play_time_without_seven_curses":73738,"minecraft:interact_with_crafting_table":23,"minecraft:open_barrel":3,"goblintraders:trade_with_goblin":12,"minecraft:damage_dealt_resisted":0,"minecraft:leave_game":9,"minecraft:time_since_death":7074,"minecraft:sleep_in_bed":2,"minecraft:climb_one_cm":5690,"minecraft:damage_resisted":0,"minecraft:time_since_rest":7105,"minecraft:waystone_activated":1,"minecraft:sprint_one_cm":194828,"minecraft:damage_taken":1851,"minecraft:walk_one_cm":101877,"minecraft:drop":18,"minecraft:damage_dealt":4106,"minecraft:swim_one_cm":45128,"minecraft:fly_one_cm":133155,"minecraft:open_chest":19,"minecraft:deaths":1,"minecraft:crouch_one_cm":6560,"minecraft:play_time":73769,"minecraft:sneak_time":3115,"minecraft:walk_under_water_one_cm":22252,"minecraft:jump":1152,"minecraft:interact_with_blast_furnace":7,"minecraft:walk_on_water_one_cm":18535,"minecraft:total_world_time":73769,"minecraft:interact_with_smoker":14,"minecraft:fall_one_cm":31683},"minecraft:crafted":{"minecraft:oak_planks":24,"minecraft:cooked_porkchop":2,"minecraft:crafting_table":2,"minecraft:spruce_planks":44,"minecraft:iron_helmet":1,"minecraft:baked_potato":5,"minecraft:furnace":1,"minecraft:stone_axe":1,"minecraft:air":0,"forbidden_arcanus:cherry_planks":32,"minecraft:spruce_trapdoor":2,"minecraft:iron_chestplate":1,"minecraft:stick":4,"minecraft:iron_ingot":30,"minecraft:iron_pickaxe":1,"minecraft:stone_pickaxe":2,"minecraft:stone_sword":2,"minecraft:oak_button":1,"minecraft:torch":12,"minecraft:smoker":1}},"DataVersion":3120}