{"stats":{"minecraft:mined":{"lootr:lootr_chest":4,"minecraft:smoker":3,"minecraft:stripped_birch_log":2,"minecraft:crafting_table":2,"minecraft:blast_furnace":1,"undead_unleashed:grave_soil":1,"minecraft:grass_block":3,"minecraft:chest":2,"minecraft:campfire":1,"twigs:twig":1,"minecraft:spruce_leaves":118,"minecraft:wall_torch":1,"vinery:white_grape_bush":1,"minecraft:furnace":1,"minecraft:iron_ore":17,"minecraft:birch_trapdoor":1,"minecraft:spruce_log":15,"minecraft:yellow_bed":1,"minecraft:grass":2,"minecraft:coal_ore":74,"minecraft:oak_log":6,"darkerdepths:shale":1,"minecraft:dirt_path":2,"minecraft:dirt":4,"minecraft:stone":79},"minecraft:dropped":{"byg:biomepedia":1,"minecraft:iron_nugget":4,"alexsmobs:animal_dictionary":1,"minecraft:bowl":1,"aether:golden_gloves":1,"patchouli:guide_book":3,"minecraft:stick":5,"ars_nouveau:worn_notebook":1,"origins:orb_of_origin":1,"minecraft:oak_button":1,"minecraft:oak_sapling":2,"minecraft:stone_pressure_plate":1,"twigs:twig":7},"minecraft:broken":{"aether:golden_gloves":1,"minecraft:stone_sword":1,"minecraft:wooden_pickaxe":1},"minecraft:killed":{"minecraft:pig":5,"minecraft:iron_golem":1,"minecraft:sheep":2,"minecraft:skeleton":1,"enemyexpansion:goblin":1},"minecraft:picked_up":{"minecraft:charcoal":2,"minecraft:crafting_table":2,"minecraft:smoker":3,"minecraft:oak_log":6,"minecraft:yellow_bed":1,"minecraft:stripped_birch_log":2,"minecraft:dirt":9,"darkerdepths:shale":1,"minecraft:bone":1,"delightful:acorn":1,"minecraft:poppy":1,"minecraft:iron_nugget":4,"twigs:twig":7,"minecraft:chest":6,"minecraft:furnace":1,"minecraft:stick":4,"minecraft:raw_iron":17,"apotheosis:gem":4,"minecraft:birch_trapdoor":1,"minecraft:bowl":1,"minecraft:porkchop":10,"minecraft:spruce_sapling":8,"minecraft:blast_furnace":1,"minecraft:spruce_log":15,"minecraft:stone_pressure_plate":1,"minecraft:arrow":2,"vinery:white_grape_seeds":2,"minecraft:oak_sapling":2,"minecraft:cobblestone":78,"minecraft:mutton":2,"minecraft:coal":89,"minecraft:white_wool":2},"minecraft:used":{"minecraft:stone_sword":100,"minecraft:stripped_birch_log":1,"minecraft:oak_planks":1,"minecraft:stone_pickaxe":118,"minecraft:spruce_planks":2,"minecraft:chest":6,"minecraft:wooden_pickaxe":59,"minecraft:spruce_sign":1,"minecraft:torch":3,"minecraft:dirt":3,"minecraft:crafting_table":3,"minecraft:blast_furnace":1,"minecraft:smoker":4,"farmersdelight:bacon_and_eggs":5,"minecraft:spruce_trapdoor":1,"minecraft:spruce_sapling":3,"minecraft:golden_leggings":1,"minecraft:stone_axe":12,"minecraft:wooden_sword":9,"minecraft:cobblestone":12,"minecraft:furnace":2,"minecraft:cooked_porkchop":2,"minecraft:cooked_beef":2,"immersive_armors:wooden_helmet":1,"vinery:white_grape_seeds":2,"delightful:acorn":1},"minecraft:custom":{"enigmaticlegacy:play_time_with_seven_curses":0,"lootr:looted_stat":7,"minecraft:interact_with_furnace":8,"minecraft:mob_kills":11,"enigmaticlegacy:play_time_without_seven_curses":61769,"minecraft:interact_with_crafting_table":19,"minecraft:open_barrel":3,"goblintraders:trade_with_goblin":12,"minecraft:damage_dealt_resisted":0,"minecraft:leave_game":9,"minecraft:time_since_death":61769,"minecraft:sleep_in_bed":1,"minecraft:climb_one_cm":4690,"minecraft:damage_resisted":0,"minecraft:time_since_rest":10549,"minecraft:waystone_activated":1,"minecraft:sprint_one_cm":161951,"minecraft:damage_taken":1007,"minecraft:walk_one_cm":84730,"minecraft:drop":18,"minecraft:damage_dealt":4106,"minecraft:swim_one_cm":22998,"minecraft:fly_one_cm":106925,"minecraft:open_chest":15,"minecraft:crouch_one_cm":4850,"minecraft:play_time":61769,"minecraft:sneak_time":1812,"minecraft:walk_under_water_one_cm":4672,"minecraft:jump":945,"minecraft:interact_with_blast_furnace":6,"minecraft:walk_on_water_one_cm":12933,"minecraft:total_world_time":61769,"minecraft:interact_with_smoker":12,"minecraft:fall_one_cm":19490},"minecraft:crafted":{"minecraft:oak_planks":24,"minecraft:cooked_porkchop":2,"minecraft:crafting_table":2,"minecraft:spruce_planks":44,"minecraft:baked_potato":5,"minecraft:furnace":1,"minecraft:stone_axe":1,"minecraft:air":0,"minecraft:spruce_trapdoor":2,"minecraft:stick":4,"minecraft:iron_ingot":30,"minecraft:iron_pickaxe":1,"minecraft:stone_pickaxe":2,"minecraft:stone_sword":2,"minecraft:oak_button":1,"minecraft:smoker":1}},"DataVersion":3120}