{"stats":{"minecraft:mined":{"minecraft:stripped_birch_log":2,"minecraft:granite":1,"minecraft:grass_block":5,"twigs:twig":1,"minecraft:spruce_leaves":118,"minecraft:redstone_ore":1,"minecraft:magma_block":14,"minecraft:furnace":1,"iter_rpg:small_vase":1,"forbidden_arcanus:thin_cherry_log":16,"minecraft:iron_ore":46,"forbidden_arcanus:cherry_leaves":11,"darkerdepths:shale":5,"minecraft:deepslate_iron_ore":6,"minecraft:dirt_path":2,"minecraft:stone":216,"lootr:lootr_chest":4,"minecraft:smoker":3,"minecraft:crafting_table":2,"minecraft:blast_furnace":1,"undead_unleashed:grave_soil":1,"minecraft:chest":2,"minecraft:campfire":1,"minecraft:lapis_ore":4,"minecraft:deepslate_gold_ore":8,"minecraft:sugar_cane":2,"minecraft:wall_torch":1,"vinery:white_grape_bush":1,"byg:soapstone":3,"minecraft:birch_trapdoor":1,"minecraft:spruce_log":15,"minecraft:yellow_bed":1,"minecraft:grass":3,"minecraft:oak_log":6,"minecraft:coal_ore":104,"minecraft:dirt":4,"minecraft:gold_ore":12},"minecraft:dropped":{"byg:biomepedia":1,"minecraft:stick":5,"ars_nouveau:worn_notebook":1,"origins:orb_of_origin":1,"twigs:twig":7,"minecraft:iron_nugget":4,"alexsmobs:animal_dictionary":1,"minecraft:bowl":1,"aether:golden_gloves":1,"patchouli:guide_book":3,"minecraft:oak_button":1,"minecraft:oak_sapling":2,"minecraft:stone_pressure_plate":1},"minecraft:broken":{"aether:golden_gloves":1,"minecraft:stone_sword":1,"minecraft:wooden_pickaxe":1,"minecraft:stone_pickaxe":1},"minecraft:killed":{"minecraft:skeleton":1,"enemyexpansion:goblin":1,"minecraft:pig":5,"minecraft:iron_golem":1,"minecraft:sheep":2},"minecraft:picked_up":{"minecraft:charcoal":2,"minecraft:crafting_table":2,"byg:soapstone":3,"forbidden_arcanus:thin_cherry_log":16,"darkerdepths:shale":5,"delightful:acorn":1,"minecraft:iron_nugget":4,"minecraft:poppy":1,"minecraft:sugar_cane":9,"minecraft:chest":6,"minecraft:furnace":1,"minecraft:raw_iron":42,"minecraft:stick":4,"apotheosis:gem":7,"minecraft:birch_trapdoor":1,"minecraft:bowl":1,"minecraft:porkchop":10,"minecraft:redstone":4,"minecraft:stone_pressure_plate":1,"minecraft:arrow":2,"minecraft:rotten_flesh":2,"vinery:white_grape_seeds":2,"forbidden_arcanus:cherry_peach":1,"minecraft:mutton":2,"minecraft:white_wool":2,"minecraft:cobblestone":207,"minecraft:magma_block":14,"minecraft:smoker":3,"forbidden_arcanus:cherry_sapling":5,"minecraft:oak_log":6,"minecraft:yellow_bed":1,"minecraft:dirt":11,"minecraft:lapis_lazuli":23,"minecraft:stripped_birch_log":2,"minecraft:bone":1,"minecraft:raw_gold":20,"twigs:twig":12,"minecraft:spruce_sapling":8,"minecraft:blast_furnace":1,"minecraft:spruce_log":15,"minecraft:granite":1,"minecraft:oak_sapling":2,"minecraft:coal":119},"minecraft:used":{"minecraft:stone_sword":100,"cisco_mod:adventurer_chestplate":1,"minecraft:chest":6,"minecraft:spruce_planks":2,"minecraft:torch":7,"minecraft:dirt":3,"minecraft:lava_bucket":2,"minecraft:birch_trapdoor":1,"minecraft:furnace":2,"minecraft:cooked_beef":8,"vinery:white_grape_seeds":2,"immersive_armors:wooden_helmet":1,"minecraft:water_bucket":66,"minecraft:spruce_door":1,"minecraft:stripped_birch_log":1,"minecraft:stone_pickaxe":132,"minecraft:oak_planks":1,"minecraft:wooden_pickaxe":59,"minecraft:spruce_sign":1,"minecraft:crafting_table":4,"minecraft:blast_furnace":1,"minecraft:smoker":4,"simplyswords:iron_greathammer":1,"farmersdelight:bacon_and_eggs":5,"minecraft:oak_button":1,"minecraft:iron_pickaxe":237,"minecraft:spruce_trapdoor":1,"minecraft:spruce_sapling":3,"byg:soapstone":3,"minecraft:golden_leggings":1,"minecraft:stone_axe":39,"minecraft:wooden_sword":9,"minecraft:cobblestone":24,"forbidden_arcanus:cherry_sapling":5,"minecraft:cooked_porkchop":2,"minecraft:bucket":68,"delightful:acorn":1},"minecraft:custom":{"enigmaticlegacy:play_time_with_seven_curses":0,"lootr:looted_stat":7,"minecraft:mob_kills":11,"minecraft:interact_with_crafting_table":30,"minecraft:open_barrel":3,"goblintraders:trade_with_goblin":40,"minecraft:damage_dealt_resisted":0,"minecraft:leave_game":9,"minecraft:time_since_death":19074,"minecraft:climb_one_cm":6563,"minecraft:damage_resisted":0,"minecraft:sprint_one_cm":213225,"minecraft:walk_one_cm":111956,"minecraft:drop":18,"minecraft:sneak_time":3827,"minecraft:play_time":85769,"minecraft:deaths":1,"minecraft:walk_under_water_one_cm":28379,"minecraft:jump":1269,"minecraft:interact_with_blast_furnace":7,"minecraft:walk_on_water_one_cm":22216,"minecraft:total_world_time":85769,"minecraft:interact_with_furnace":11,"enigmaticlegacy:play_time_without_seven_curses":85738,"minecraft:sleep_in_bed":3,"minecraft:time_since_rest":7455,"minecraft:waystone_activated":1,"minecraft:damage_taken":2285,"minecraft:damage_dealt":4146,"minecraft:swim_one_cm":77812,"minecraft:fly_one_cm":150858,"minecraft:open_chest":46,"minecraft:crouch_one_cm":6979,"minecraft:interact_with_smoker":17,"minecraft:fall_one_cm":33495},"minecraft:crafted":{"minecraft:oak_planks":24,"minecraft:furnace":1,"minecraft:stone_pickaxe":12,"minecraft:oak_button":1,"minecraft:smoker":1,"minecraft:cooked_porkchop":2,"minecraft:crafting_table":2,"minecraft:spruce_planks":44,"minecraft:baked_potato":5,"minecraft:iron_helmet":1,"minecraft:stone_axe":1,"minecraft:air":0,"minecraft:spruce_trapdoor":2,"forbidden_arcanus:cherry_planks":32,"cisco_mod:adventurer_chestplate":1,"minecraft:iron_chestplate":1,"minecraft:stick":24,"minecraft:iron_ingot":66,"minecraft:iron_pickaxe":1,"minecraft:stone_sword":2,"minecraft:gold_ingot":30,"minecraft:torch":12}},"DataVersion":3120}