{"stats":{"minecraft:mined":{"minecraft:stripped_birch_log":4,"minecraft:spruce_trapdoor":1,"minecraft:granite":1,"minecraft:spruce_fence":2,"minecraft:grass_block":27,"twigs:twig":1,"minecraft:birch_slab":1,"minecraft:spruce_leaves":118,"minecraft:moss_block":2,"minecraft:oxeye_daisy":2,"minecraft:redstone_ore":1,"minecraft:magma_block":14,"minecraft:carrots":17,"minecraft:furnace":1,"iter_rpg:small_vase":1,"forbidden_arcanus:thin_cherry_log":16,"minecraft:iron_ore":46,"minecraft:fire":3,"forbidden_arcanus:cherry_leaves":11,"minecraft:potatoes":16,"supplementaries:stick":1,"darkerdepths:shale":5,"minecraft:deepslate_iron_ore":6,"minecraft:dirt_path":2,"minecraft:stone":825,"lootr:lootr_chest":4,"minecraft:smoker":3,"minecraft:dandelion":1,"woodworks:spruce_chest":2,"minecraft:crafting_table":2,"minecraft:blast_furnace":1,"undead_unleashed:grave_soil":1,"minecraft:chest":2,"minecraft:campfire":1,"minecraft:tall_grass":2,"minecraft:lapis_ore":4,"minecraft:deepslate_gold_ore":8,"minecraft:sugar_cane":2,"ars_elemental:yellow_archwood_log":55,"minecraft:wall_torch":2,"vinery:white_grape_bush":1,"minecraft:birch_planks":2,"byg:soapstone":3,"minecraft:cobblestone_wall":4,"minecraft:wheat":73,"minecraft:birch_trapdoor":2,"minecraft:spruce_log":39,"decorative_blocks:spruce_support":2,"minecraft:yellow_bed":1,"minecraft:grass":21,"minecraft:oak_log":6,"minecraft:coal_ore":115,"minecraft:beetroots":10,"minecraft:dirt":35,"minecraft:gold_ore":12},"minecraft:dropped":{"minecraft:bread":26,"minecraft:iron_ingot":1,"byg:biomepedia":1,"minecraft:wheat_seeds":44,"minecraft:baked_potato":10,"ars_elemental:yellow_archwood_sapling":1,"majruszsaccessories:adventurer_kit":1,"undead_unleashed:grave_metal_scrap":3,"minecraft:stick":6,"minecraft:oxeye_daisy":4,"twigs:pebble":1,"minecraft:dirt":8,"ars_nouveau:worn_notebook":1,"origins:orb_of_origin":1,"immersive_armors:wooden_leggings":1,"irons_spellbooks:arcane_essence":7,"immersive_armors:wooden_chestplate":1,"twigs:twig":7,"minecraft:dandelion":1,"minecraft:iron_nugget":10,"alexsmobs:animal_dictionary":1,"minecraft:bowl":1,"forbidden_arcanus:cherry_peach":1,"aether:golden_gloves":1,"minecraft:wheat":1,"immersive_armors:wooden_boots":4,"minecraft:beetroot":10,"minecraft:carrot":66,"patchouli:guide_book":3,"minecraft:poppy":1,"minecraft:potato":70,"farmersdelight:flint_knife":1,"minecraft:oak_button":1,"minecraft:spruce_trapdoor":2,"minecraft:spruce_planks":6,"minecraft:beetroot_seeds":26,"minecraft:yellow_bed":1,"minecraft:oak_sapling":2,"minecraft:stone_pressure_plate":1,"minecraft:magma_block":14,"immersive_armors:wooden_helmet":1},"minecraft:broken":{"aether:golden_gloves":1,"minecraft:stone_sword":1,"minecraft:wooden_pickaxe":1,"minecraft:stone_pickaxe":4},"minecraft:killed":{"irons_spellbooks:summoned_zombie":3,"minecraft:spider":4,"enemyexpansion:equestrian":6,"enemyexpansion:direwolf":3,"minecraft:skeleton":8,"irons_spellbooks:summoned_skeleton":1,"enemyexpansion:goblin":1,"minecraft:pig":5,"minecraft:iron_golem":1,"mutantmonsters:mutant_skeleton":1,"irons_spellbooks:necromancer":4,"minecraft:sheep":2,"enemyexpansion:meature":1,"minecraft:zombie":17,"undead_unleashed:shadewraith":2,"enemyexpansion:botfly":9,"undead_unleashed:haunter":2},"minecraft:picked_up":{"minecraft:charcoal":2,"minecraft:wheat":51,"minecraft:crafting_table":2,"byg:soapstone":3,"decorative_blocks:spruce_support":2,"undead_unleashed:cursed_cloth":1,"irons_spellbooks:tarnished_helmet":1,"woodworks:spruce_chest":2,"ars_nouveau:archwood_planks":28,"mutantmonsters:mutant_skeleton_skull":1,"minecraft:string":5,"forbidden_arcanus:thin_cherry_log":16,"darkerdepths:shale":5,"minecraft:netherite_scrap":1,"minecraft:beetroot":10,"irons_spellbooks:arcane_essence":14,"minecraft:spruce_planks":6,"twigs:pebble":1,"delightful:acorn":1,"minecraft:iron_nugget":4,"minecraft:poppy":1,"minecraft:sugar_cane":9,"minecraft:chest":6,"minecraft:spruce_trapdoor":3,"minecraft:egg":16,"minecraft:furnace":1,"apotheosis:rare_material":5,"minecraft:raw_iron":42,"minecraft:stick":6,"apotheosis:gem":8,"minecraft:birch_trapdoor":2,"minecraft:torch":2,"minecraft:bowl":1,"minecraft:spruce_fence":2,"minecraft:porkchop":10,"majruszsaccessories:tamed_potato_beetle":1,"minecraft:carrot":66,"minecraft:redstone":4,"minecraft:stone_pressure_plate":1,"mutantmonsters:mutant_skeleton_pelvis":1,"minecraft:arrow":8,"minecraft:rotten_flesh":27,"minecraft:beetroot_seeds":26,"vinery:white_grape_seeds":2,"mutantmonsters:mutant_skeleton_rib":4,"forbidden_arcanus:cherry_peach":1,"mutantmonsters:mutant_skeleton_shoulder_pad":2,"minecraft:mutton":2,"minecraft:white_wool":2,"minecraft:cobblestone":752,"minecraft:oxeye_daisy":4,"minecraft:magma_block":14,"minecraft:potato":70,"minecraft:smoker":3,"forbidden_arcanus:cherry_sapling":5,"minecraft:cobblestone_wall":4,"farmersdelight:flint_knife":1,"ars_elemental:yellow_archwood_sapling":1,"minecraft:oak_log":6,"minecraft:yellow_bed":2,"minecraft:wither_skeleton_skull":1,"mutantmonsters:mutant_skeleton_limb":8,"minecraft:dirt":75,"minecraft:lapis_lazuli":23,"minecraft:stripped_birch_log":4,"minecraft:bone":12,"minecraft:wheat_seeds":171,"minecraft:raw_gold":20,"minecraft:moss_block":2,"twigs:twig":12,"minecraft:dandelion":1,"undead_unleashed:grave_metal_scrap":8,"minecraft:spruce_sapling":8,"minecraft:blast_furnace":1,"ars_elemental:yellow_archwood_log":55,"minecraft:spruce_log":39,"minecraft:spider_eye":1,"minecraft:granite":1,"minecraft:bread":13,"minecraft:baked_potato":5,"minecraft:oak_sapling":4,"immersive_armors:wooden_boots":3,"minecraft:coal":119},"minecraft:used":{"minecraft:moss_block":2,"minecraft:stone_sword":100,"minecraft:iron_shovel":41,"cisco_mod:adventurer_chestplate":1,"minecraft:chest":6,"minecraft:spruce_planks":2,"minecraft:shield":2,"minecraft:stone_hoe":20,"minecraft:stick":1,"woodworks:spruce_chest":3,"minecraft:torch":18,"decorative_blocks:spruce_support":2,"minecraft:dirt":26,"minecraft:cobblestone_wall":33,"minecraft:lava_bucket":2,"minecraft:iron_axe":63,"simplyswords:iron_longsword":32,"minecraft:birch_trapdoor":2,"minecraft:oak_sapling":2,"minecraft:furnace":2,"farmersdelight:cooked_mutton_chops":5,"minecraft:egg":16,"minecraft:cooked_beef":25,"vinery:white_grape_seeds":2,"immersive_armors:wooden_helmet":1,"minecraft:wheat_seeds":119,"minecraft:water_bucket":70,"minecraft:spruce_door":1,"minecraft:stripped_birch_log":3,"minecraft:stone_pickaxe":758,"minecraft:oak_planks":1,"minecraft:wooden_pickaxe":59,"minecraft:spruce_sign":1,"minecraft:crafting_table":4,"minecraft:blast_furnace":1,"mutantmonsters:mutant_skeleton_skull":1,"minecraft:spruce_log":3,"minecraft:smoker":4,"farmersdelight:smoked_ham":1,"simplyswords:iron_greathammer":343,"farmersdelight:bacon_and_eggs":5,"minecraft:oak_button":1,"minecraft:iron_pickaxe":241,"minecraft:spruce_trapdoor":2,"minecraft:spruce_sapling":3,"byg:soapstone":3,"minecraft:golden_leggings":1,"minecraft:stone_axe":72,"minecraft:wooden_sword":9,"minecraft:cobblestone":24,"forbidden_arcanus:cherry_sapling":5,"minecraft:cooked_porkchop":3,"minecraft:bucket":72,"minecraft:yellow_bed":1,"delightful:acorn":1},"minecraft:custom":{"enigmaticlegacy:play_time_with_seven_curses":0,"lootr:looted_stat":13,"minecraft:mob_kills":73,"minecraft:animals_bred":3,"minecraft:interact_with_crafting_table":43,"minecraft:open_barrel":3,"goblintraders:trade_with_goblin":60,"minecraft:damage_dealt_resisted":0,"minecraft:leave_game":9,"minecraft:time_since_death":73074,"minecraft:climb_one_cm":11414,"minecraft:damage_resisted":0,"minecraft:sprint_one_cm":429175,"minecraft:walk_one_cm":302353,"minecraft:damage_blocked_by_shield":40,"minecraft:drop":59,"minecraft:talked_to_villager":1,"minecraft:sneak_time":5187,"minecraft:play_time":139769,"minecraft:deaths":1,"minecraft:walk_under_water_one_cm":28491,"minecraft:jump":2274,"minecraft:interact_with_blast_furnace":8,"minecraft:walk_on_water_one_cm":31967,"minecraft:total_world_time":139769,"minecraft:interact_with_furnace":20,"enigmaticlegacy:play_time_without_seven_curses":139738,"minecraft:sleep_in_bed":4,"minecraft:time_since_rest":26755,"minecraft:waystone_activated":1,"minecraft:damage_taken":5441,"minecraft:damage_dealt":47613,"minecraft:swim_one_cm":77812,"minecraft:fly_one_cm":301023,"minecraft:open_chest":127,"minecraft:crouch_one_cm":9730,"minecraft:interact_with_smoker":36,"minecraft:fall_one_cm":50430},"minecraft:crafted":{"minecraft:oak_planks":24,"ars_nouveau:archwood_planks":220,"minecraft:furnace":1,"minecraft:cooked_mutton":3,"minecraft:spruce_slab":18,"minecraft:stone_pickaxe":12,"minecraft:cobblestone_wall":54,"minecraft:oak_button":1,"minecraft:stone_hoe":1,"minecraft:smoker":1,"minecraft:cooked_beef":4,"farmersdelight:cooked_mutton_chops":0,"minecraft:emerald":20,"minecraft:cooked_porkchop":6,"minecraft:crafting_table":2,"minecraft:spruce_planks":128,"minecraft:baked_potato":5,"minecraft:iron_helmet":1,"farmersdelight:smoked_ham":1,"simplyswords:iron_greathammer":1,"minecraft:stone_axe":1,"farmersdelight:beef_patty":12,"minecraft:air":0,"minecraft:spruce_trapdoor":2,"forbidden_arcanus:cherry_planks":32,"cisco_mod:adventurer_chestplate":1,"minecraft:iron_chestplate":1,"minecraft:stick":34,"minecraft:iron_ingot":66,"minecraft:iron_pickaxe":1,"minecraft:stone_sword":2,"minecraft:gold_ingot":30,"minecraft:torch":44}},"DataVersion":3120}