{"stats":{"minecraft:killed_by":{"minecraft:skeleton":1,"twilightforest:pinch_beetle":1},"minecraft:mined":{"minecraft:spruce_trapdoor":1,"minecraft:granite":1,"minecraft:grass_block":98,"twigs:twig":1,"minecraft:hopper":1,"minecraft:oxeye_daisy":2,"minecraft:spawner":7,"minecraft:magma_block":25,"minecraft:glowstone":6,"forbidden_arcanus:thin_cherry_log":16,"minecraft:iron_ore":103,"minecraft:fire":4,"minecraft:cobbled_deepslate":5,"minecraft:deepslate_lapis_ore":4,"forbidden_arcanus:cherry_leaves":11,"supplementaries:stick":1,"darkerdepths:shale":40,"minecraft:dirt_path":2,"minecraft:spruce_slab":3,"lootr:lootr_chest":4,"minecraft:smoker":3,"woodworks:spruce_chest":2,"minecraft:blast_furnace":1,"undead_unleashed:grave_soil":1,"minecraft:chest":2,"twilightforest:twilight_oak_log":10,"minecraft:oak_planks":2,"minecraft:sugar_cane":6,"vinery:white_grape_bush":1,"minecraft:wall_torch":3,"byg:soapstone":3,"minecraft:wheat":73,"minecraft:birch_trapdoor":2,"twilightforest:root":5,"twilightforest:twilight_oak_planks":1,"minecraft:grass":45,"minecraft:oak_log":6,"minecraft:beetroots":10,"minecraft:dirt":197,"twigs:rhyolite":1,"minecraft:deepslate":96,"minecraft:tuff":8,"minecraft:deepslate_diamond_ore":2,"minecraft:stripped_birch_log":4,"minecraft:spruce_fence":2,"minecraft:birch_slab":1,"minecraft:spruce_leaves":118,"minecraft:moss_block":2,"twilightforest:mushgloom":1,"minecraft:redstone_ore":1,"forbidden_arcanus:deepslate_arcane_crystal_ore":12,"minecraft:furnace":1,"minecraft:carrots":17,"iter_rpg:small_vase":1,"minecraft:andesite":77,"twilightforest:twilight_oak_leaves":1,"minecraft:potatoes":16,"minecraft:deepslate_iron_ore":30,"minecraft:stone":2577,"galosphere:deepslate_silver_ore":9,"minecraft:dandelion":1,"minecraft:crafting_table":4,"minecraft:campfire":1,"minecraft:copper_ore":83,"minecraft:tall_grass":2,"minecraft:deepslate_gold_ore":25,"minecraft:lapis_ore":4,"ars_elemental:yellow_archwood_log":55,"twilightforest:mayapple":1,"supplementaries:urn":3,"minecraft:birch_planks":2,"minecraft:cobblestone_wall":4,"minecraft:spruce_log":39,"decorative_blocks:spruce_support":2,"minecraft:yellow_bed":1,"minecraft:coal_ore":145,"minecraft:gold_ore":35},"minecraft:dropped":{"byg:biomepedia":1,"undead_unleashed:grave_metal_chestplate":1,"minecraft:lapis_lazuli":14,"ars_elemental:yellow_archwood_sapling":1,"minecraft:baked_potato":10,"minecraft:diamond":2,"undead_unleashed:grave_metal_scrap":7,"twigs:pebble":1,"minecraft:dirt":57,"immersive_armors:wooden_leggings":1,"irons_spellbooks:arcane_essence":7,"minecraft:iron_pickaxe":2,"immersive_armors:wooden_chestplate":1,"twigs:twig":7,"minecraft:bone":3,"minecraft:green_wool":1,"minecraft:sugar_cane":3,"minecraft:iron_nugget":10,"minecraft:cobbled_deepslate":45,"alexsmobs:animal_dictionary":1,"minecraft:yellow_wool":1,"aether:golden_gloves":1,"minecraft:wheat":1,"immersive_armors:wooden_boots":4,"minecraft:beetroot":10,"minecraft:oak_planks":2,"minecraft:glowstone_dust":21,"twilightforest:torchberries":2,"minecraft:carrot":66,"patchouli:guide_book":3,"minecraft:poppy":1,"minecraft:rabbit_hide":1,"minecraft:leather_chestplate":1,"minecraft:gunpowder":8,"minecraft:beetroot_seeds":26,"minecraft:hopper":1,"apotheosis:gem":5,"minecraft:leather_leggings":2,"minecraft:stone_hoe":1,"minecraft:iron_ingot":35,"minecraft:bread":26,"minecraft:wheat_seeds":44,"twilightforest:canopy_sapling":1,"majruszsaccessories:adventurer_kit":1,"minecraft:cobblestone":56,"minecraft:copper_ingot":12,"minecraft:stick":10,"minecraft:oxeye_daisy":4,"ars_nouveau:worn_notebook":1,"origins:orb_of_origin":1,"minecraft:torch":1,"minecraft:brown_wool":1,"minecraft:string":5,"minecraft:dandelion":1,"minecraft:redstone":4,"twigs:rhyolite":1,"minecraft:raw_copper":64,"minecraft:bowl":1,"forbidden_arcanus:cherry_peach":1,"minecraft:potato":70,"minecraft:shield":1,"farmersdelight:flint_knife":1,"minecraft:oak_button":1,"minecraft:spruce_trapdoor":2,"minecraft:spruce_planks":6,"minecraft:iron_chestplate":1,"minecraft:andesite":64,"minecraft:yellow_bed":1,"minecraft:oak_sapling":2,"simplyswords:iron_longsword":1,"minecraft:stone_pressure_plate":1,"minecraft:slime_ball":2,"minecraft:raw_gold":17,"minecraft:magma_block":14,"immersive_armors:wooden_helmet":1,"simplyswords:iron_greathammer":1},"minecraft:broken":{"aether:golden_gloves":1,"minecraft:golden_leggings":1,"minecraft:stone_pickaxe":4,"minecraft:stone_sword":1,"simplyswords:iron_greathammer":1,"aether:iron_gloves":1,"minecraft:wooden_pickaxe":1,"minecraft:iron_pickaxe":5},"minecraft:killed":{"enemyexpansion:equestrian":7,"minecraft:spider":4,"minecraft:skeleton":13,"irons_spellbooks:summoned_skeleton":1,"minecraft:skeleton_horse":1,"enemyexpansion:vampflyer":4,"twilightforest:slime_beetle":1,"minecraft:pig":5,"minecraft:iron_golem":1,"mutantmonsters:mutant_skeleton":1,"irons_spellbooks:necromancer":4,"twilightforest:skeleton_druid":2,"minecraft:creeper":1,"minecraft:sheep":2,"twilightforest:redcap":2,"enemyexpansion:meature":1,"minecraft:zombie":24,"undead_unleashed:shadewraith":2,"enemyexpansion:vampire":1,"enemyexpansion:botfly":9,"undead_unleashed:haunter":2,"twilightforest:deer":6,"savage_and_ravage:skeleton_villager":1,"irons_spellbooks:summoned_zombie":3,"enemyexpansion:direwolf":3,"minecraft:horse":2,"twilightforest:swarm_spider":2,"enemyexpansion:goblin":2,"twilightforest:kobold":4,"twilightforest:redcap_sapper":1,"majruszsdifficulty:cursed_armor":3,"twilightforest:bighorn_sheep":4},"minecraft:picked_up":{"minecraft:iron_chestplate":1,"minecraft:wheat":51,"minecraft:yellow_wool":1,"undead_unleashed:cursed_cloth":1,"minecraft:brown_bed":2,"undead_unleashed:grave_metal_chestplate":1,"minecraft:raw_copper":129,"minecraft:string":12,"mutantmonsters:mutant_skeleton_skull":1,"darkerdepths:shale":35,"minecraft:experience_bottle":1,"minecraft:beetroot":10,"irons_spellbooks:arcane_essence":14,"minecraft:cobbled_deepslate":127,"delightful:acorn":1,"twigs:pebble":1,"minecraft:spruce_planks":6,"minecraft:iron_pickaxe":2,"minecraft:furnace":1,"minecraft:stick":9,"apotheosis:gem":26,"apotheosis:rare_material":5,"twilightforest:fiery_chestplate":1,"minecraft:birch_trapdoor":2,"minecraft:torch":8,"minecraft:porkchop":10,"majruszsaccessories:tamed_potato_beetle":1,"majruszsaccessories:dream_catcher":1,"mutantmonsters:mutant_skeleton_pelvis":1,"minecraft:stone_sword":1,"minecraft:rotten_flesh":28,"minecraft:green_wool":1,"forbidden_arcanus:cherry_peach":1,"mutantmonsters:mutant_skeleton_shoulder_pad":2,"minecraft:cobblestone":2034,"minecraft:magma_block":14,"minecraft:leather_chestplate":1,"twilightforest:twilight_oak_log":10,"minecraft:andesite":71,"minecraft:brown_wool":1,"twilightforest:fiery_helmet":1,"minecraft:smoker":3,"minecraft:potato":70,"ars_elemental:yellow_archwood_sapling":1,"minecraft:wither_skeleton_skull":1,"minecraft:stripped_birch_log":4,"minecraft:lapis_lazuli":109,"minecraft:dirt":238,"twilightforest:canopy_sapling":2,"minecraft:bone":29,"minecraft:wheat_seeds":174,"minecraft:raw_gold":85,"minecraft:glowstone_dust":21,"twigs:twig":12,"galosphere:raw_silver":9,"minecraft:moss_block":2,"minecraft:oak_planks":2,"twilightforest:mushgloom":1,"ars_elemental:yellow_archwood_log":55,"simplyswords:iron_greathammer":1,"minecraft:diamond":13,"minecraft:granite":1,"minecraft:bread":13,"minecraft:emerald":13,"minecraft:oak_sapling":4,"twigs:rhyolite":1,"twilightforest:torchberries":6,"iter_rpg:spawner_fragment":2,"sophisticatedbackpacks:gold_backpack":1,"minecraft:charcoal":2,"minecraft:crafting_table":4,"byg:soapstone":3,"decorative_blocks:spruce_support":2,"minecraft:leather_leggings":2,"irons_spellbooks:tarnished_helmet":1,"minecraft:shield":1,"woodworks:spruce_chest":2,"ars_nouveau:archwood_planks":28,"forbidden_arcanus:thin_cherry_log":16,"minecraft:netherite_scrap":1,"minecraft:iron_nugget":4,"minecraft:poppy":1,"minecraft:spruce_slab":3,"minecraft:sugar_cane":12,"minecraft:chest":6,"minecraft:spruce_trapdoor":3,"minecraft:egg":16,"minecraft:raw_iron":131,"minecraft:copper_ingot":1,"minecraft:bowl":1,"minecraft:spruce_fence":2,"minecraft:carrot":66,"minecraft:redstone":12,"minecraft:stone_pressure_plate":1,"minecraft:arrow":17,"minecraft:beetroot_seeds":26,"majruszsaccessories:lucky_rock":2,"vinery:white_grape_seeds":2,"mutantmonsters:mutant_skeleton_rib":4,"minecraft:mutton":9,"forbidden_arcanus:spawner_scrap":4,"minecraft:white_wool":2,"minecraft:oxeye_daisy":4,"minecraft:leather":7,"forbidden_arcanus:cherry_sapling":5,"minecraft:oak_log":6,"minecraft:yellow_bed":2,"minecraft:cobblestone_wall":4,"minecraft:gunpowder":8,"farmersdelight:flint_knife":1,"mutantmonsters:mutant_skeleton_limb":8,"twilightforest:twilight_oak_planks":1,"minecraft:rabbit_hide":1,"minecraft:iron_ingot":34,"apotheosis:gem_dust":3,"minecraft:dandelion":1,"undead_unleashed:grave_metal_scrap":15,"minecraft:spruce_sapling":8,"minecraft:blast_furnace":1,"minecraft:spruce_log":39,"minecraft:spider_eye":1,"forbidden_arcanus:arcane_crystal":12,"minecraft:slime_ball":2,"minecraft:baked_potato":5,"immersive_armors:wooden_boots":3,"minecraft:coal":141,"minecraft:hopper":1},"minecraft:used":{"minecraft:moss_block":2,"minecraft:iron_shovel":113,"cisco_mod:adventurer_chestplate":1,"minecraft:chest":6,"minecraft:shield":9,"twilightforest:canopy_sapling":1,"minecraft:rotten_flesh":3,"decorative_blocks:spruce_support":2,"minecraft:lava_bucket":2,"twilightforest:twilight_oak_planks":2,"simplyswords:iron_longsword":35,"minecraft:birch_trapdoor":2,"minecraft:furnace":2,"minecraft:oak_sapling":2,"minecraft:egg":16,"vinery:white_grape_seeds":2,"immersive_armors:wooden_helmet":1,"minecraft:spruce_door":1,"minecraft:stripped_birch_log":3,"minecraft:oak_planks":1,"minecraft:stone_pickaxe":890,"minecraft:wooden_pickaxe":59,"minecraft:blast_furnace":1,"mutantmonsters:mutant_skeleton_skull":1,"simplyswords:iron_greathammer":707,"minecraft:wooden_sword":9,"forbidden_arcanus:cherry_sapling":5,"delightful:acorn":1,"minecraft:experience_bottle":1,"minecraft:stone_sword":100,"minecraft:spruce_planks":2,"minecraft:stone_hoe":20,"woodworks:spruce_chest":3,"minecraft:stick":1,"minecraft:torch":100,"minecraft:dirt":33,"minecraft:cobblestone_wall":33,"farmersdelight:beef_patty":12,"minecraft:iron_axe":85,"farmersdelight:cooked_mutton_chops":5,"minecraft:cooked_beef":44,"minecraft:cobbled_deepslate":33,"minecraft:brown_bed":1,"minecraft:wheat_seeds":119,"minecraft:water_bucket":84,"minecraft:spruce_sign":1,"minecraft:crafting_table":7,"minecraft:smoker":4,"minecraft:spruce_log":3,"farmersdelight:smoked_ham":1,"farmersdelight:bacon_and_eggs":5,"darkerdepths:shale":4,"minecraft:oak_button":1,"minecraft:iron_pickaxe":2376,"minecraft:spruce_trapdoor":2,"byg:soapstone":3,"minecraft:spruce_sapling":3,"minecraft:golden_leggings":1,"minecraft:stone_axe":72,"minecraft:cobblestone":89,"minecraft:cooked_porkchop":6,"minecraft:bucket":85,"minecraft:yellow_bed":1},"minecraft:custom":{"enigmaticlegacy:play_time_with_seven_curses":0,"lootr:looted_stat":18,"minecraft:animals_bred":3,"minecraft:interact_with_crafting_table":54,"minecraft:open_barrel":3,"goblintraders:trade_with_goblin":60,"minecraft:leave_game":9,"minecraft:time_since_death":3050,"minecraft:damage_resisted":63,"minecraft:sprint_one_cm":805824,"minecraft:damage_blocked_by_shield":134,"minecraft:drop":115,"minecraft:talked_to_villager":1,"minecraft:play_time":223769,"minecraft:deaths":3,"minecraft:jump":3932,"minecraft:walk_on_water_one_cm":53421,"minecraft:interact_with_furnace":32,"minecraft:sleep_in_bed":8,"minecraft:waystone_activated":1,"minecraft:damage_dealt":78501,"minecraft:crouch_one_cm":19848,"minecraft:interact_with_smoker":43,"minecraft:mob_kills":120,"minecraft:inspect_hopper":1,"minecraft:damage_dealt_resisted":630,"minecraft:climb_one_cm":26133,"minecraft:walk_one_cm":475071,"twilightforest:keeping_charms_activated":1,"minecraft:damage_dealt_absorbed":80,"minecraft:sneak_time":8512,"minecraft:walk_under_water_one_cm":36048,"minecraft:interact_with_blast_furnace":14,"minecraft:total_world_time":223769,"enigmaticlegacy:play_time_without_seven_curses":223659,"minecraft:time_since_rest":3097,"minecraft:damage_taken":9747,"minecraft:swim_one_cm":84230,"minecraft:fly_one_cm":531188,"minecraft:open_chest":179,"minecraft:fall_one_cm":90836},"minecraft:crafted":{"minecraft:oak_planks":24,"ars_nouveau:archwood_planks":220,"minecraft:cooked_mutton":10,"minecraft:oak_button":1,"minecraft:stone_hoe":1,"minecraft:smoker":1,"minecraft:emerald":20,"minecraft:cooked_porkchop":6,"minecraft:crafting_table":4,"minecraft:spruce_planks":128,"minecraft:iron_helmet":1,"minecraft:baked_potato":5,"minecraft:copper_ingot":22,"farmersdelight:smoked_ham":1,"farmersdelight:beef_patty":12,"minecraft:spruce_trapdoor":2,"cisco_mod:adventurer_chestplate":1,"minecraft:iron_chestplate":1,"minecraft:stick":58,"minecraft:iron_ingot":100,"minecraft:iron_pickaxe":5,"minecraft:stone_sword":2,"minecraft:gold_ingot":39,"minecraft:furnace":1,"twilightforest:twilight_oak_planks":40,"minecraft:spruce_slab":18,"minecraft:stone_pickaxe":13,"minecraft:cobblestone_wall":54,"minecraft:cooked_beef":4,"farmersdelight:cooked_mutton_chops":0,"minecraft:stone_axe":1,"simplyswords:iron_greathammer":1,"minecraft:air":0,"forbidden_arcanus:cherry_planks":32,"minecraft:torch":140}},"DataVersion":3120}