{"stats":{"minecraft:mined":{"minecraft:grass":2,"minecraft:oak_log":6},"minecraft:picked_up":{"minecraft:oak_log":6,"twigs:twig":1,"minecraft:oak_sapling":2,"delightful:acorn":1},"minecraft:crafted":{"minecraft:oak_planks":24},"minecraft:custom":{"minecraft:jump":14,"minecraft:time_since_rest":14856,"enigmaticlegacy:play_time_with_seven_curses":0,"minecraft:damage_dealt":10,"minecraft:damage_taken":168,"minecraft:leave_game":6,"minecraft:sprint_one_cm":1939,"minecraft:play_time":14856,"minecraft:time_since_death":14856,"minecraft:walk_one_cm":2888,"enigmaticlegacy:play_time_without_seven_curses":14856,"minecraft:total_world_time":14856,"minecraft:climb_one_cm":42,"minecraft:mob_kills":1,"minecraft:fall_one_cm":335,"minecraft:fly_one_cm":1038}},"DataVersion":3120}