{"stats":{"minecraft:mined":{"minecraft:grass":2,"minecraft:oak_log":6},"minecraft:picked_up":{"minecraft:oak_log":6,"twigs:twig":1,"minecraft:oak_sapling":2,"delightful:acorn":1},"minecraft:crafted":{"minecraft:oak_planks":24},"minecraft:custom":{"minecraft:jump":21,"minecraft:time_since_rest":16962,"enigmaticlegacy:play_time_with_seven_curses":0,"minecraft:damage_dealt":10,"minecraft:damage_taken":168,"minecraft:leave_game":8,"minecraft:sprint_one_cm":2041,"minecraft:play_time":16962,"minecraft:time_since_death":16962,"minecraft:walk_one_cm":3651,"enigmaticlegacy:play_time_without_seven_curses":16962,"minecraft:total_world_time":16962,"minecraft:climb_one_cm":42,"minecraft:mob_kills":1,"minecraft:fall_one_cm":335,"minecraft:fly_one_cm":1281},"minecraft:used":{"minecraft:oak_planks":1}},"DataVersion":3120}