{"stats":{"minecraft:mined":{"lootr:lootr_chest":4,"minecraft:smoker":2,"minecraft:crafting_table":2,"minecraft:blast_furnace":1,"undead_unleashed:grave_soil":1,"minecraft:grass_block":2,"minecraft:chest":2,"twigs:twig":1,"minecraft:spruce_leaves":118,"vinery:white_grape_bush":1,"minecraft:furnace":1,"minecraft:iron_ore":5,"minecraft:birch_trapdoor":1,"minecraft:spruce_log":15,"minecraft:yellow_bed":1,"minecraft:grass":2,"minecraft:coal_ore":47,"minecraft:oak_log":6,"minecraft:dirt":4,"minecraft:stone":59},"minecraft:dropped":{"byg:biomepedia":1,"minecraft:iron_nugget":4,"alexsmobs:animal_dictionary":1,"minecraft:bowl":1,"aether:golden_gloves":1,"patchouli:guide_book":3,"minecraft:stick":5,"ars_nouveau:worn_notebook":1,"origins:orb_of_origin":1,"minecraft:oak_button":1,"minecraft:oak_sapling":2,"minecraft:stone_pressure_plate":1,"twigs:twig":7},"minecraft:broken":{"minecraft:stone_sword":1,"minecraft:wooden_pickaxe":1},"minecraft:killed":{"minecraft:pig":5,"minecraft:sheep":2,"minecraft:skeleton":1},"minecraft:picked_up":{"minecraft:crafting_table":2,"minecraft:smoker":2,"minecraft:oak_log":6,"minecraft:yellow_bed":1,"minecraft:dirt":6,"minecraft:bone":1,"delightful:acorn":1,"minecraft:iron_nugget":4,"twigs:twig":7,"minecraft:chest":6,"minecraft:furnace":1,"minecraft:stick":4,"minecraft:raw_iron":5,"apotheosis:gem":2,"minecraft:birch_trapdoor":1,"minecraft:bowl":1,"minecraft:porkchop":10,"minecraft:spruce_sapling":8,"minecraft:blast_furnace":1,"minecraft:spruce_log":15,"minecraft:stone_pressure_plate":1,"minecraft:arrow":2,"vinery:white_grape_seeds":2,"minecraft:oak_sapling":2,"minecraft:cobblestone":59,"minecraft:mutton":2,"minecraft:coal":47,"minecraft:white_wool":2},"minecraft:used":{"minecraft:stone_sword":84,"minecraft:oak_planks":1,"minecraft:stone_pickaxe":57,"minecraft:chest":6,"minecraft:wooden_pickaxe":59,"minecraft:spruce_sign":1,"minecraft:dirt":1,"minecraft:crafting_table":3,"minecraft:blast_furnace":1,"minecraft:smoker":3,"farmersdelight:bacon_and_eggs":5,"minecraft:spruce_sapling":3,"minecraft:golden_leggings":1,"minecraft:stone_axe":9,"minecraft:wooden_sword":9,"minecraft:furnace":2,"minecraft:cooked_porkchop":2,"immersive_armors:wooden_helmet":1,"vinery:white_grape_seeds":2,"delightful:acorn":1},"minecraft:custom":{"enigmaticlegacy:play_time_with_seven_curses":0,"lootr:looted_stat":7,"minecraft:interact_with_furnace":4,"minecraft:mob_kills":9,"enigmaticlegacy:play_time_without_seven_curses":49769,"minecraft:interact_with_crafting_table":15,"minecraft:open_barrel":3,"minecraft:damage_dealt_resisted":0,"minecraft:leave_game":9,"minecraft:time_since_death":49769,"minecraft:climb_one_cm":4067,"minecraft:damage_resisted":0,"minecraft:time_since_rest":49769,"minecraft:waystone_activated":1,"minecraft:sprint_one_cm":129633,"minecraft:damage_taken":869,"minecraft:walk_one_cm":65537,"minecraft:drop":18,"minecraft:damage_dealt":1927,"minecraft:swim_one_cm":22998,"minecraft:fly_one_cm":87774,"minecraft:open_chest":4,"minecraft:crouch_one_cm":1082,"minecraft:play_time":49769,"minecraft:sneak_time":452,"minecraft:walk_under_water_one_cm":3800,"minecraft:jump":764,"minecraft:walk_on_water_one_cm":7431,"minecraft:total_world_time":49769,"minecraft:interact_with_smoker":5,"minecraft:fall_one_cm":16558},"minecraft:crafted":{"minecraft:oak_planks":24,"minecraft:cooked_porkchop":2,"minecraft:crafting_table":2,"minecraft:spruce_planks":44,"minecraft:furnace":1,"minecraft:stone_axe":1,"minecraft:air":0,"minecraft:iron_ingot":2,"minecraft:stone_pickaxe":1,"minecraft:stone_sword":2,"minecraft:smoker":1}},"DataVersion":3120}