{"stats":{"minecraft:mined":{"minecraft:grass":2,"minecraft:oak_log":6,"minecraft:iron_ore":1,"minecraft:spruce_leaves":64,"minecraft:spruce_log":7,"minecraft:stone":59},"minecraft:dropped":{"byg:biomepedia":1,"origins:orb_of_origin":1,"alexsmobs:animal_dictionary":1,"patchouli:guide_book":3},"minecraft:broken":{"minecraft:wooden_pickaxe":1},"minecraft:picked_up":{"minecraft:raw_iron":1,"delightful:acorn":1,"minecraft:spruce_sapling":2,"minecraft:oak_log":6,"minecraft:spruce_log":7,"minecraft:oak_sapling":2,"twigs:twig":5,"minecraft:cobblestone":59},"minecraft:used":{"minecraft:crafting_table":1,"minecraft:stone_pickaxe":1,"minecraft:oak_planks":1,"minecraft:wooden_pickaxe":59,"minecraft:spruce_sapling":2,"delightful:acorn":1,"immersive_armors:wooden_helmet":1},"minecraft:custom":{"minecraft:time_since_rest":25769,"enigmaticlegacy:play_time_with_seven_curses":0,"minecraft:play_time":25769,"minecraft:sprint_one_cm":13547,"minecraft:damage_taken":208,"minecraft:walk_one_cm":8593,"minecraft:sneak_time":2,"minecraft:mob_kills":1,"minecraft:drop":6,"minecraft:jump":121,"minecraft:damage_dealt":10,"minecraft:leave_game":9,"minecraft:time_since_death":25769,"minecraft:climb_one_cm":485,"enigmaticlegacy:play_time_without_seven_curses":25769,"minecraft:total_world_time":25769,"minecraft:interact_with_crafting_table":2,"minecraft:fall_one_cm":2611,"minecraft:fly_one_cm":17044},"minecraft:crafted":{"minecraft:oak_planks":24,"minecraft:crafting_table":1,"minecraft:stone_pickaxe":1}},"DataVersion":3120}