{"stats":{"minecraft:mined":{"minecraft:stripped_birch_log":2,"minecraft:spruce_trapdoor":1,"minecraft:granite":1,"minecraft:grass_block":6,"twigs:twig":1,"minecraft:birch_slab":1,"minecraft:spruce_leaves":118,"minecraft:redstone_ore":1,"minecraft:magma_block":14,"minecraft:furnace":1,"iter_rpg:small_vase":1,"forbidden_arcanus:thin_cherry_log":16,"minecraft:iron_ore":46,"forbidden_arcanus:cherry_leaves":11,"darkerdepths:shale":5,"minecraft:deepslate_iron_ore":6,"minecraft:dirt_path":2,"minecraft:stone":825,"lootr:lootr_chest":4,"minecraft:smoker":3,"woodworks:spruce_chest":2,"minecraft:crafting_table":2,"minecraft:blast_furnace":1,"undead_unleashed:grave_soil":1,"minecraft:chest":2,"minecraft:campfire":1,"minecraft:lapis_ore":4,"minecraft:deepslate_gold_ore":8,"minecraft:sugar_cane":2,"ars_elemental:yellow_archwood_log":55,"minecraft:wall_torch":2,"vinery:white_grape_bush":1,"minecraft:birch_planks":2,"byg:soapstone":3,"minecraft:birch_trapdoor":2,"minecraft:spruce_log":33,"minecraft:yellow_bed":1,"minecraft:grass":3,"minecraft:oak_log":6,"minecraft:coal_ore":115,"minecraft:dirt":10,"minecraft:gold_ore":12},"minecraft:dropped":{"minecraft:iron_ingot":1,"byg:biomepedia":1,"majruszsaccessories:adventurer_kit":1,"minecraft:stick":5,"minecraft:dirt":8,"ars_nouveau:worn_notebook":1,"origins:orb_of_origin":1,"irons_spellbooks:arcane_essence":7,"twigs:twig":7,"minecraft:iron_nugget":4,"alexsmobs:animal_dictionary":1,"minecraft:bowl":1,"aether:golden_gloves":1,"patchouli:guide_book":3,"minecraft:oak_button":1,"minecraft:spruce_trapdoor":2,"minecraft:spruce_planks":6,"minecraft:oak_sapling":2,"minecraft:stone_pressure_plate":1,"minecraft:magma_block":14},"minecraft:broken":{"aether:golden_gloves":1,"minecraft:stone_sword":1,"minecraft:wooden_pickaxe":1,"minecraft:stone_pickaxe":4},"minecraft:killed":{"irons_spellbooks:summoned_zombie":3,"minecraft:spider":1,"enemyexpansion:equestrian":4,"enemyexpansion:direwolf":3,"minecraft:skeleton":3,"irons_spellbooks:summoned_skeleton":1,"enemyexpansion:goblin":1,"minecraft:pig":5,"minecraft:iron_golem":1,"irons_spellbooks:necromancer":4,"minecraft:sheep":2,"enemyexpansion:meature":1,"minecraft:zombie":3,"enemyexpansion:botfly":1},"minecraft:picked_up":{"minecraft:charcoal":2,"minecraft:crafting_table":2,"byg:soapstone":3,"irons_spellbooks:tarnished_helmet":1,"woodworks:spruce_chest":2,"ars_nouveau:archwood_planks":28,"minecraft:string":1,"forbidden_arcanus:thin_cherry_log":16,"darkerdepths:shale":5,"irons_spellbooks:arcane_essence":14,"minecraft:spruce_planks":6,"twigs:pebble":1,"delightful:acorn":1,"minecraft:iron_nugget":4,"minecraft:poppy":1,"minecraft:sugar_cane":9,"minecraft:chest":6,"minecraft:spruce_trapdoor":3,"minecraft:egg":2,"minecraft:furnace":1,"minecraft:raw_iron":42,"minecraft:stick":4,"apotheosis:gem":8,"minecraft:birch_trapdoor":2,"minecraft:torch":2,"minecraft:bowl":1,"minecraft:porkchop":10,"minecraft:redstone":4,"minecraft:stone_pressure_plate":1,"minecraft:arrow":5,"minecraft:rotten_flesh":10,"vinery:white_grape_seeds":2,"forbidden_arcanus:cherry_peach":1,"minecraft:mutton":2,"minecraft:white_wool":2,"minecraft:cobblestone":752,"minecraft:magma_block":14,"minecraft:smoker":3,"forbidden_arcanus:cherry_sapling":5,"ars_elemental:yellow_archwood_sapling":1,"minecraft:oak_log":6,"minecraft:yellow_bed":1,"minecraft:dirt":34,"minecraft:lapis_lazuli":23,"minecraft:stripped_birch_log":2,"minecraft:bone":5,"minecraft:raw_gold":20,"twigs:twig":12,"undead_unleashed:grave_metal_scrap":2,"minecraft:spruce_sapling":8,"minecraft:blast_furnace":1,"ars_elemental:yellow_archwood_log":55,"minecraft:spruce_log":33,"minecraft:granite":1,"minecraft:oak_sapling":2,"minecraft:coal":119},"minecraft:used":{"minecraft:stone_sword":100,"cisco_mod:adventurer_chestplate":1,"minecraft:chest":6,"minecraft:spruce_planks":2,"woodworks:spruce_chest":3,"minecraft:torch":12,"minecraft:dirt":7,"minecraft:lava_bucket":2,"minecraft:iron_axe":55,"minecraft:birch_trapdoor":2,"minecraft:furnace":2,"minecraft:egg":2,"minecraft:cooked_beef":13,"vinery:white_grape_seeds":2,"immersive_armors:wooden_helmet":1,"minecraft:water_bucket":66,"minecraft:spruce_door":1,"minecraft:stripped_birch_log":1,"minecraft:stone_pickaxe":758,"minecraft:oak_planks":1,"minecraft:wooden_pickaxe":59,"minecraft:spruce_sign":1,"minecraft:crafting_table":4,"minecraft:blast_furnace":1,"minecraft:spruce_log":1,"minecraft:smoker":4,"simplyswords:iron_greathammer":64,"farmersdelight:bacon_and_eggs":5,"minecraft:oak_button":1,"minecraft:iron_pickaxe":237,"minecraft:spruce_trapdoor":1,"minecraft:spruce_sapling":3,"byg:soapstone":3,"minecraft:golden_leggings":1,"minecraft:stone_axe":66,"minecraft:wooden_sword":9,"minecraft:cobblestone":24,"forbidden_arcanus:cherry_sapling":5,"minecraft:cooked_porkchop":2,"minecraft:bucket":68,"delightful:acorn":1},"minecraft:custom":{"enigmaticlegacy:play_time_with_seven_curses":0,"lootr:looted_stat":12,"minecraft:mob_kills":35,"minecraft:interact_with_crafting_table":38,"minecraft:open_barrel":3,"goblintraders:trade_with_goblin":60,"minecraft:damage_dealt_resisted":0,"minecraft:leave_game":9,"minecraft:time_since_death":37074,"minecraft:climb_one_cm":8836,"minecraft:damage_resisted":0,"minecraft:sprint_one_cm":298977,"minecraft:walk_one_cm":161006,"minecraft:drop":26,"minecraft:talked_to_villager":1,"minecraft:sneak_time":4076,"minecraft:play_time":103769,"minecraft:deaths":1,"minecraft:walk_under_water_one_cm":28491,"minecraft:jump":1698,"minecraft:interact_with_blast_furnace":8,"minecraft:walk_on_water_one_cm":22646,"minecraft:total_world_time":103769,"minecraft:interact_with_furnace":12,"enigmaticlegacy:play_time_without_seven_curses":103738,"minecraft:sleep_in_bed":3,"minecraft:time_since_rest":25455,"minecraft:waystone_activated":1,"minecraft:damage_taken":2844,"minecraft:damage_dealt":12969,"minecraft:swim_one_cm":77812,"minecraft:fly_one_cm":223065,"minecraft:open_chest":68,"minecraft:crouch_one_cm":7882,"minecraft:interact_with_smoker":24,"minecraft:fall_one_cm":42820},"minecraft:crafted":{"minecraft:oak_planks":24,"ars_nouveau:archwood_planks":220,"minecraft:furnace":1,"minecraft:cooked_mutton":3,"minecraft:spruce_slab":18,"minecraft:stone_pickaxe":12,"minecraft:oak_button":1,"minecraft:smoker":1,"farmersdelight:cooked_mutton_chops":0,"minecraft:emerald":20,"minecraft:cooked_porkchop":2,"minecraft:crafting_table":2,"minecraft:spruce_planks":112,"minecraft:baked_potato":5,"minecraft:iron_helmet":1,"minecraft:stone_axe":1,"minecraft:air":0,"minecraft:spruce_trapdoor":2,"forbidden_arcanus:cherry_planks":32,"cisco_mod:adventurer_chestplate":1,"minecraft:iron_chestplate":1,"minecraft:stick":24,"minecraft:iron_ingot":66,"minecraft:iron_pickaxe":1,"minecraft:stone_sword":2,"minecraft:gold_ingot":30,"minecraft:torch":12}},"DataVersion":3120}