{"stats":{"minecraft:killed":{"minecraft:skeleton":1},"minecraft:mined":{"minecraft:grass_block":4,"minecraft:oak_log":4,"minecraft:dirt":8,"minecraft:stone":11,"minecraft:oak_leaves":3},"minecraft:picked_up":{"minecraft:bone":2,"minecraft:arrow":2,"minecraft:oak_log":4,"undead_unleashed:grave_metal_scrap":1,"minecraft:dirt":12,"minecraft:cobblestone":10,"minecraft:egg":1},"minecraft:crafted":{"minecraft:oak_planks":16,"minecraft:crafting_table":1,"minecraft:stick":8},"minecraft:custom":{"minecraft:time_since_rest":14233,"enigmaticlegacy:play_time_with_seven_curses":0,"minecraft:crouch_one_cm":983,"minecraft:play_time":14233,"minecraft:sprint_one_cm":32346,"minecraft:walk_one_cm":33398,"minecraft:damage_taken":173,"minecraft:sneak_time":417,"minecraft:mob_kills":1,"minecraft:damage_dealt_resisted":73,"minecraft:aviate_one_cm":24315,"minecraft:jump":226,"minecraft:damage_dealt":314,"minecraft:leave_game":1,"minecraft:time_since_death":14233,"enigmaticlegacy:play_time_without_seven_curses":14233,"minecraft:total_world_time":14233,"minecraft:interact_with_crafting_table":2,"minecraft:fall_one_cm":4892,"minecraft:fly_one_cm":28886},"minecraft:used":{"farmersdelight:bacon_and_eggs":1,"minecraft:wooden_sword":16,"minecraft:crafting_table":1,"minecraft:wooden_pickaxe":11,"minecraft:egg":1}},"DataVersion":3120}