{"stats":{"minecraft:killed":{"enemyexpansion:sprinter":1,"minecraft:sheep":6,"minecraft:skeleton":3,"minecraft:zombie":4,"undead_unleashed:shadewraith":1,"undead_unleashed:haunter":1},"minecraft:dropped":{"minecraft:bowl":4,"minecraft:crafting_table":2,"immersive_armors:wooden_boots":1,"minecraft:rotten_flesh":6,"minecraft:emerald":3,"minecraft:wooden_sword":1,"minecraft:arrow":2},"minecraft:mined":{"minecraft:medium_amethyst_bud":1,"minecraft:amethyst_cluster":1,"minecraft:crafting_table":1,"minecraft:dark_oak_fence":1,"undead_unleashed:grave_soil":4,"minecraft:grass_block":4,"iter_rpg:vase":1,"darkerdepths:amber":1,"galosphere:silver_ore":8,"woodworks:oak_chest":1,"minecraft:copper_ore":12,"minecraft:cobblestone":1,"minecraft:sugar_cane":2,"minecraft:wall_torch":1,"supplementaries:urn":2,"minecraft:amethyst_block":1,"minecraft:hay_block":8,"iter_rpg:small_vase":1,"minecraft:iron_ore":33,"minecraft:grass":1,"minecraft:oak_log":15,"minecraft:bookshelf":8,"minecraft:coal_ore":56,"minecraft:dirt":8,"minecraft:cobweb":1,"minecraft:stone":23,"irons_spellbooks:inscription_table":2,"quark:permafrost":2,"ars_nouveau:purple_archwood_log":19,"minecraft:oak_leaves":3},"minecraft:picked_up":{"minecraft:crafting_table":3,"minecraft:potato":1,"minecraft:oak_log":15,"minecraft:lapis_lazuli":10,"minecraft:dirt":12,"minecraft:string":1,"minecraft:raw_copper":37,"minecraft:bone":23,"woodworks:oak_chest":1,"darkerdepths:amber":1,"minecraft:gold_nugget":3,"iter_rpg:coin":1,"undead_unleashed:grave_metal_sword":1,"minecraft:light_gray_wool":1,"galosphere:raw_silver":8,"minecraft:sugar_cane":6,"irons_spellbooks:inscription_table":2,"minecraft:egg":1,"minecraft:book":24,"minecraft:raw_iron":33,"ars_nouveau:purple_archwood_log":19,"apotheosis:gem":9,"minecraft:copper_ingot":2,"minecraft:torch":1,"minecraft:amethyst_shard":4,"undead_unleashed:grave_metal_scrap":7,"minecraft:arrow":3,"minecraft:rotten_flesh":11,"minecraft:stone_axe":1,"minecraft:hay_block":8,"minecraft:emerald":3,"minecraft:mutton":11,"minecraft:coal":54,"minecraft:white_wool":5,"minecraft:cobblestone":23},"minecraft:killed_by":{"irons_spellbooks:cryomancer":2},"minecraft:crafted":{"minecraft:oak_planks":60,"ars_nouveau:archwood_planks":76,"minecraft:crafting_table":2,"minecraft:air":0,"woodworks:oak_chest":2,"minecraft:stick":20,"minecraft:iron_ingot":13,"minecraft:torch":48},"minecraft:custom":{"enigmaticlegacy:play_time_with_seven_curses":0,"minecraft:interact_with_furnace":5,"lootr:looted_stat":10,"minecraft:mob_kills":17,"enigmaticlegacy:play_time_without_seven_curses":62162,"minecraft:interact_with_crafting_table":11,"minecraft:damage_dealt_resisted":73,"minecraft:leave_game":1,"minecraft:time_since_death":24191,"minecraft:sleep_in_bed":2,"minecraft:climb_one_cm":842,"minecraft:damage_resisted":0,"minecraft:waystone_activated":1,"minecraft:time_since_rest":21528,"minecraft:sprint_one_cm":207255,"minecraft:damage_taken":2217,"minecraft:walk_one_cm":166234,"minecraft:drop":11,"minecraft:damage_dealt":4317,"minecraft:talked_to_villager":3,"minecraft:fly_one_cm":226693,"minecraft:open_chest":19,"minecraft:crouch_one_cm":6225,"minecraft:play_time":62233,"minecraft:deaths":2,"minecraft:sneak_time":2406,"minecraft:walk_under_water_one_cm":141,"minecraft:aviate_one_cm":855986,"minecraft:jump":1108,"minecraft:walk_on_water_one_cm":802,"minecraft:total_world_time":62233,"minecraft:interact_with_smoker":3,"minecraft:fall_one_cm":25974},"minecraft:used":{"irons_spellbooks:inscription_table":1,"minecraft:stone_sword":90,"minecraft:stone_pickaxe":130,"minecraft:baked_potato":1,"woodworks:oak_chest":5,"minecraft:wooden_pickaxe":11,"minecraft:torch":34,"minecraft:crafting_table":3,"minecraft:white_bed":1,"farmersdelight:bacon_and_eggs":10,"minecraft:stone_axe":43,"minecraft:wooden_sword":16,"minecraft:cobblestone":31,"minecraft:egg":1}},"DataVersion":3120}