{"stats":{"minecraft:killed_by":{"minecraft:player":1,"irons_spellbooks:cryomancer":2,"whisperwoods:zotzpyre":1},"minecraft:dropped":{"minecraft:wheat_seeds":6,"minecraft:crafting_table":2,"darkerdepths:shale":1,"minecraft:emerald":3,"minecraft:dirt":1,"byg:soapstone":3,"minecraft:wooden_sword":1,"minecraft:bone_meal":11,"minecraft:smooth_stone":3,"minecraft:gold_ingot":10,"minecraft:cobblestone_wall":6,"minecraft:bowl":4,"minecraft:wheat":1,"immersive_armors:wooden_boots":1,"minecraft:rotten_flesh":6,"twigs:tangerine_seashell":1,"byg:skyris_sapling":1,"apotheosis:gem":1,"minecraft:stone_bricks":13,"minecraft:spruce_slab":2,"minecraft:arrow":2,"minecraft:calcite":1,"minecraft:stone_brick_stairs":4},"minecraft:mined":{"minecraft:spruce_planks":1,"quark:shale":12,"minecraft:sculk_vein":2,"minecraft:dark_oak_fence":1,"minecraft:grass_block":8,"byg:skyris_log":4,"darkerdepths:amber":1,"minecraft:hay_block":8,"minecraft:magma_block":2,"iter_rpg:small_vase":2,"minecraft:iron_ore":86,"minecraft:andesite":2,"minecraft:sculk_shrieker":1,"minecraft:bookshelf":15,"darkerdepths:shale":14,"minecraft:packed_ice":127,"minecraft:stone":62,"quark:permafrost":2,"irons_spellbooks:inscription_table":2,"ars_nouveau:purple_archwood_log":19,"minecraft:deepslate_redstone_ore":2,"minecraft:medium_amethyst_bud":1,"byg:skyris_leaves":1,"minecraft:amethyst_cluster":1,"minecraft:crafting_table":2,"minecraft:torch":2,"undead_unleashed:grave_soil":4,"minecraft:calcite":11,"iter_rpg:vase":3,"minecraft:sculk_sensor":1,"galosphere:silver_ore":21,"woodworks:oak_chest":1,"minecraft:copper_ore":14,"minecraft:cobblestone":2,"minecraft:lapis_ore":7,"minecraft:sugar_cane":3,"minecraft:sculk":1,"minecraft:wall_torch":5,"minecraft:amethyst_block":1,"supplementaries:urn":8,"byg:soapstone":3,"forbidden_arcanus:xpetrified_ore":8,"twigs:tangerine_seashell":1,"minecraft:spruce_log":12,"byg:green_apple_fruit_block":2,"minecraft:tnt":3,"minecraft:grass":1,"minecraft:coal_ore":93,"minecraft:oak_log":15,"byg:skyris_vine":1,"minecraft:gravel":3,"minecraft:dirt":11,"minecraft:cobweb":2,"minecraft:stone_bricks":1,"minecraft:oak_leaves":3,"minecraft:deepslate":1},"minecraft:broken":{"minecraft:iron_pickaxe":1},"minecraft:killed":{"minecraft:spider":2,"minecraft:vindicator":1,"enemyexpansion:direwolf":1,"minecraft:skeleton":3,"minecraft:panda":1,"majruszsdifficulty:creeperling":2,"alexsmobs:skreecher":1,"enemyexpansion:goblin":1,"enemyexpansion:sprinter":2,"minecraft:creeper":5,"whisperwoods:zotzpyre":1,"minecraft:sheep":6,"enemyexpansion:crawler":1,"enemyexpansion:meature":1,"minecraft:zombie":7,"undead_unleashed:shadewraith":4,"undead_unleashed:haunter":2},"minecraft:picked_up":{"irons_spellbooks:scroll":2,"minecraft:wheat":1,"minecraft:crafting_table":4,"byg:soapstone":3,"minecraft:flower_pot":1,"minecraft:leather_leggings":1,"undead_unleashed:cursed_cloth":1,"minecraft:potion":1,"minecraft:stone_brick_stairs":4,"forbidden_arcanus:xpetrified_orb":8,"minecraft:string":4,"minecraft:raw_copper":37,"minecraft:iron_axe":1,"darkerdepths:shale":14,"minecraft:item_frame":2,"minecraft:experience_bottle":1,"woodworks:oak_chest":1,"minecraft:gold_nugget":7,"minecraft:cobbled_deepslate":1,"iter_rpg:coin":1,"undead_unleashed:grave_metal_sword":1,"minecraft:calcite":12,"minecraft:light_gray_wool":1,"minecraft:spruce_slab":2,"irons_spellbooks:lightning_bottle":5,"minecraft:sugar_cane":9,"irons_spellbooks:inscription_table":2,"minecraft:egg":1,"minecraft:raw_iron":86,"apotheosis:gem":20,"ars_nouveau:purple_archwood_log":19,"minecraft:copper_ingot":2,"minecraft:torch":8,"minecraft:spruce_stairs":1,"byg:green_apple":1,"minecraft:redstone":9,"minecraft:arrow":3,"minecraft:rotten_flesh":15,"minecraft:hay_block":8,"minecraft:gold_ingot":21,"supplementaries:ash":7,"minecraft:mutton":11,"twigs:tangerine_seashell":1,"minecraft:white_wool":5,"minecraft:cobblestone":61,"minecraft:magma_block":2,"minecraft:andesite":2,"alexsmobs:skreecher_soul":1,"minecraft:potato":1,"minecraft:oak_log":15,"minecraft:gunpowder":3,"minecraft:cobblestone_wall":6,"minecraft:lapis_lazuli":63,"minecraft:dirt":19,"minecraft:bone":54,"minecraft:stone_bricks":13,"minecraft:wheat_seeds":6,"darkerdepths:amber":1,"iter_rpg:potsherd":2,"minecraft:iron_ingot":20,"byg:skyris_sapling":1,"minecraft:bamboo":1,"galosphere:raw_silver":21,"minecraft:book":45,"quark:shale":12,"minecraft:amethyst_shard":4,"undead_unleashed:grave_metal_scrap":7,"minecraft:spruce_log":12,"minecraft:lily_of_the_valley":1,"byg:skyris_log":4,"minecraft:stone_axe":1,"minecraft:bone_meal":11,"minecraft:emerald":4,"alexsmobs:maggot":1,"minecraft:coal":91},"minecraft:used":{"irons_spellbooks:inscription_table":1,"minecraft:stone_sword":90,"woodworks:oak_chest":5,"minecraft:shield":3,"minecraft:iron_sword":125,"woodworks:spruce_chest":2,"minecraft:torch":83,"minecraft:dirt":6,"minecraft:iron_axe":26,"minecraft:bow":22,"byg:skyris_log":1,"minecraft:egg":1,"simplyswords:iron_spear":60,"minecraft:calcite":10,"minecraft:stone_pickaxe":130,"minecraft:baked_potato":1,"minecraft:wooden_pickaxe":11,"minecraft:crafting_table":4,"minecraft:white_bed":1,"farmersdelight:bacon_and_eggs":11,"farmersdelight:ratatouille":7,"darkerdepths:shale":13,"byg:skyris_planks":6,"minecraft:bread":19,"minecraft:iron_pickaxe":319,"minecraft:stone_axe":43,"minecraft:wooden_sword":16,"minecraft:cobblestone":79,"minecraft:bucket":1,"minecraft:experience_bottle":1},"minecraft:custom":{"enigmaticlegacy:play_time_with_seven_curses":0,"lootr:looted_stat":14,"minecraft:mob_kills":43,"minecraft:interact_with_crafting_table":25,"minecraft:damage_dealt_resisted":73,"minecraft:leave_game":2,"minecraft:time_since_death":7718,"minecraft:damage_resisted":0,"minecraft:climb_one_cm":4486,"minecraft:sprint_one_cm":423284,"minecraft:walk_one_cm":376860,"minecraft:damage_blocked_by_shield":231,"minecraft:drop":33,"minecraft:talked_to_villager":4,"minecraft:play_time":134007,"minecraft:deaths":4,"minecraft:sneak_time":4017,"minecraft:walk_under_water_one_cm":976,"minecraft:jump":2337,"minecraft:interact_with_blast_furnace":1,"minecraft:walk_on_water_one_cm":2649,"minecraft:total_world_time":134007,"minecraft:interact_with_furnace":17,"enigmaticlegacy:play_time_without_seven_curses":133866,"minecraft:sleep_in_bed":2,"minecraft:time_since_rest":7763,"minecraft:waystone_activated":1,"minecraft:damage_taken":5356,"minecraft:damage_dealt":16120,"minecraft:fly_one_cm":468746,"minecraft:open_chest":91,"minecraft:crouch_one_cm":10539,"minecraft:aviate_one_cm":2318281,"minecraft:interact_with_smoker":4,"minecraft:use_cauldron":1,"minecraft:fall_one_cm":55573},"minecraft:crafted":{"minecraft:smooth_stone":2,"minecraft:oak_planks":60,"ars_nouveau:archwood_planks":76,"woodworks:spruce_chest":1,"minecraft:iron_boots":1,"minecraft:crafting_table":2,"minecraft:spruce_planks":48,"minecraft:iron_helmet":1,"minecraft:iron_sword":1,"minecraft:air":0,"woodworks:oak_chest":2,"byg:skyris_planks":12,"cisco_mod:adventurer_chestplate":1,"minecraft:iron_chestplate":1,"minecraft:shield":1,"minecraft:stick":44,"minecraft:iron_ingot":25,"minecraft:iron_leggings":1,"minecraft:torch":76}},"DataVersion":3120}