{"stats":{"minecraft:dropped":{"minecraft:bowl":3,"immersive_armors:wooden_boots":1,"minecraft:wooden_sword":1,"minecraft:arrow":2},"minecraft:killed":{"minecraft:sheep":6,"minecraft:skeleton":1},"minecraft:mined":{"minecraft:hay_block":8,"minecraft:medium_amethyst_bud":1,"minecraft:amethyst_cluster":1,"minecraft:crafting_table":1,"minecraft:dark_oak_fence":1,"minecraft:bookshelf":8,"minecraft:grass":1,"minecraft:coal_ore":1,"minecraft:grass_block":4,"minecraft:oak_log":15,"minecraft:dirt":8,"minecraft:cobweb":1,"quark:permafrost":2,"irons_spellbooks:inscription_table":2,"minecraft:stone":11,"minecraft:sugar_cane":2,"minecraft:oak_leaves":3,"minecraft:amethyst_block":1},"minecraft:picked_up":{"minecraft:crafting_table":1,"apotheosis:gem":3,"minecraft:amethyst_shard":4,"minecraft:oak_log":15,"undead_unleashed:grave_metal_scrap":1,"minecraft:string":1,"minecraft:dirt":12,"minecraft:arrow":2,"minecraft:bone":2,"minecraft:hay_block":8,"minecraft:light_gray_wool":1,"minecraft:sugar_cane":6,"minecraft:mutton":11,"irons_spellbooks:inscription_table":2,"minecraft:book":24,"minecraft:white_wool":5,"minecraft:cobblestone":10,"minecraft:egg":1},"minecraft:killed_by":{"irons_spellbooks:cryomancer":2},"minecraft:crafted":{"minecraft:oak_planks":60,"minecraft:crafting_table":2,"minecraft:stick":8},"minecraft:custom":{"minecraft:time_since_rest":223,"enigmaticlegacy:play_time_with_seven_curses":0,"minecraft:waystone_activated":1,"lootr:looted_stat":10,"minecraft:sprint_one_cm":138469,"minecraft:damage_taken":915,"minecraft:walk_one_cm":92319,"minecraft:mob_kills":7,"minecraft:drop":4,"minecraft:damage_dealt":1253,"enigmaticlegacy:play_time_without_seven_curses":38162,"minecraft:talked_to_villager":3,"minecraft:interact_with_crafting_table":5,"minecraft:fly_one_cm":157879,"minecraft:crouch_one_cm":1295,"minecraft:play_time":38233,"minecraft:deaths":2,"minecraft:sneak_time":573,"minecraft:walk_under_water_one_cm":141,"minecraft:jump":652,"minecraft:aviate_one_cm":417870,"minecraft:damage_dealt_resisted":73,"minecraft:climb_one_cm":842,"minecraft:interact_with_smoker":1,"minecraft:leave_game":1,"minecraft:time_since_death":191,"minecraft:walk_on_water_one_cm":771,"minecraft:sleep_in_bed":1,"minecraft:total_world_time":38233,"minecraft:damage_resisted":0,"minecraft:fall_one_cm":16899},"minecraft:used":{"farmersdelight:bacon_and_eggs":3,"minecraft:stone_sword":19,"minecraft:stone_pickaxe":6,"minecraft:baked_potato":1,"minecraft:wooden_pickaxe":11,"minecraft:stone_axe":23,"minecraft:wooden_sword":16,"minecraft:crafting_table":3,"minecraft:white_bed":1,"minecraft:egg":1}},"DataVersion":3120}