{"stats":{"minecraft:mined":{"minecraft:spruce_planks":1,"minecraft:sculk_vein":2,"minecraft:grass_block":8,"byg:skyris_log":4,"minecraft:spawner":2,"minecraft:magma_block":2,"minecraft:mossy_cobblestone_stairs":1,"minecraft:iron_ore":86,"minecraft:enchanting_table":1,"minecraft:sculk_shrieker":1,"darkerdepths:shale":21,"minecraft:iron_bars":5,"minecraft:deepslate_redstone_ore":2,"minecraft:medium_amethyst_bud":1,"byg:skyris_leaves":1,"minecraft:amethyst_cluster":1,"minecraft:torch":3,"undead_unleashed:grave_soil":4,"minecraft:calcite":11,"galosphere:silver_ore":21,"minecraft:cobblestone":11,"minecraft:sugar_cane":3,"minecraft:oak_planks":17,"minecraft:bricks":2,"minecraft:wall_torch":6,"minecraft:amethyst_block":1,"byg:soapstone":3,"byg:green_apple_fruit_block":2,"minecraft:tnt":3,"minecraft:stone_brick_stairs":2,"minecraft:grass":1,"minecraft:oak_log":31,"minecraft:dirt":11,"structure_gel:dynamic_spawner":1,"minecraft:oak_leaves":3,"minecraft:deepslate":1,"minecraft:mossy_cobblestone":3,"quark:shale":12,"minecraft:dark_oak_fence":1,"darkerdepths:amber":1,"minecraft:hay_block":8,"iter_rpg:small_vase":2,"minecraft:andesite":2,"minecraft:mossy_stone_brick_stairs":7,"minecraft:bookshelf":21,"minecraft:vine":5,"minecraft:packed_ice":127,"irons_spellbooks:inscription_table":2,"quark:permafrost":2,"minecraft:stone":63,"ars_nouveau:purple_archwood_log":19,"minecraft:crafting_table":2,"iter_rpg:vase":3,"minecraft:sculk_sensor":1,"woodworks:oak_chest":1,"minecraft:copper_ore":14,"minecraft:lapis_ore":7,"minecraft:sculk":1,"supplementaries:urn":8,"forbidden_arcanus:xpetrified_ore":8,"twigs:tangerine_seashell":1,"minecraft:spruce_log":14,"minecraft:coal_ore":93,"byg:skyris_vine":1,"minecraft:gravel":3,"minecraft:cracked_stone_bricks":1,"minecraft:cobweb":16,"minecraft:stone_bricks":1,"minecraft:mossy_stone_bricks":3},"minecraft:dropped":{"twilightforest:nagastone":4,"minecraft:oak_log":6,"minecraft:crafting_table":2,"darkerdepths:shale":4,"iter_rpg:stone_geode":1,"minecraft:cracked_stone_bricks":1,"minecraft:emerald":3,"minecraft:cobblestone_stairs":1,"minecraft:dirt":13,"twilightforest:mossy_nagastone_pillar":3,"minecraft:wooden_sword":1,"minecraft:bone_meal":11,"minecraft:gold_ingot":10,"minecraft:gravel":2,"minecraft:wheat":1,"immersive_armors:wooden_boots":1,"minecraft:rotten_flesh":16,"minecraft:grindstone":1,"minecraft:oak_planks":4,"iter_rpg:spawner_fragment":1,"quark:shale":12,"supplementaries:ash":7,"byg:skyris_sapling":1,"apotheosis:gem":1,"minecraft:spruce_slab":2,"minecraft:arrow":2,"minecraft:stone_brick_stairs":5,"minecraft:wheat_seeds":6,"minecraft:cobblestone":129,"celestisynth:lunar_stone":1,"twilightforest:twilight_oak_sapling":1,"irons_spellbooks:pedestal":1,"twilightforest:spiral_bricks":10,"byg:soapstone":11,"forbidden_arcanus:spawner_scrap":1,"simplyswords:sword_on_a_stick":2,"minecraft:mossy_cobblestone_stairs":1,"minecraft:smooth_stone":3,"minecraft:string":1,"irons_spellbooks:frozen_bone":37,"minecraft:bricks":2,"minecraft:stone_sword":1,"minecraft:cobblestone_wall":6,"minecraft:bowl":6,"minecraft:damaged_anvil":1,"minecraft:nether_bricks":4,"twigs:tangerine_seashell":1,"supplementaries:quiver":2,"minecraft:shield":1,"minecraft:flower_pot":1,"minecraft:andesite":2,"minecraft:mossy_stone_bricks":2,"minecraft:stone_bricks":14,"minecraft:calcite":2,"minecraft:magma_block":2},"minecraft:custom":{"enigmaticlegacy:play_time_with_seven_curses":0,"lootr:looted_stat":52,"minecraft:interact_with_crafting_table":47,"minecraft:leave_game":2,"minecraft:time_since_death":17149,"minecraft:damage_resisted":186,"minecraft:sprint_one_cm":898013,"minecraft:damage_blocked_by_shield":2314,"minecraft:drop":81,"minecraft:talked_to_villager":4,"minecraft:play_time":259088,"minecraft:deaths":13,"minecraft:jump":3686,"minecraft:walk_on_water_one_cm":8413,"minecraft:interact_with_furnace":25,"minecraft:play_record":1,"minecraft:sleep_in_bed":2,"minecraft:waystone_activated":1,"minecraft:damage_dealt":46960,"minecraft:crouch_one_cm":14664,"minecraft:interact_with_smoker":6,"minecraft:use_cauldron":1,"minecraft:mob_kills":79,"minecraft:damage_dealt_resisted":227,"minecraft:climb_one_cm":18138,"minecraft:walk_one_cm":716539,"minecraft:damage_dealt_absorbed":30,"minecraft:sneak_time":5847,"minecraft:walk_under_water_one_cm":976,"minecraft:interact_with_blast_furnace":1,"minecraft:total_world_time":259088,"enigmaticlegacy:play_time_without_seven_curses":257654,"minecraft:time_since_rest":18141,"minecraft:damage_taken":12623,"minecraft:fly_one_cm":633973,"minecraft:open_chest":220,"minecraft:aviate_one_cm":3185568,"minecraft:fall_one_cm":99012},"minecraft:crafted":{"minecraft:smooth_stone":2,"minecraft:oak_planks":92,"ars_nouveau:archwood_planks":76,"minecraft:iron_boots":1,"sophisticatedbackpacks:copper_backpack":1,"sophisticatedbackpacks:backpack":1,"irons_spellbooks:copper_spell_book":1,"minecraft:crafting_table":2,"minecraft:spruce_planks":48,"minecraft:baked_potato":27,"minecraft:iron_helmet":1,"minecraft:copper_ingot":37,"cisco_mod:adventurer_chestplate":1,"minecraft:iron_chestplate":1,"minecraft:paper":9,"minecraft:shield":1,"naturescompass:naturescompass":1,"minecraft:stick":44,"minecraft:iron_ingot":66,"minecraft:compass":1,"woodworks:spruce_chest":1,"sophisticatedbackpacks:iron_backpack":2,"minecraft:iron_sword":1,"sophisticatedbackpacks:gold_backpack":2,"minecraft:air":0,"woodworks:oak_chest":4,"byg:skyris_planks":12,"minecraft:iron_leggings":1,"minecraft:torch":76},"minecraft:killed_by":{"irons_spellbooks:cryomancer":2,"minecraft:silverfish":1,"minecraft:zombie":1,"majruszsdifficulty:cursed_armor":3,"minecraft:player":2,"whisperwoods:zotzpyre":1,"minecraft:skeleton":2},"minecraft:used":{"irons_spellbooks:inscription_table":1,"minecraft:music_disc_far":1,"minecraft:shield":20,"minecraft:iron_sword":125,"undead_unleashed:grave_metal_axe":22,"minecraft:bow":28,"minecraft:egg":1,"simplyswords:soulpyre":426,"simplyswords:iron_spear":296,"minecraft:stone_pickaxe":130,"minecraft:oak_planks":103,"minecraft:wooden_pickaxe":11,"farmersdelight:ratatouille":16,"minecraft:bread":29,"minecraft:wooden_sword":16,"minecraft:experience_bottle":1,"minecraft:iron_bars":2,"minecraft:stone_sword":90,"woodworks:oak_chest":7,"minecraft:spruce_planks":18,"woodworks:spruce_chest":2,"minecraft:torch":114,"minecraft:dirt":6,"minecraft:iron_axe":81,"byg:skyris_log":1,"minecraft:cooked_beef":3,"minecraft:calcite":10,"minecraft:water_bucket":2,"minecraft:baked_potato":7,"minecraft:mossy_cobblestone":1,"minecraft:crafting_table":5,"minecraft:white_bed":1,"minecraft:spruce_log":2,"farmersdelight:bacon_and_eggs":11,"darkerdepths:shale":20,"byg:skyris_planks":6,"minecraft:iron_pickaxe":364,"minecraft:stone_axe":43,"minecraft:cobblestone":102,"minecraft:bucket":2,"alexsmobs:animal_dictionary":1},"minecraft:picked_up":{"irons_spellbooks:scroll":2,"minecraft:wheat":1,"minecraft:flower_pot":2,"undead_unleashed:cursed_cloth":1,"supplementaries:bomb_blue":1,"minecraft:enchanted_book":4,"minecraft:potion":1,"minecraft:stone_brick_stairs":5,"forbidden_arcanus:xpetrified_orb":8,"minecraft:string":21,"apotheosis:epic_material":1,"minecraft:raw_copper":37,"darkerdepths:shale":25,"minecraft:experience_bottle":1,"woodworks:oak_chest":1,"minecraft:cobbled_deepslate":1,"minecraft:gold_nugget":7,"celestisynth:lunar_stone":1,"undead_unleashed:grave_metal_sword":1,"minecraft:calcite":13,"irons_spellbooks:inscription_table":2,"minecraft:tipped_arrow":1,"apotheosis:gem":22,"minecraft:torch":11,"minecraft:spruce_stairs":1,"quark:ancient_tome":2,"minecraft:stone_sword":2,"minecraft:rotten_flesh":32,"simplyswords:sword_on_a_stick":2,"supplementaries:quiver":1,"supplementaries:ash":14,"twigs:tangerine_seashell":1,"minecraft:iron_bars":9,"minecraft:cobblestone":79,"minecraft:enchanting_table":1,"minecraft:magma_block":4,"minecraft:leather_chestplate":2,"minecraft:andesite":4,"minecraft:potato":1,"twilightforest:mossy_nagastone_pillar":3,"minecraft:lapis_lazuli":63,"minecraft:dirt":31,"minecraft:bone":65,"irons_spellbooks:pedestal":1,"darkerdepths:amber":1,"minecraft:wheat_seeds":6,"minecraft:grindstone":1,"minecraft:mossy_stone_bricks":5,"minecraft:bamboo":1,"galosphere:raw_silver":21,"twigs:twig":6,"minecraft:oak_planks":21,"minecraft:mossy_stone_brick_stairs":6,"irons_spellbooks:frozen_bone":41,"quark:shale":24,"iter_rpg:stone_geode":2,"minecraft:lily_of_the_valley":1,"alexsmobs:animal_dictionary":1,"minecraft:mossy_cobblestone":6,"simplyswords:diamond_spear":1,"ringsofascension:ring_strength":1,"twilightforest:twilight_oak_sapling":1,"minecraft:bone_meal":11,"minecraft:chainmail_helmet":1,"minecraft:emerald":4,"alexsmobs:maggot":1,"minecraft:oak_sapling":6,"minecraft:bricks":2,"iter_rpg:spawner_fragment":3,"minecraft:crafting_table":4,"byg:soapstone":11,"minecolonies:scroll_buff":12,"minecraft:leather_leggings":3,"twilightforest:nagastone":4,"minecraft:shield":4,"ars_nouveau:amplify_arrow":38,"minecraft:iron_axe":1,"minecraft:item_frame":2,"minecraft:cracked_stone_bricks":4,"iter_rpg:coin":1,"ars_nouveau:ritual_containment":4,"minecraft:spruce_slab":2,"minecraft:light_gray_wool":1,"irons_spellbooks:lightning_bottle":5,"minecraft:sugar_cane":9,"minecraft:chest":1,"minecraft:egg":1,"minecraft:raw_iron":86,"ars_nouveau:purple_archwood_log":19,"minecraft:oak_door":1,"minecraft:copper_ingot":2,"minecraft:bowl":3,"byg:green_apple":1,"minecraft:redstone":9,"minecraft:arrow":21,"minecraft:nether_bricks":4,"minecraft:hay_block":8,"minecraft:gold_ingot":21,"minecraft:mutton":11,"forbidden_arcanus:spawner_scrap":3,"minecraft:white_wool":5,"alexsmobs:skreecher_soul":1,"minecraft:oak_log":37,"minecraft:golden_boots":1,"minecraft:gunpowder":3,"minecraft:cobblestone_wall":6,"minecraft:cobblestone_stairs":1,"cisco_mod:adventurer_boots":1,"minecraft:apple":3,"minecraft:stone_bricks":15,"iter_rpg:potsherd":2,"minecraft:iron_ingot":20,"minecraft:music_disc_far":1,"byg:skyris_sapling":1,"minecraft:book":63,"minecraft:gravel":2,"minecraft:amethyst_shard":4,"undead_unleashed:grave_metal_scrap":12,"minecraft:spruce_log":14,"byg:skyris_log":4,"minecraft:stone_axe":1,"minecraft:mossy_cobblestone_stairs":2,"undead_unleashed:grave_metal_axe":1,"twilightforest:spiral_bricks":10,"minecraft:damaged_anvil":1,"minecraft:coal":91},"minecraft:broken":{"aether:golden_gloves":1,"minecraft:iron_pickaxe":1},"minecraft:killed":{"minecraft:spider":12,"minecraft:skeleton":7,"majruszsdifficulty:creeperling":2,"minecraft:silverfish":2,"minecraft:creeper":5,"minecraft:sheep":6,"enemyexpansion:meature":1,"minecraft:zombie":12,"undead_unleashed:shadewraith":4,"minecraft:stray":5,"enemyexpansion:botfly":7,"undead_unleashed:haunter":2,"minecraft:vindicator":1,"enemyexpansion:direwolf":1,"minecraft:panda":1,"alexsmobs:skreecher":1,"enemyexpansion:goblin":1,"enemyexpansion:sprinter":2,"majruszsdifficulty:cursed_armor":5,"whisperwoods:zotzpyre":1,"enemyexpansion:crawler":1,"minecraft:wither_skeleton":1}},"DataVersion":3120}