{"stats":{"minecraft:custom":{"enigmaticlegacy:play_time_with_seven_curses":0,"lootr:looted_stat":65,"minecraft:interact_with_crafting_table":75,"minecraft:leave_game":3,"minecraft:time_since_death":13460,"minecraft:damage_resisted":194,"minecraft:sprint_one_cm":1079493,"minecraft:damage_blocked_by_shield":2564,"minecraft:drop":95,"minecraft:talked_to_villager":4,"minecraft:play_time":355536,"minecraft:deaths":16,"minecraft:jump":4337,"minecraft:walk_on_water_one_cm":8586,"minecraft:interact_with_furnace":35,"minecraft:play_record":1,"minecraft:sleep_in_bed":5,"minecraft:waystone_activated":1,"minecraft:damage_dealt":68171,"minecraft:crouch_one_cm":18662,"minecraft:interact_with_smoker":6,"minecraft:use_cauldron":1,"minecraft:mob_kills":100,"minecraft:damage_dealt_resisted":370,"minecraft:climb_one_cm":18224,"minecraft:walk_one_cm":918285,"minecraft:damage_dealt_absorbed":30,"minecraft:sneak_time":7267,"minecraft:walk_under_water_one_cm":976,"minecraft:interact_with_blast_furnace":2,"minecraft:total_world_time":355536,"enigmaticlegacy:play_time_without_seven_curses":353985,"minecraft:interact_with_stonecutter":1,"minecraft:time_since_rest":13488,"minecraft:damage_absorbed":749,"minecraft:damage_taken":14628,"minecraft:fly_one_cm":762585,"minecraft:open_chest":417,"minecraft:aviate_one_cm":3463070,"minecraft:fall_one_cm":117055},"minecraft:dropped":{"twilightforest:nagastone":4,"ars_nouveau:novice_spell_book":1,"minecraft:oak_log":6,"minecraft:crafting_table":2,"darkerdepths:shale":4,"iter_rpg:stone_geode":1,"minecraft:cracked_stone_bricks":1,"minecraft:red_mushroom":2,"minecraft:cobblestone_stairs":1,"minecraft:emerald":3,"minecraft:dirt":13,"twilightforest:mossy_nagastone_pillar":3,"immersive_armors:wooden_leggings":1,"forbidden_arcanus:cherry_sapling":1,"minecraft:wooden_sword":1,"minecraft:bone_meal":11,"minecraft:gold_ingot":10,"minecraft:gravel":2,"minecraft:wheat":1,"immersive_armors:wooden_boots":2,"minecraft:grindstone":1,"minecraft:rotten_flesh":16,"minecraft:oak_planks":4,"iter_rpg:spawner_fragment":1,"minecraft:azure_bluet":2,"quark:shale":12,"minecraft:poppy":1,"supplementaries:ash":7,"byg:skyris_sapling":1,"apotheosis:gem":1,"minecraft:leather_leggings":1,"minecraft:spruce_slab":2,"minecraft:arrow":2,"minecraft:stone_brick_stairs":5,"minecraft:wheat_seeds":6,"minecraft:cobblestone":129,"celestisynth:lunar_stone":1,"twilightforest:twilight_oak_sapling":1,"irons_spellbooks:pedestal":1,"twilightforest:spiral_bricks":10,"byg:soapstone":11,"forbidden_arcanus:spawner_scrap":1,"simplyswords:sword_on_a_stick":2,"minecraft:mossy_cobblestone_stairs":1,"minecraft:smooth_stone":3,"minecraft:string":1,"irons_spellbooks:frozen_bone":37,"minecraft:bricks":2,"aether:blue_berry":2,"minecraft:stone_sword":2,"minecraft:cobblestone_wall":6,"minecraft:bowl":6,"minecraft:damaged_anvil":1,"undead_unleashed:grave_metal_sword":1,"minecraft:nether_bricks":4,"twigs:tangerine_seashell":1,"supplementaries:quiver":2,"minecraft:shield":1,"minecraft:flower_pot":1,"minecraft:andesite":2,"minecraft:mossy_stone_bricks":2,"minecraft:stone_bricks":14,"minecraft:stone_pickaxe":1,"minecraft:calcite":2,"minecraft:magma_block":2,"immersive_armors:wooden_helmet":1},"minecraft:picked_up":{"irons_spellbooks:scroll":4,"minecraft:iron_chestplate":1,"minecraft:wheat":1,"easy_villagers:breeder":1,"minecraft:flower_pot":2,"undead_unleashed:cursed_cloth":1,"supplementaries:bomb_blue":1,"minecraft:enchanted_book":4,"minecraft:potion":1,"minecraft:stone_brick_stairs":5,"minecraft:amethyst_block":2,"forbidden_arcanus:xpetrified_orb":8,"minecraft:string":21,"apotheosis:epic_material":1,"minecraft:raw_copper":37,"darkerdepths:shale":25,"minecraft:experience_bottle":1,"woodworks:oak_chest":1,"minecraft:gold_nugget":8,"minecraft:cobbled_deepslate":1,"celestisynth:lunar_stone":1,"undead_unleashed:grave_metal_sword":1,"minecraft:calcite":13,"irons_spellbooks:inscription_table":2,"minecraft:tipped_arrow":1,"apotheosis:gem":22,"minecraft:torch":11,"minecraft:spruce_stairs":3,"easy_villagers:iron_farm":1,"quark:ancient_tome":2,"minecraft:stone_sword":3,"minecraft:rotten_flesh":33,"simplyswords:sword_on_a_stick":2,"supplementaries:quiver":1,"supplementaries:ash":14,"minecraft:blaze_rod":1,"twigs:tangerine_seashell":1,"minecraft:iron_bars":9,"minecraft:cobblestone":79,"minecraft:enchanting_table":1,"minecraft:magma_block":4,"minecraft:leather_chestplate":2,"minecraft:andesite":4,"minecraft:potato":1,"twilightforest:mossy_nagastone_pillar":3,"ars_nouveau:glyph_amplify":1,"ars_nouveau:scribes_table":1,"minecraft:dirt":32,"minecraft:lapis_lazuli":63,"minecraft:bone":69,"irons_spellbooks:pedestal":1,"darkerdepths:amber":1,"minecraft:wheat_seeds":6,"easy_villagers:trader":1,"minecraft:grindstone":1,"minecraft:mossy_stone_bricks":5,"minecraft:bamboo":1,"galosphere:raw_silver":21,"twigs:twig":6,"minecraft:oak_planks":21,"minecraft:mossy_stone_brick_stairs":6,"irons_spellbooks:frozen_bone":41,"quark:shale":24,"ars_elemental:yellow_archwood_log":15,"iter_rpg:stone_geode":2,"minecraft:lily_of_the_valley":1,"alexsmobs:animal_dictionary":1,"minecraft:mossy_cobblestone":6,"simplyswords:diamond_spear":1,"ringsofascension:ring_strength":1,"twilightforest:twilight_oak_sapling":1,"minecraft:bone_meal":11,"minecraft:chainmail_helmet":1,"minecraft:emerald":4,"alexsmobs:maggot":1,"minecraft:oak_sapling":6,"minecraft:bricks":2,"iter_rpg:spawner_fragment":3,"minecraft:crafting_table":4,"byg:soapstone":11,"minecraft:nether_wart":1,"minecolonies:scroll_buff":12,"aether:aether_dirt":1,"minecraft:leather_leggings":3,"twilightforest:nagastone":4,"minecraft:shield":4,"aether:blue_berry":2,"ars_nouveau:amplify_arrow":38,"ars_nouveau:archwood_planks":2,"forbidden_arcanus:thin_cherry_log":8,"minecraft:iron_axe":1,"minecraft:item_frame":2,"cisco_mod:adventurer_chestplate":1,"minecraft:cracked_stone_bricks":4,"iter_rpg:coin":1,"ars_nouveau:ritual_containment":4,"minecraft:spruce_slab":2,"minecraft:light_gray_wool":1,"irons_spellbooks:lightning_bottle":5,"minecraft:sugar_cane":9,"minecraft:chest":1,"minecraft:egg":1,"minecraft:raw_iron":86,"easy_villagers:incubator":1,"ars_nouveau:purple_archwood_log":19,"minecraft:oak_door":1,"minecraft:copper_ingot":2,"minecraft:bowl":3,"minecraft:spruce_fence":3,"byg:green_apple":1,"minecraft:redstone":9,"ars_nouveau:starbuncle_charm":1,"minecraft:arrow":21,"minecraft:nether_bricks":4,"minecraft:hay_block":8,"minecraft:gold_ingot":21,"minecraft:mutton":11,"forbidden_arcanus:spawner_scrap":3,"minecraft:white_wool":5,"forbidden_arcanus:cherry_sapling":2,"alexsmobs:skreecher_soul":1,"easy_villagers:farmer":1,"minecraft:oak_log":37,"minecraft:golden_boots":1,"minecraft:gunpowder":3,"minecraft:cobblestone_wall":6,"minecraft:cobblestone_stairs":1,"cisco_mod:adventurer_boots":1,"easy_villagers:converter":1,"minecraft:apple":3,"minecraft:stone_bricks":15,"iter_rpg:potsherd":2,"minecraft:iron_ingot":20,"minecraft:music_disc_far":1,"byg:skyris_sapling":1,"minecraft:book":63,"ars_nouveau:novice_spell_book":1,"minecraft:gravel":2,"minecraft:amethyst_shard":4,"undead_unleashed:grave_metal_scrap":12,"minecraft:spruce_log":14,"byg:skyris_log":4,"minecraft:stone_axe":1,"naturescompass:naturescompass":1,"minecraft:mossy_cobblestone_stairs":2,"undead_unleashed:grave_metal_axe":1,"minecraft:damaged_anvil":2,"twilightforest:spiral_bricks":10,"minecraft:coal":91},"minecraft:broken":{"aether:golden_gloves":1,"minecraft:iron_pickaxe":1},"minecraft:killed":{"minecraft:zombified_piglin":8,"minecraft:spider":12,"minecraft:skeleton":8,"majruszsdifficulty:creeperling":2,"minecraft:silverfish":2,"minecraft:piglin":1,"minecraft:creeper":5,"minecraft:sheep":6,"enemyexpansion:meature":1,"minecraft:zombie":12,"undead_unleashed:shadewraith":5,"minecraft:stray":5,"enemyexpansion:botfly":7,"undead_unleashed:haunter":3,"minecraft:blaze":5,"minecraft:vindicator":1,"enemyexpansion:direwolf":1,"minecraft:panda":1,"alexsmobs:skreecher":1,"enemyexpansion:goblin":1,"enemyexpansion:sprinter":2,"majruszsdifficulty:cursed_armor":6,"whisperwoods:zotzpyre":1,"enemyexpansion:crawler":1,"minecraft:wither_skeleton":4},"minecraft:mined":{"minecraft:spruce_planks":2,"minecraft:sculk_vein":2,"minecraft:red_nether_bricks":2,"minecraft:grass_block":9,"byg:skyris_log":4,"minecraft:nether_wart":1,"ars_nouveau:arcane_core":2,"minecraft:spawner":2,"minecraft:magma_block":2,"byg:sythian_nylium":3,"minecraft:mossy_cobblestone_stairs":1,"forbidden_arcanus:thin_cherry_log":8,"minecraft:iron_ore":86,"minecraft:fire":15,"minecraft:enchanting_table":1,"minecraft:sculk_shrieker":1,"darkerdepths:shale":21,"minecraft:iron_bars":5,"ars_nouveau:enchanting_apparatus":3,"minecraft:deepslate_redstone_ore":2,"minecraft:medium_amethyst_bud":1,"byg:skyris_leaves":1,"minecraft:amethyst_cluster":1,"minecraft:torch":3,"undead_unleashed:grave_soil":4,"minecraft:calcite":11,"galosphere:silver_ore":21,"minecraft:cobblestone":12,"ars_nouveau:scribes_table":1,"minecraft:damaged_anvil":1,"minecraft:sugar_cane":3,"minecraft:oak_planks":17,"minecraft:bricks":2,"minecraft:wall_torch":6,"minecraft:amethyst_block":1,"byg:soapstone":3,"ars_nouveau:archwood_planks":2,"byg:green_apple_fruit_block":2,"ironchest:diamond_chest":1,"minecraft:tnt":3,"minecraft:stone_brick_stairs":2,"minecraft:grass":1,"minecraft:oak_log":31,"minecraft:dirt":11,"structure_gel:dynamic_spawner":1,"minecraft:netherrack":20,"minecraft:oak_leaves":3,"minecraft:deepslate":1,"minecraft:mossy_cobblestone":3,"quark:shale":12,"minecraft:nether_bricks":2,"minecraft:dark_oak_fence":1,"minecraft:spruce_fence":3,"darkerdepths:amber":1,"minecraft:hay_block":8,"iter_rpg:small_vase":2,"minecraft:andesite":2,"minecraft:mossy_stone_brick_stairs":7,"minecraft:bookshelf":21,"minecraft:vine":5,"minecraft:packed_ice":127,"irons_spellbooks:inscription_table":2,"quark:permafrost":2,"minecraft:stone":63,"ars_nouveau:purple_archwood_log":19,"minecraft:crafting_table":2,"iter_rpg:vase":3,"minecraft:sculk_sensor":1,"woodworks:oak_chest":1,"minecraft:copper_ore":14,"minecraft:lapis_ore":7,"ars_elemental:yellow_archwood_log":15,"minecraft:sculk":1,"minecraft:spruce_stairs":2,"supplementaries:urn":8,"forbidden_arcanus:xpetrified_ore":8,"ars_nouveau:arcane_pedestal":1,"twigs:tangerine_seashell":1,"minecraft:spruce_log":14,"minecraft:coal_ore":93,"byg:skyris_vine":1,"minecraft:gravel":3,"minecraft:cracked_stone_bricks":1,"minecraft:cobweb":16,"minecraft:stone_bricks":1,"minecraft:mossy_stone_bricks":3},"minecraft:killed_by":{"irons_spellbooks:cryomancer":2,"minecraft:zombified_piglin":1,"minecraft:silverfish":1,"minecraft:blaze":1,"minecraft:zombie":1,"majruszsdifficulty:cursed_armor":3,"minecraft:player":2,"whisperwoods:zotzpyre":1,"minecraft:skeleton":3},"minecraft:crafted":{"minecraft:smooth_stone":2,"minecraft:oak_planks":92,"ars_nouveau:archwood_planks":128,"minecraft:stone":27,"minecraft:iron_boots":1,"sophisticatedbackpacks:copper_backpack":1,"ars_nouveau:enchanting_apparatus":1,"sophisticatedbackpacks:backpack":1,"irons_spellbooks:copper_spell_book":1,"minecraft:crafting_table":2,"minecraft:spruce_planks":48,"minecraft:baked_potato":27,"minecraft:iron_helmet":1,"immersive_armors:wooden_leggings":1,"minecraft:copper_ingot":37,"cisco_mod:brightsteel_ingot":9,"cisco_mod:adventurer_chestplate":1,"minecraft:iron_chestplate":1,"minecraft:paper":9,"minecraft:shield":1,"naturescompass:naturescompass":1,"minecraft:stick":52,"minecraft:iron_ingot":113,"minecraft:compass":1,"minecraft:gold_ingot":1,"ars_nouveau:scribes_table":1,"ars_nouveau:arcane_pedestal":3,"woodworks:spruce_chest":1,"sophisticatedbackpacks:iron_backpack":2,"minecraft:iron_sword":1,"sophisticatedbackpacks:gold_backpack":2,"minecraft:air":0,"woodworks:oak_chest":4,"byg:skyris_planks":12,"ars_nouveau:sourcestone":24,"forbidden_arcanus:cherry_planks":16,"minecraft:gold_nugget":27,"minecraft:iron_leggings":1,"minecraft:torch":76},"minecraft:used":{"irons_spellbooks:inscription_table":1,"minecraft:music_disc_far":1,"minecraft:shield":27,"minecraft:iron_sword":126,"minecraft:nether_bricks":2,"undead_unleashed:grave_metal_axe":57,"minecraft:bow":29,"minecraft:egg":1,"simplyswords:soulpyre":561,"simplyswords:iron_spear":296,"minecraft:damaged_anvil":2,"minecraft:stone_pickaxe":130,"minecraft:oak_planks":103,"minecraft:wooden_pickaxe":11,"ars_nouveau:archwood_planks":21,"ars_nouveau:enchanting_apparatus":4,"farmersdelight:ratatouille":16,"minecraft:bread":29,"minecraft:wooden_sword":16,"minecraft:experience_bottle":1,"minecraft:iron_bars":2,"minecraft:stone_sword":90,"ars_nouveau:arcane_core":3,"woodworks:oak_chest":7,"minecraft:spruce_planks":18,"woodworks:spruce_chest":2,"minecraft:netherrack":23,"minecraft:torch":114,"minecraft:dirt":6,"ironchest:diamond_chest":1,"minecraft:iron_axe":81,"byg:skyris_log":1,"minecraft:cooked_beef":3,"minecraft:calcite":10,"minecraft:water_bucket":2,"minecraft:baked_potato":26,"minecraft:mossy_cobblestone":1,"minecraft:crafting_table":5,"minecraft:white_bed":1,"minecraft:spruce_log":2,"farmersdelight:bacon_and_eggs":11,"darkerdepths:shale":20,"byg:skyris_planks":6,"minecraft:iron_pickaxe":400,"ars_nouveau:arcane_pedestal":5,"minecraft:stone_axe":43,"minecraft:cobblestone":102,"minecraft:bucket":2,"alexsmobs:animal_dictionary":1,"ars_nouveau:scribes_table":2}},"DataVersion":3120}