{"stats":{"minecraft:killed":{"enemyexpansion:sprinter":1,"whisperwoods:zotzpyre":1,"minecraft:sheep":6,"minecraft:skeleton":3,"minecraft:zombie":4,"undead_unleashed:shadewraith":1,"undead_unleashed:haunter":1},"minecraft:dropped":{"minecraft:bowl":4,"minecraft:crafting_table":2,"immersive_armors:wooden_boots":1,"minecraft:rotten_flesh":6,"minecraft:emerald":3,"byg:skyris_sapling":1,"minecraft:wooden_sword":1,"minecraft:arrow":2},"minecraft:mined":{"minecraft:deepslate_redstone_ore":2,"minecraft:sculk_vein":2,"minecraft:medium_amethyst_bud":1,"byg:skyris_leaves":1,"minecraft:amethyst_cluster":1,"minecraft:crafting_table":1,"minecraft:torch":1,"minecraft:dark_oak_fence":1,"undead_unleashed:grave_soil":4,"minecraft:grass_block":7,"iter_rpg:vase":1,"minecraft:sculk_sensor":1,"byg:skyris_log":4,"darkerdepths:amber":1,"galosphere:silver_ore":16,"woodworks:oak_chest":1,"minecraft:copper_ore":12,"minecraft:cobblestone":1,"minecraft:lapis_ore":7,"minecraft:sculk":1,"minecraft:sugar_cane":3,"minecraft:wall_torch":4,"supplementaries:urn":4,"minecraft:amethyst_block":1,"minecraft:hay_block":8,"iter_rpg:small_vase":1,"forbidden_arcanus:xpetrified_ore":4,"minecraft:iron_ore":52,"byg:green_apple_fruit_block":2,"minecraft:andesite":2,"darkerdepths:shale":6,"minecraft:grass":1,"minecraft:oak_log":15,"minecraft:bookshelf":8,"minecraft:coal_ore":63,"byg:skyris_vine":1,"minecraft:dirt":9,"minecraft:cobweb":1,"minecraft:stone":30,"irons_spellbooks:inscription_table":2,"quark:permafrost":2,"ars_nouveau:purple_archwood_log":19,"minecraft:oak_leaves":3,"minecraft:deepslate":1},"minecraft:picked_up":{"minecraft:crafting_table":3,"minecraft:andesite":2,"minecraft:potato":1,"minecraft:oak_log":15,"forbidden_arcanus:xpetrified_orb":4,"minecraft:lapis_lazuli":63,"minecraft:dirt":16,"minecraft:string":1,"minecraft:raw_copper":37,"darkerdepths:shale":6,"minecraft:bone":33,"woodworks:oak_chest":1,"darkerdepths:amber":1,"minecraft:gold_nugget":3,"minecraft:cobbled_deepslate":1,"iter_rpg:coin":1,"undead_unleashed:grave_metal_sword":1,"byg:skyris_sapling":1,"minecraft:light_gray_wool":1,"galosphere:raw_silver":16,"minecraft:sugar_cane":9,"irons_spellbooks:inscription_table":2,"minecraft:egg":1,"minecraft:book":24,"minecraft:raw_iron":52,"ars_nouveau:purple_archwood_log":19,"apotheosis:gem":11,"minecraft:copper_ingot":2,"minecraft:torch":5,"minecraft:amethyst_shard":4,"undead_unleashed:grave_metal_scrap":7,"byg:green_apple":1,"minecraft:redstone":9,"byg:skyris_log":4,"minecraft:arrow":3,"minecraft:rotten_flesh":11,"minecraft:stone_axe":1,"minecraft:hay_block":8,"minecraft:emerald":3,"minecraft:mutton":11,"minecraft:coal":61,"minecraft:white_wool":5,"minecraft:cobblestone":30},"minecraft:killed_by":{"irons_spellbooks:cryomancer":2},"minecraft:crafted":{"minecraft:oak_planks":60,"ars_nouveau:archwood_planks":76,"minecraft:crafting_table":2,"minecraft:iron_sword":1,"byg:skyris_planks":12,"minecraft:air":0,"woodworks:oak_chest":2,"minecraft:stick":44,"minecraft:iron_ingot":13,"minecraft:torch":76},"minecraft:custom":{"enigmaticlegacy:play_time_with_seven_curses":0,"minecraft:interact_with_furnace":7,"lootr:looted_stat":11,"minecraft:mob_kills":18,"enigmaticlegacy:play_time_without_seven_curses":74162,"minecraft:interact_with_crafting_table":11,"minecraft:damage_dealt_resisted":73,"minecraft:leave_game":1,"minecraft:time_since_death":36191,"minecraft:sleep_in_bed":2,"minecraft:climb_one_cm":1753,"minecraft:damage_resisted":0,"minecraft:waystone_activated":1,"minecraft:time_since_rest":33528,"minecraft:sprint_one_cm":243173,"minecraft:damage_taken":2612,"minecraft:walk_one_cm":199600,"minecraft:drop":12,"minecraft:damage_dealt":4677,"minecraft:talked_to_villager":4,"minecraft:fly_one_cm":266222,"minecraft:open_chest":21,"minecraft:crouch_one_cm":7989,"minecraft:play_time":74233,"minecraft:deaths":2,"minecraft:sneak_time":3104,"minecraft:walk_under_water_one_cm":976,"minecraft:aviate_one_cm":1104998,"minecraft:jump":1339,"minecraft:walk_on_water_one_cm":2649,"minecraft:total_world_time":74233,"minecraft:interact_with_smoker":3,"minecraft:fall_one_cm":32374},"minecraft:used":{"irons_spellbooks:inscription_table":1,"minecraft:stone_sword":90,"minecraft:stone_pickaxe":130,"minecraft:baked_potato":1,"woodworks:oak_chest":5,"minecraft:wooden_pickaxe":11,"minecraft:iron_sword":4,"minecraft:torch":64,"minecraft:dirt":4,"minecraft:crafting_table":3,"minecraft:white_bed":1,"farmersdelight:bacon_and_eggs":11,"byg:skyris_planks":6,"minecraft:iron_axe":4,"minecraft:bread":3,"minecraft:iron_pickaxe":69,"minecraft:stone_axe":43,"minecraft:wooden_sword":16,"minecraft:cobblestone":37,"byg:skyris_log":1,"minecraft:egg":1}},"DataVersion":3120}