{"stats":{"minecraft:mined":{"minecraft:birch_leaves":1},"minecraft:custom":{"minecraft:jump":3,"minecraft:time_since_rest":7745,"enigmaticlegacy:play_time_with_seven_curses":0,"minecraft:sprint_one_cm":341,"minecraft:leave_game":2,"minecraft:play_time":7745,"minecraft:damage_taken":70,"minecraft:time_since_death":7745,"minecraft:walk_one_cm":913,"enigmaticlegacy:play_time_without_seven_curses":7745,"minecraft:total_world_time":7745,"minecraft:fall_one_cm":963,"minecraft:fly_one_cm":694}},"DataVersion":3120}