{"stats":{"minecraft:killed":{"minecraft:zombie":4},"minecraft:dropped":{"minecraft:wheat_seeds":1},"minecraft:picked_up":{"minecraft:wheat_seeds":2,"minecraft:porkchop":2,"minecraft:spruce_log":2},"minecraft:custom":{"minecraft:time_since_rest":13742,"enigmaticlegacy:play_time_with_seven_curses":0,"minecraft:crouch_one_cm":4280,"minecraft:play_time":13742,"lootr:looted_stat":5,"minecraft:sprint_one_cm":17956,"minecraft:damage_taken":20,"minecraft:walk_one_cm":20088,"minecraft:sneak_time":928,"minecraft:mob_kills":6,"minecraft:drop":1,"minecraft:damage_dealt_resisted":0,"minecraft:jump":133,"minecraft:damage_dealt":1724,"minecraft:leave_game":1,"minecraft:time_since_death":13742,"minecraft:total_world_time":13742,"enigmaticlegacy:play_time_without_seven_curses":13742,"minecraft:fall_one_cm":2554,"minecraft:fly_one_cm":92302,"minecraft:player_kills":1},"minecraft:used":{"minecraft:cooked_porkchop":1,"minecraft:iron_sword":35,"minecraft:zombie_spawn_egg":4}},"DataVersion":3120}