{"stats":{"minecraft:mined":{"minecraft:diamond_ore":2,"minecraft:mossy_cobblestone":1,"minecraft:stripped_birch_log":1,"minecraft:obsidian":3,"minecraft:granite":10,"minecraft:spruce_fence":9,"minecraft:grass_block":7,"darkerdepths:amber":1,"iter_rpg:big_vase":1,"twilightforest:nagastone_pillar":1,"minecraft:hay_block":34,"forbidden_arcanus:arcane_crystal_ore":1,"minecraft:potted_dark_oak_sapling":2,"minecraft:furnace":7,"minecraft:iron_ore":125,"minecraft:fire":1,"twilightforest:twilight_oak_leaves":2,"minecraft:deepslate_lapis_ore":2,"darkerdepths:shale":3,"minecraft:iron_bars":1,"quark:permafrost":3,"minecraft:stone":228,"irons_spellbooks:pedestal":1,"minecraft:smoker":2,"woodworks:spruce_chest":1,"minecraft:stone_brick_slab":1,"minecraft:crafting_table":3,"minecraft:emerald_ore":2,"galosphere:silver_ore":22,"minecraft:tall_grass":2,"minecraft:cobblestone":22,"minecraft:deepslate_gold_ore":3,"minecraft:lapis_ore":8,"minecraft:grindstone":1,"minecraft:oak_planks":4,"minecraft:damaged_anvil":1,"minecraft:diorite":1,"byg:lush_grass_block":1,"minecraft:birch_planks":1,"byg:soapstone":10,"byg:lush_dirt":3,"forbidden_arcanus:xpetrified_ore":1,"minecraft:birch_trapdoor":3,"minecraft:white_carpet":2,"minecraft:spruce_log":33,"minecraft:jukebox":1,"celestisynth:lunar_stone":1,"minecraft:yellow_bed":1,"minecraft:grass":4,"minecraft:oak_log":5,"minecraft:coal_ore":39,"minecraft:gravel":2,"minecraft:dirt":18,"minecraft:cobweb":4,"minecraft:spruce_fence_gate":1,"minecraft:stone_bricks":1,"minecraft:gold_ore":22,"minecraft:oak_leaves":2,"minecraft:deepslate":3},"minecraft:dropped":{"minecraft:iron_ingot":20,"minecraft:porkchop":3,"minecraft:wheat_seeds":10,"quark:permafrost":65,"minecraft:oak_log":3,"irons_spellbooks:lightning_bottle":5,"minecraft:diamond":2,"minecraft:golden_horse_armor":1,"minecraft:feather":1,"minecraft:iron_helmet":1,"minecraft:granite":2,"cisco_mod:adventurer_chestplate":1,"minecraft:stick":2,"irons_spellbooks:scroll":2,"byg:soapstone":1,"minecraft:potion":1,"minecraft:wooden_sword":1,"immersive_armors:wooden_chestplate":1,"minecraft:string":7,"minecraft:tripwire_hook":1,"minecraft:gold_ingot":21,"minecraft:bone":1,"minecraft:stone_brick_slab":1,"minecraft:redstone":4,"minecraft:cobbled_deepslate":3,"minecraft:bowl":6,"minecraft:obsidian":2,"minecraft:chicken":1,"minecraft:rotten_flesh":2,"minecraft:iron_hoe":1,"minecraft:potato":1,"minecraft:gunpowder":8,"iter_rpg:spider_silk":3,"globalxp:xp_block":1,"minecraft:iron_bars":2,"minecraft:arrow":2,"minecraft:wooden_pickaxe":1,"minecraft:stone_pickaxe":1,"minecraft:black_wool":1},"minecraft:killed":{"twilightforest:squirrel":1,"minecraft:witch":1,"enemyexpansion:equestrian":3,"minecraft:spider":2,"minecraft:skeleton":6,"twilightforest:swarm_spider":5,"minecraft:chicken":1,"minecraft:skeleton_horse":1,"enemyexpansion:goblin":1,"enemyexpansion:vampflyer":1,"minecraft:wolf":1,"twilightforest:slime_beetle":1,"minecraft:pig":25,"minecraft:zombie_villager":1,"twilightforest:kobold":1,"iter_rpg:spiderling":4,"enemyexpansion:sprinter":2,"irons_spellbooks:necromancer":1,"bakery:wandering_baker":1,"minecraft:creeper":3,"minecraft:sheep":1,"sons_of_sins:betrayed_guzzler":1,"minecraft:zombie":19,"enemyexpansion:vampire":1,"iter_rpg:giant_spider":2,"minecraft:enderman":1,"minecraft:cow":10,"enemyexpansion:slugger":1},"minecraft:picked_up":{"minecraft:wheat":1,"minecraft:crafting_table":3,"byg:soapstone":9,"minecraft:azure_bluet":2,"byg:lush_dirt":4,"minecraft:chicken":1,"minecraft:flower_pot":2,"minecraft:turtle_helmet":1,"minecraft:potion":1,"minecraft:stone_brick_stairs":1,"twilightforest:nagastone":4,"woodworks:spruce_chest":1,"minecraft:string":13,"darkerdepths:shale":3,"minecraft:netherite_scrap":1,"minecraft:white_carpet":2,"minecraft:experience_bottle":1,"minecraft:beetroot":1,"cisco_mod:adventurer_chestplate":1,"minecraft:cracked_stone_bricks":3,"minecraft:smooth_stone":3,"minecraft:gold_nugget":1,"minecraft:cobbled_deepslate":3,"twigs:pebble":1,"celestisynth:lunar_stone":1,"minecraft:beef":21,"quark:permafrost":69,"minecraft:written_book":1,"minecraft:poppy":1,"globalxp:xp_block":1,"minecraft:furnace":7,"minecraft:dark_oak_sapling":2,"minecraft:raw_iron":123,"apotheosis:gem":13,"minecraft:jukebox":1,"minecraft:birch_trapdoor":3,"minecraft:bowl":2,"minecraft:spruce_fence":8,"minecraft:porkchop":99,"minecraft:diorite":1,"majruszsaccessories:dream_catcher":2,"minecraft:arrow":10,"minecraft:rotten_flesh":23,"majruszsaccessories:lucky_rock":1,"minecraft:hay_block":34,"minecraft:mutton":2,"minecraft:obsidian":2,"minecraft:iron_bars":2,"minecraft:cobblestone":285,"minecraft:oxeye_daisy":1,"minecraft:enchanting_table":1,"minecraft:magma_block":14,"minecraft:feather":1,"enemyexpansion:horsehead_helmet":1,"minecraft:tripwire_hook":1,"minecraft:leather":10,"minecraft:red_mushroom":2,"minecraft:smoker":2,"minecraft:potato":5,"minecraft:birch_planks":1,"savage_and_ravage:creeper_spores":3,"minecraft:oak_log":5,"twilightforest:mossy_nagastone_pillar":5,"minecraft:yellow_bed":1,"minecraft:gunpowder":10,"minecraft:lapis_lazuli":61,"minecraft:stripped_birch_log":1,"minecraft:dirt":33,"minecraft:lantern":1,"minecraft:bone":5,"minecraft:stone_bricks":5,"irons_spellbooks:pedestal":1,"minecraft:wheat_seeds":15,"minecraft:raw_gold":25,"minecraft:iron_ingot":2,"minecraft:grindstone":1,"galosphere:raw_silver":22,"apotheosis:gem_dust":1,"minecraft:oak_planks":4,"twilightforest:nagastone_pillar":2,"minecraft:stone_brick_slab":1,"iter_rpg:spider_silk":3,"minecraft:dandelion":8,"minecraft:gravel":2,"undead_unleashed:grave_metal_scrap":6,"sophisticatedbackpacks:iron_backpack":1,"minecraft:spruce_log":34,"ars_nouveau:music_disc_thistle_the_sound_of_glass":1,"sons_of_sins:flesh_of_demise":1,"forbidden_arcanus:arcane_crystal":1,"minecraft:spruce_fence_gate":1,"minecraft:slime_ball":1,"twilightforest:twilight_oak_sapling":1,"minecraft:diamond":3,"minecraft:iron_helmet":1,"minecraft:granite":10,"minecraft:mossy_cobblestone_stairs":1,"minecraft:emerald":2,"minecraft:golden_horse_armor":1,"minecraft:black_wool":1,"alexsmobs:maggot":2,"twilightforest:spiral_bricks":12,"minecraft:damaged_anvil":1,"minecraft:dark_oak_fence":1,"minecraft:coal":115,"minecraft:ender_pearl":1},"minecraft:used":{"twilightforest:spiral_bricks":2,"minecraft:enchanting_table":1,"minecraft:flint_and_steel":2,"cisco_mod:adventurer_chestplate":1,"minecraft:spruce_planks":6,"minecraft:shield":18,"minecraft:iron_sword":35,"minecraft:zombie_spawn_egg":4,"woodworks:spruce_chest":11,"minecraft:mutton":2,"byg:lush_dirt":4,"minecraft:bookshelf":5,"minecraft:stone_bricks":5,"minecraft:beef":9,"minecraft:furnace":8,"minecraft:water_bucket":55,"minecraft:stone_pickaxe":28,"minecraft:oak_planks":10,"minecraft:wooden_pickaxe":7,"minecraft:diamond_axe":64,"minecraft:cracked_stone_bricks":3,"woodworks:spruce_ladder":30,"minecraft:crafting_table":1,"minecraft:blast_furnace":4,"simplyswords:diamond_spear":248,"minecraft:black_bed":1,"minecraft:smoker":3,"farmersdelight:bacon_and_eggs":3,"farmersdelight:ratatouille":1,"minecraft:diamond_pickaxe":507,"minecraft:bread":45,"minecraft:map":1,"minecraft:iron_pickaxe":5,"minecraft:stone_axe":51,"minecraft:wooden_sword":19,"minecraft:cobblestone":20,"twilightforest:nagastone_pillar":2,"twilightforest:mossy_nagastone_pillar":2,"minecraft:cooked_porkchop":27,"minecraft:bucket":56,"minecraft:smooth_stone":5},"minecraft:custom":{"enigmaticlegacy:play_time_with_seven_curses":0,"lootr:looted_stat":26,"minecraft:mob_kills":105,"minecraft:interact_with_crafting_table":26,"minecraft:damage_dealt_resisted":249,"minecraft:time_since_death":194858,"minecraft:leave_game":5,"minecraft:climb_one_cm":8375,"minecraft:damage_resisted":0,"minecraft:sprint_one_cm":761229,"minecraft:walk_one_cm":466127,"minecraft:damage_blocked_by_shield":698,"minecraft:drop":53,"minecraft:talked_to_villager":2,"minecraft:play_time":194858,"minecraft:sneak_time":23797,"minecraft:walk_under_water_one_cm":14681,"minecraft:jump":3477,"minecraft:interact_with_blast_furnace":15,"minecraft:walk_on_water_one_cm":38809,"minecraft:total_world_time":194858,"minecraft:interact_with_furnace":27,"enigmaticlegacy:play_time_without_seven_curses":194858,"minecraft:sleep_in_bed":5,"minecraft:time_since_rest":10411,"minecraft:waystone_activated":1,"minecraft:damage_taken":3810,"minecraft:damage_dealt":28236,"minecraft:swim_one_cm":13450,"minecraft:fly_one_cm":789377,"minecraft:player_kills":1,"minecraft:open_chest":96,"minecraft:crouch_one_cm":122332,"minecraft:interact_with_smoker":8,"minecraft:fall_one_cm":111681},"minecraft:crafted":{"minecraft:smooth_stone":17,"minecraft:oak_planks":20,"minecraft:furnace":3,"minecraft:blast_furnace":4,"minecraft:stone":20,"woodworks:spruce_chest":10,"woodworks:spruce_ladder":32,"minecraft:stone_pickaxe":1,"minecraft:smoker":1,"minecraft:wheat":306,"minecraft:cooked_porkchop":46,"minecraft:spruce_planks":128,"minecraft:wooden_pickaxe":1,"minecraft:stone_axe":1,"minecraft:bread":102,"minecraft:air":0,"cisco_mod:adventurer_chestplate":1,"minecraft:iron_chestplate":1,"minecraft:shield":1,"minecraft:stick":64,"minecraft:iron_ingot":33,"minecraft:gold_ingot":25,"minecraft:black_bed":1}},"DataVersion":3120}