{"stats":{"minecraft:dropped":{"minecraft:wheat_seeds":1},"minecraft:killed":{"minecraft:skeleton":1,"minecraft:zombie":4,"minecraft:chicken":1},"minecraft:mined":{"minecraft:crafting_table":1,"minecraft:oak_log":5,"minecraft:stone":7,"minecraft:oak_leaves":1},"minecraft:picked_up":{"minecraft:crafting_table":1,"minecraft:feather":1,"minecraft:chicken":1,"minecraft:bowl":1,"minecraft:porkchop":2,"minecraft:oak_log":5,"sophisticatedbackpacks:iron_backpack":1,"undead_unleashed:grave_metal_scrap":1,"minecraft:spruce_log":2,"minecraft:bone":1,"minecraft:arrow":2,"minecraft:wheat_seeds":2,"minecraft:cobblestone":8},"minecraft:crafted":{"minecraft:oak_planks":20,"minecraft:stick":8,"minecraft:wooden_pickaxe":1,"minecraft:stone_pickaxe":1,"minecraft:stone_axe":1},"minecraft:custom":{"minecraft:time_since_rest":25742,"enigmaticlegacy:play_time_with_seven_curses":0,"lootr:looted_stat":5,"minecraft:sprint_one_cm":40487,"minecraft:damage_taken":101,"minecraft:walk_one_cm":34077,"minecraft:mob_kills":8,"minecraft:drop":1,"minecraft:damage_dealt":2154,"enigmaticlegacy:play_time_without_seven_curses":25742,"minecraft:interact_with_crafting_table":3,"minecraft:fly_one_cm":115470,"minecraft:player_kills":1,"minecraft:crouch_one_cm":13680,"minecraft:play_time":25742,"minecraft:sneak_time":2562,"minecraft:jump":249,"minecraft:damage_dealt_resisted":249,"minecraft:leave_game":1,"minecraft:time_since_death":25742,"minecraft:total_world_time":25742,"minecraft:fall_one_cm":6794},"minecraft:used":{"farmersdelight:bacon_and_eggs":1,"minecraft:zombie_spawn_egg":4,"minecraft:wooden_pickaxe":7,"minecraft:iron_sword":35,"minecraft:stone_axe":1,"minecraft:wooden_sword":19,"minecraft:cooked_porkchop":1}},"DataVersion":3120}