{"stats":{"minecraft:killed_by":{"minecraft:creeper":1,"majruszsdifficulty:cursed_armor":1,"minecraft:skeleton":1},"minecraft:dropped":{"minecraft:porkchop":3,"quark:permafrost":65,"minecraft:oak_log":3,"irons_spellbooks:lightning_bottle":5,"minecraft:diamond":2,"darkerdepths:shale":16,"minecraft:cracked_stone_bricks":4,"undead_unleashed:grave_metal_scrap":2,"minecraft:cobblestone_stairs":1,"minecraft:wooden_sword":1,"immersive_armors:wooden_chestplate":1,"minecraft:gold_ingot":21,"minecraft:bone":6,"majruszsdifficulty:tattered_chestplate":1,"minecraft:golden_chestplate":1,"minecraft:cobbled_deepslate":3,"minecraft:obsidian":2,"minecraft:rotten_flesh":2,"forbidden_arcanus:aureal_bottle":1,"minecraft:tipped_arrow":2,"minecraft:gunpowder":8,"iter_rpg:spider_silk":3,"globalxp:xp_block":1,"minecraft:iron_bars":2,"minecraft:arrow":7,"minecraft:golden_boots":1,"minecraft:iron_ingot":20,"minecraft:wheat_seeds":11,"minecraft:mossy_cobblestone":3,"minecraft:golden_horse_armor":1,"minecraft:iron_helmet":1,"minecraft:feather":1,"minecraft:granite":3,"cisco_mod:adventurer_chestplate":1,"minecraft:stick":2,"irons_spellbooks:scroll":2,"minecraft:cobweb":42,"byg:soapstone":1,"minecraft:potion":1,"minecraft:string":14,"minecraft:tripwire_hook":1,"minecraft:stone_brick_slab":1,"minecraft:redstone":4,"minecraft:bricks":2,"minecraft:bowl":6,"minecraft:chicken":1,"minecraft:iron_hoe":1,"minecraft:potato":1,"minecraft:mossy_stone_bricks":13,"minecraft:redstone_torch":1,"minecraft:stone_pressure_plate":1,"minecraft:stone_bricks":3,"minecraft:stone_pickaxe":1,"minecraft:wooden_pickaxe":1,"minecraft:black_wool":1},"minecraft:mined":{"minecraft:stone_pressure_plate":1,"minecraft:obsidian":3,"minecraft:granite":12,"minecraft:grass_block":7,"minecraft:oak_pressure_plate":2,"twilightforest:nagastone_pillar":1,"minecraft:spawner":7,"minecraft:iron_ore":125,"minecraft:fire":1,"minecraft:deepslate_lapis_ore":2,"darkerdepths:shale":3,"minecraft:oak_stairs":1,"minecraft:iron_bars":5,"minecraft:granite_stairs":1,"irons_spellbooks:pedestal":1,"minecraft:smoker":2,"woodworks:spruce_chest":1,"minecraft:powder_snow":3,"galosphere:silver_ore":22,"minecraft:cobblestone":75,"minecraft:grindstone":1,"minecraft:damaged_anvil":1,"minecraft:oak_planks":18,"byg:lush_grass_block":4,"byg:soapstone":10,"minecraft:birch_trapdoor":3,"minecraft:jukebox":1,"celestisynth:lunar_stone":1,"minecraft:grass":6,"minecraft:oak_log":5,"minecraft:dirt":18,"minecraft:oak_leaves":7,"minecraft:deepslate":3,"minecraft:diamond_ore":2,"minecraft:mossy_cobblestone":2,"minecraft:stripped_birch_log":1,"minecraft:spruce_fence":9,"darkerdepths:amber":1,"minecraft:spruce_leaves":3,"iter_rpg:big_vase":1,"minecraft:hay_block":34,"forbidden_arcanus:arcane_crystal_ore":1,"minecraft:potted_dark_oak_sapling":2,"minecraft:furnace":7,"twilightforest:twilight_oak_leaves":2,"quark:permafrost":3,"minecraft:stone":324,"minecraft:stone_brick_slab":1,"minecraft:crafting_table":3,"minecraft:emerald_ore":2,"minecraft:tall_grass":5,"minecraft:lapis_ore":8,"minecraft:deepslate_gold_ore":3,"minecraft:diorite":1,"minecraft:birch_planks":1,"byg:lush_dirt":4,"forbidden_arcanus:xpetrified_ore":1,"minecraft:spruce_log":33,"minecraft:white_carpet":2,"minecraft:yellow_bed":1,"minecraft:coal_ore":39,"minecraft:gravel":2,"minecraft:cobweb":16,"minecraft:cracked_stone_bricks":9,"minecraft:spruce_fence_gate":1,"minecraft:stone_bricks":10,"minecraft:gold_ore":22},"minecraft:killed":{"minecraft:witch":1,"minecraft:spider":2,"enemyexpansion:equestrian":3,"minecraft:skeleton":10,"minecraft:chicken":1,"minecraft:skeleton_horse":1,"enemyexpansion:vampflyer":1,"minecraft:wolf":1,"twilightforest:slime_beetle":1,"minecraft:pig":26,"minecraft:zombie_villager":1,"iter_rpg:spiderling":4,"irons_spellbooks:necromancer":1,"minecraft:creeper":3,"bakery:wandering_baker":1,"minecraft:sheep":1,"enemyexpansion:meature":1,"minecraft:zombie":24,"undead_unleashed:shadewraith":2,"enemyexpansion:vampire":1,"enemyexpansion:botfly":6,"minecraft:stray":4,"undead_unleashed:haunter":1,"minecraft:cow":10,"twilightforest:squirrel":1,"twilightforest:swarm_spider":5,"enemyexpansion:goblin":1,"twilightforest:kobold":1,"enemyexpansion:sprinter":2,"majruszsdifficulty:cursed_armor":3,"sons_of_sins:betrayed_guzzler":1,"iter_rpg:giant_spider":2,"minecraft:enderman":1,"enemyexpansion:slugger":1},"minecraft:picked_up":{"minecraft:wheat":1,"byg:lush_dirt":8,"minecraft:flower_pot":2,"minecraft:oak_stairs":1,"minecraft:potion":1,"minecraft:stone_brick_stairs":1,"minecraft:string":23,"apotheosis:epic_material":1,"darkerdepths:shale":19,"minecraft:experience_bottle":1,"minecraft:beetroot":1,"minecraft:smooth_stone":3,"minecraft:cobbled_deepslate":3,"minecraft:gold_nugget":1,"twigs:pebble":1,"celestisynth:lunar_stone":1,"minecraft:redstone_torch":1,"minecraft:written_book":1,"minecraft:furnace":7,"minecraft:tipped_arrow":3,"minecraft:stick":5,"apotheosis:gem":14,"minecraft:jukebox":1,"minecraft:birch_trapdoor":3,"minecraft:porkchop":102,"minecraft:diorite":1,"minecraft:golden_chestplate":1,"majruszsaccessories:dream_catcher":2,"minecraft:rotten_flesh":27,"minecraft:obsidian":2,"minecraft:iron_bars":4,"minecraft:cobblestone":436,"minecraft:enchanting_table":1,"minecraft:magma_block":14,"minecraft:leather_chestplate":1,"minecraft:feather":1,"minecraft:smoker":2,"minecraft:potato":5,"twilightforest:mossy_nagastone_pillar":5,"minecraft:lapis_lazuli":61,"minecraft:dirt":33,"minecraft:stripped_birch_log":1,"minecraft:lantern":1,"minecraft:bone":18,"irons_spellbooks:pedestal":1,"minecraft:wheat_seeds":16,"minecraft:raw_gold":25,"minecraft:grindstone":1,"minecraft:mossy_stone_bricks":13,"galosphere:raw_silver":22,"minecraft:oak_planks":18,"irons_spellbooks:frozen_bone":20,"iter_rpg:spider_silk":3,"minecraft:oak_pressure_plate":1,"sophisticatedbackpacks:iron_backpack":1,"sons_of_sins:flesh_of_demise":1,"minecraft:mossy_cobblestone":3,"minecraft:spruce_fence_gate":1,"twilightforest:twilight_oak_sapling":1,"minecraft:diamond":3,"minecraft:granite":11,"minecraft:golden_horse_armor":1,"minecraft:emerald":2,"alexsmobs:maggot":2,"minecraft:bricks":2,"minecraft:dark_oak_fence":1,"iter_rpg:spawner_fragment":4,"minecraft:crafting_table":3,"byg:soapstone":9,"minecraft:azure_bluet":2,"minecraft:chicken":1,"minecraft:turtle_helmet":1,"minecraft:leather_leggings":1,"twilightforest:nagastone":4,"woodworks:spruce_chest":1,"minecraft:iron_axe":1,"minecraft:netherite_scrap":1,"minecraft:white_carpet":2,"cisco_mod:adventurer_chestplate":1,"minecraft:cracked_stone_bricks":13,"minecraft:beef":21,"quark:permafrost":69,"minecraft:poppy":1,"globalxp:xp_block":1,"minecraft:dark_oak_sapling":2,"minecraft:raw_iron":123,"minecraft:bowl":2,"minecraft:spruce_fence":8,"minecraft:stone_pressure_plate":1,"byg:biomepedia":1,"minecraft:arrow":20,"majruszsaccessories:lucky_rock":1,"minecraft:hay_block":34,"minecraft:mutton":2,"forbidden_arcanus:spawner_scrap":5,"minecraft:oxeye_daisy":1,"enemyexpansion:horsehead_helmet":1,"minecraft:tripwire_hook":1,"minecraft:leather":10,"minecraft:red_mushroom":2,"minecraft:birch_planks":1,"savage_and_ravage:creeper_spores":3,"minecraft:oak_log":5,"minecraft:yellow_bed":1,"minecraft:golden_boots":1,"minecraft:gunpowder":10,"minecraft:cobblestone_stairs":1,"minecraft:stone_bricks":13,"minecraft:iron_ingot":2,"apotheosis:gem_dust":1,"twilightforest:nagastone_pillar":2,"minecraft:stone_brick_slab":1,"minecraft:dandelion":8,"minecraft:gravel":2,"undead_unleashed:grave_metal_scrap":10,"minecraft:spruce_log":34,"ars_nouveau:music_disc_thistle_the_sound_of_glass":1,"forbidden_arcanus:arcane_crystal":1,"minecraft:slime_ball":1,"minecraft:iron_helmet":1,"minecraft:mossy_cobblestone_stairs":1,"undead_unleashed:grave_metal_axe":1,"minecraft:damaged_anvil":1,"twilightforest:spiral_bricks":12,"minecraft:black_wool":2,"majruszsdifficulty:tattered_chestplate":1,"minecraft:coal":115,"minecraft:ender_pearl":1},"minecraft:used":{"twilightforest:spiral_bricks":2,"cisco_mod:adventurer_chestplate":1,"minecraft:shield":19,"minecraft:iron_sword":35,"minecraft:zombie_spawn_egg":4,"minecraft:mutton":2,"mcsa:dragonsbane_boots":1,"minecraft:stone_bricks":5,"minecraft:furnace":8,"minecraft:stone_pickaxe":28,"minecraft:oak_planks":10,"minecraft:wooden_pickaxe":7,"simplyswords:diamond_halberd":57,"minecraft:diamond_axe":79,"woodworks:spruce_ladder":30,"simplyswords:diamond_spear":502,"minecraft:blast_furnace":4,"minecraft:black_bed":1,"farmersdelight:ratatouille":1,"minecraft:bread":57,"minecraft:wooden_sword":19,"twilightforest:mossy_nagastone_pillar":2,"minecraft:iron_bars":2,"minecraft:enchanting_table":1,"minecraft:flint_and_steel":2,"minecraft:spruce_planks":6,"woodworks:spruce_chest":11,"minecraft:torch":15,"byg:lush_dirt":4,"minecraft:bookshelf":5,"minecraft:beef":9,"minecraft:cooked_beef":2,"minecraft:water_bucket":55,"minecraft:cracked_stone_bricks":7,"minecraft:crafting_table":1,"minecraft:smoker":3,"farmersdelight:bacon_and_eggs":3,"minecraft:diamond_pickaxe":690,"minecraft:iron_pickaxe":5,"minecraft:map":1,"minecraft:stone_axe":51,"alexsmobs:tendon_whip":2,"minecraft:cobblestone":188,"twilightforest:nagastone_pillar":2,"minecraft:porkchop":3,"minecraft:cooked_porkchop":33,"minecraft:bucket":56,"minecraft:smooth_stone":5},"minecraft:custom":{"enigmaticlegacy:play_time_with_seven_curses":0,"lootr:looted_stat":63,"minecraft:interact_with_crafting_table":27,"minecraft:leave_game":6,"minecraft:time_since_death":1222,"minecraft:damage_resisted":0,"minecraft:sprint_one_cm":1023229,"minecraft:damage_blocked_by_shield":748,"minecraft:drop":81,"minecraft:talked_to_villager":2,"minecraft:play_time":252308,"minecraft:deaths":3,"minecraft:jump":4372,"minecraft:walk_on_water_one_cm":40165,"minecraft:interact_with_furnace":27,"minecraft:sleep_in_bed":6,"minecraft:waystone_activated":1,"minecraft:damage_dealt":46530,"minecraft:player_kills":1,"minecraft:crouch_one_cm":133119,"minecraft:interact_with_smoker":8,"minecraft:mob_kills":132,"minecraft:damage_dealt_resisted":290,"minecraft:climb_one_cm":9601,"minecraft:walk_one_cm":677746,"minecraft:sneak_time":26359,"minecraft:walk_under_water_one_cm":14681,"minecraft:interact_with_blast_furnace":15,"minecraft:total_world_time":252308,"enigmaticlegacy:play_time_without_seven_curses":252084,"minecraft:time_since_rest":1249,"minecraft:damage_taken":6243,"minecraft:swim_one_cm":13450,"minecraft:fly_one_cm":932403,"minecraft:open_chest":108,"minecraft:fall_one_cm":136103},"minecraft:crafted":{"minecraft:smooth_stone":17,"minecraft:oak_planks":20,"minecraft:stone":20,"minecraft:smoker":1,"minecraft:cooked_porkchop":46,"minecraft:spruce_planks":128,"minecraft:wooden_pickaxe":1,"cisco_mod:adventurer_chestplate":1,"minecraft:iron_chestplate":1,"minecraft:shield":1,"minecraft:stick":68,"minecraft:iron_ingot":33,"minecraft:gold_ingot":25,"minecraft:black_bed":1,"minecraft:furnace":3,"minecraft:blast_furnace":4,"woodworks:spruce_chest":10,"woodworks:spruce_ladder":32,"minecraft:stone_pickaxe":1,"minecraft:wheat":306,"minecraft:stone_axe":1,"minecraft:bread":102,"minecraft:air":0,"minecraft:iron_shovel":1,"minecraft:torch":20}},"DataVersion":3120}