{"stats":{"minecraft:killed":{"minecraft:pig":25,"minecraft:witch":1,"enemyexpansion:equestrian":1,"minecraft:spider":1,"iter_rpg:spiderling":4,"enemyexpansion:sprinter":1,"minecraft:sheep":1,"minecraft:skeleton":1,"minecraft:zombie":6,"minecraft:chicken":1,"iter_rpg:giant_spider":2,"minecraft:cow":10},"minecraft:dropped":{"minecraft:wheat_seeds":4,"minecraft:bowl":5,"minecraft:chicken":1,"minecraft:feather":1,"minecraft:iron_hoe":1,"minecraft:stick":2,"minecraft:gunpowder":8,"minecraft:wooden_sword":1,"minecraft:arrow":2,"minecraft:stone_pickaxe":1,"minecraft:wooden_pickaxe":1,"immersive_armors:wooden_chestplate":1,"minecraft:black_wool":1,"minecraft:bone":1,"minecraft:redstone":4},"minecraft:mined":{"irons_spellbooks:pedestal":1,"minecraft:mossy_cobblestone":1,"minecraft:smoker":2,"minecraft:stone_brick_slab":1,"minecraft:crafting_table":2,"minecraft:granite":2,"minecraft:emerald_ore":2,"darkerdepths:amber":1,"minecraft:tall_grass":1,"minecraft:damaged_anvil":1,"minecraft:grindstone":1,"minecraft:oak_planks":4,"minecraft:hay_block":34,"byg:soapstone":1,"minecraft:furnace":4,"minecraft:iron_ore":51,"minecraft:grass":1,"minecraft:oak_log":5,"minecraft:coal_ore":31,"minecraft:iron_bars":1,"minecraft:cobweb":2,"minecraft:stone_bricks":1,"quark:permafrost":3,"minecraft:stone":22,"minecraft:oak_leaves":2},"minecraft:picked_up":{"byg:soapstone":1,"minecraft:crafting_table":2,"minecraft:feather":1,"minecraft:chicken":1,"minecraft:tripwire_hook":1,"minecraft:leather":10,"minecraft:smoker":2,"minecraft:potion":1,"minecraft:oak_log":5,"minecraft:string":7,"minecraft:bone":1,"minecraft:beetroot":1,"irons_spellbooks:pedestal":1,"minecraft:wheat_seeds":6,"quark:permafrost":69,"minecraft:grindstone":1,"minecraft:beef":21,"minecraft:oak_planks":4,"minecraft:furnace":4,"minecraft:raw_iron":50,"apotheosis:gem":4,"minecraft:stone_brick_slab":1,"iter_rpg:spider_silk":3,"minecraft:bowl":2,"minecraft:porkchop":99,"undead_unleashed:grave_metal_scrap":1,"sophisticatedbackpacks:iron_backpack":1,"minecraft:spruce_log":2,"minecraft:arrow":2,"minecraft:rotten_flesh":4,"minecraft:hay_block":34,"minecraft:granite":2,"minecraft:iron_bars":2,"minecraft:emerald":2,"minecraft:damaged_anvil":1,"minecraft:dark_oak_fence":1,"minecraft:cobblestone":22,"minecraft:black_wool":1,"minecraft:mutton":2,"minecraft:coal":42},"minecraft:crafted":{"minecraft:oak_planks":20,"minecraft:cooked_porkchop":46,"minecraft:wooden_pickaxe":1,"minecraft:stone_axe":1,"minecraft:bread":102,"minecraft:air":0,"minecraft:iron_chestplate":1,"minecraft:stick":16,"minecraft:iron_ingot":8,"minecraft:stone_pickaxe":1,"minecraft:black_bed":1,"minecraft:wheat":306,"minecraft:smoker":1},"minecraft:custom":{"enigmaticlegacy:play_time_with_seven_curses":0,"minecraft:interact_with_furnace":7,"lootr:looted_stat":24,"minecraft:mob_kills":56,"enigmaticlegacy:play_time_without_seven_curses":73742,"minecraft:interact_with_crafting_table":11,"minecraft:damage_dealt_resisted":249,"minecraft:leave_game":1,"minecraft:time_since_death":73742,"minecraft:climb_one_cm":4523,"minecraft:waystone_activated":1,"minecraft:time_since_rest":73742,"minecraft:sprint_one_cm":234623,"minecraft:damage_taken":773,"minecraft:walk_one_cm":160474,"minecraft:drop":17,"minecraft:damage_dealt":10715,"minecraft:talked_to_villager":1,"minecraft:swim_one_cm":2952,"minecraft:fly_one_cm":361894,"minecraft:player_kills":1,"minecraft:open_chest":6,"minecraft:crouch_one_cm":37782,"minecraft:play_time":73742,"minecraft:sneak_time":8173,"minecraft:walk_under_water_one_cm":6527,"minecraft:jump":1302,"minecraft:walk_on_water_one_cm":23076,"minecraft:interact_with_smoker":8,"minecraft:total_world_time":73742,"minecraft:fall_one_cm":43713},"minecraft:used":{"minecraft:water_bucket":30,"minecraft:stone_pickaxe":28,"minecraft:oak_planks":10,"minecraft:wooden_pickaxe":7,"minecraft:iron_sword":35,"minecraft:zombie_spawn_egg":4,"minecraft:diamond_axe":5,"minecraft:mutton":2,"minecraft:crafting_table":1,"simplyswords:diamond_spear":38,"minecraft:black_bed":1,"minecraft:smoker":3,"farmersdelight:bacon_and_eggs":2,"farmersdelight:ratatouille":1,"minecraft:diamond_pickaxe":90,"minecraft:bread":10,"minecraft:iron_pickaxe":5,"minecraft:stone_axe":51,"minecraft:wooden_sword":19,"minecraft:beef":9,"minecraft:furnace":3,"minecraft:cooked_porkchop":3,"minecraft:bucket":31}},"DataVersion":3120}