{"stats":{"minecraft:dropped":{"minecraft:wheat_seeds":3,"minecraft:bowl":5,"minecraft:chicken":1,"minecraft:feather":1,"minecraft:wooden_sword":1,"minecraft:iron_hoe":1,"minecraft:arrow":2,"minecraft:wooden_pickaxe":1,"minecraft:redstone":4,"minecraft:bone":1,"minecraft:stick":2},"minecraft:killed":{"minecraft:sheep":1,"minecraft:skeleton":1,"minecraft:zombie":5,"minecraft:pig":17,"minecraft:chicken":1,"minecraft:cow":8},"minecraft:mined":{"minecraft:hay_block":3,"minecraft:crafting_table":1,"minecraft:coal_ore":14,"minecraft:oak_log":5,"minecraft:stone":10,"minecraft:oak_leaves":2},"minecraft:picked_up":{"minecraft:crafting_table":1,"minecraft:feather":1,"minecraft:chicken":1,"minecraft:leather":9,"minecraft:bowl":2,"minecraft:porkchop":37,"minecraft:oak_log":5,"sophisticatedbackpacks:iron_backpack":1,"undead_unleashed:grave_metal_scrap":1,"minecraft:spruce_log":2,"minecraft:bone":1,"minecraft:arrow":2,"minecraft:wheat_seeds":4,"minecraft:hay_block":3,"minecraft:beef":15,"minecraft:black_wool":1,"minecraft:mutton":2,"minecraft:coal":14,"minecraft:cobblestone":11},"minecraft:crafted":{"minecraft:oak_planks":20,"minecraft:stick":8,"minecraft:wooden_pickaxe":1,"minecraft:stone_pickaxe":1,"minecraft:stone_axe":1},"minecraft:custom":{"minecraft:time_since_rest":37742,"enigmaticlegacy:play_time_with_seven_curses":0,"lootr:looted_stat":8,"minecraft:sprint_one_cm":112188,"minecraft:damage_taken":225,"minecraft:walk_one_cm":63277,"minecraft:mob_kills":35,"minecraft:drop":12,"minecraft:damage_dealt":6018,"enigmaticlegacy:play_time_without_seven_curses":37742,"minecraft:interact_with_crafting_table":3,"minecraft:fly_one_cm":230064,"minecraft:player_kills":1,"minecraft:crouch_one_cm":21284,"minecraft:play_time":37742,"minecraft:sneak_time":4398,"minecraft:jump":733,"minecraft:damage_dealt_resisted":249,"minecraft:leave_game":1,"minecraft:walk_on_water_one_cm":3889,"minecraft:time_since_death":37742,"minecraft:climb_one_cm":144,"minecraft:total_world_time":37742,"minecraft:fall_one_cm":22662},"minecraft:used":{"farmersdelight:bacon_and_eggs":2,"farmersdelight:ratatouille":1,"minecraft:stone_pickaxe":17,"minecraft:zombie_spawn_egg":4,"minecraft:wooden_pickaxe":7,"minecraft:iron_sword":35,"minecraft:stone_axe":37,"minecraft:wooden_sword":19,"minecraft:mutton":2,"minecraft:beef":4,"minecraft:cooked_porkchop":1}},"DataVersion":3120}