{"stats":{"minecraft:mined":{"minecraft:diamond_ore":2,"minecraft:mossy_cobblestone":1,"minecraft:granite":10,"minecraft:spruce_fence":9,"minecraft:grass_block":2,"darkerdepths:amber":1,"iter_rpg:big_vase":1,"minecraft:hay_block":34,"forbidden_arcanus:arcane_crystal_ore":1,"minecraft:furnace":5,"minecraft:iron_ore":125,"minecraft:deepslate_lapis_ore":2,"darkerdepths:shale":3,"minecraft:iron_bars":1,"quark:permafrost":3,"minecraft:stone":198,"irons_spellbooks:pedestal":1,"minecraft:smoker":2,"minecraft:stone_brick_slab":1,"minecraft:crafting_table":3,"minecraft:emerald_ore":2,"galosphere:silver_ore":22,"minecraft:tall_grass":2,"minecraft:cobblestone":11,"minecraft:lapis_ore":8,"minecraft:deepslate_gold_ore":3,"minecraft:grindstone":1,"minecraft:oak_planks":4,"minecraft:damaged_anvil":1,"minecraft:diorite":1,"byg:soapstone":10,"forbidden_arcanus:xpetrified_ore":1,"minecraft:spruce_log":33,"celestisynth:lunar_stone":1,"minecraft:grass":3,"minecraft:coal_ore":39,"minecraft:oak_log":5,"minecraft:gravel":2,"minecraft:dirt":10,"minecraft:cobweb":2,"minecraft:spruce_fence_gate":1,"minecraft:stone_bricks":1,"minecraft:deepslate":3,"minecraft:gold_ore":22,"minecraft:oak_leaves":2},"minecraft:dropped":{"minecraft:iron_ingot":20,"minecraft:porkchop":3,"minecraft:wheat_seeds":4,"quark:permafrost":65,"minecraft:oak_log":3,"irons_spellbooks:lightning_bottle":5,"minecraft:golden_horse_armor":1,"minecraft:iron_helmet":1,"minecraft:feather":1,"minecraft:granite":2,"cisco_mod:adventurer_chestplate":1,"minecraft:stick":2,"irons_spellbooks:scroll":2,"byg:soapstone":1,"minecraft:potion":1,"minecraft:wooden_sword":1,"immersive_armors:wooden_chestplate":1,"minecraft:string":7,"minecraft:tripwire_hook":1,"minecraft:gold_ingot":21,"minecraft:bone":1,"minecraft:stone_brick_slab":1,"minecraft:redstone":4,"minecraft:cobbled_deepslate":3,"minecraft:bowl":6,"minecraft:chicken":1,"minecraft:rotten_flesh":2,"minecraft:iron_hoe":1,"minecraft:potato":1,"minecraft:gunpowder":8,"iter_rpg:spider_silk":3,"minecraft:iron_bars":2,"minecraft:arrow":2,"minecraft:wooden_pickaxe":1,"minecraft:stone_pickaxe":1,"minecraft:black_wool":1},"minecraft:killed":{"minecraft:witch":1,"minecraft:spider":2,"enemyexpansion:equestrian":3,"minecraft:skeleton":5,"minecraft:chicken":1,"minecraft:skeleton_horse":1,"enemyexpansion:goblin":1,"minecraft:pig":25,"minecraft:zombie_villager":1,"iter_rpg:spiderling":4,"enemyexpansion:sprinter":2,"minecraft:creeper":2,"minecraft:sheep":1,"minecraft:zombie":16,"iter_rpg:giant_spider":2,"minecraft:cow":10,"enemyexpansion:slugger":1},"minecraft:picked_up":{"minecraft:crafting_table":3,"byg:soapstone":9,"minecraft:chicken":1,"minecraft:potion":1,"minecraft:string":9,"darkerdepths:shale":3,"minecraft:experience_bottle":1,"cisco_mod:adventurer_chestplate":1,"minecraft:beetroot":1,"minecraft:smooth_stone":3,"minecraft:cobbled_deepslate":3,"twigs:pebble":1,"celestisynth:lunar_stone":1,"minecraft:beef":21,"quark:permafrost":69,"minecraft:furnace":5,"minecraft:raw_iron":123,"apotheosis:gem":12,"minecraft:bowl":2,"minecraft:spruce_fence":8,"minecraft:porkchop":99,"minecraft:diorite":1,"majruszsaccessories:dream_catcher":1,"minecraft:arrow":9,"minecraft:rotten_flesh":15,"majruszsaccessories:lucky_rock":1,"minecraft:hay_block":34,"minecraft:mutton":2,"minecraft:iron_bars":2,"minecraft:cobblestone":237,"minecraft:magma_block":14,"minecraft:feather":1,"enemyexpansion:horsehead_helmet":1,"minecraft:tripwire_hook":1,"minecraft:leather":10,"minecraft:smoker":2,"minecraft:potato":5,"savage_and_ravage:creeper_spores":3,"minecraft:oak_log":5,"minecraft:gunpowder":3,"minecraft:lapis_lazuli":61,"minecraft:dirt":20,"minecraft:bone":5,"irons_spellbooks:pedestal":1,"minecraft:wheat_seeds":6,"minecraft:raw_gold":25,"minecraft:iron_ingot":1,"minecraft:grindstone":1,"galosphere:raw_silver":22,"minecraft:oak_planks":4,"minecraft:stone_brick_slab":1,"iter_rpg:spider_silk":3,"minecraft:gravel":2,"undead_unleashed:grave_metal_scrap":5,"sophisticatedbackpacks:iron_backpack":1,"minecraft:spruce_log":34,"forbidden_arcanus:arcane_crystal":1,"minecraft:spruce_fence_gate":1,"minecraft:diamond":2,"minecraft:iron_helmet":1,"minecraft:granite":10,"minecraft:golden_horse_armor":1,"minecraft:emerald":2,"alexsmobs:maggot":2,"minecraft:damaged_anvil":1,"minecraft:black_wool":1,"minecraft:dark_oak_fence":1,"minecraft:coal":86},"minecraft:used":{"cisco_mod:adventurer_chestplate":1,"minecraft:shield":14,"minecraft:iron_sword":35,"minecraft:zombie_spawn_egg":4,"minecraft:mutton":2,"minecraft:beef":9,"minecraft:furnace":5,"minecraft:water_bucket":53,"minecraft:stone_pickaxe":28,"minecraft:oak_planks":10,"minecraft:wooden_pickaxe":7,"minecraft:diamond_axe":49,"minecraft:crafting_table":1,"minecraft:blast_furnace":1,"simplyswords:diamond_spear":165,"minecraft:black_bed":1,"minecraft:smoker":3,"farmersdelight:bacon_and_eggs":3,"farmersdelight:ratatouille":1,"minecraft:diamond_pickaxe":460,"minecraft:bread":26,"minecraft:iron_pickaxe":5,"minecraft:stone_axe":51,"minecraft:wooden_sword":19,"minecraft:cobblestone":9,"minecraft:cooked_porkchop":11,"minecraft:bucket":54,"minecraft:smooth_stone":5},"minecraft:custom":{"enigmaticlegacy:play_time_with_seven_curses":0,"lootr:looted_stat":24,"minecraft:mob_kills":86,"minecraft:interact_with_crafting_table":20,"minecraft:damage_dealt_resisted":249,"minecraft:leave_game":4,"minecraft:time_since_death":126878,"minecraft:climb_one_cm":4763,"minecraft:damage_resisted":0,"minecraft:sprint_one_cm":382550,"minecraft:walk_one_cm":315043,"minecraft:damage_blocked_by_shield":422,"minecraft:drop":45,"minecraft:talked_to_villager":1,"minecraft:play_time":126878,"minecraft:sneak_time":13215,"minecraft:walk_under_water_one_cm":13866,"minecraft:jump":2458,"minecraft:interact_with_blast_furnace":9,"minecraft:walk_on_water_one_cm":28764,"minecraft:total_world_time":126878,"minecraft:interact_with_furnace":22,"enigmaticlegacy:play_time_without_seven_curses":126878,"minecraft:sleep_in_bed":2,"minecraft:time_since_rest":14248,"minecraft:waystone_activated":1,"minecraft:damage_taken":2256,"minecraft:damage_dealt":20806,"minecraft:swim_one_cm":3314,"minecraft:fly_one_cm":582608,"minecraft:player_kills":1,"minecraft:open_chest":21,"minecraft:crouch_one_cm":57775,"minecraft:fall_one_cm":85071,"minecraft:interact_with_smoker":8},"minecraft:crafted":{"minecraft:smooth_stone":17,"minecraft:oak_planks":20,"minecraft:blast_furnace":1,"minecraft:stone":20,"woodworks:spruce_chest":8,"minecraft:stone_pickaxe":1,"minecraft:wheat":306,"minecraft:smoker":1,"minecraft:cooked_porkchop":46,"minecraft:spruce_planks":128,"minecraft:wooden_pickaxe":1,"minecraft:stone_axe":1,"minecraft:bread":102,"minecraft:air":0,"cisco_mod:adventurer_chestplate":1,"minecraft:iron_chestplate":1,"minecraft:shield":1,"minecraft:stick":16,"minecraft:iron_ingot":33,"minecraft:gold_ingot":25,"minecraft:black_bed":1}},"DataVersion":3120}