{"stats":{"minecraft:mined":{"minecraft:mossy_cobblestone":4,"minecraft:sculk_vein":4,"minecraft:granite":3,"minecraft:grass_block":4,"minecraft:spruce_leaves":2,"iter_rpg:big_vase":1,"minecraft:spawner":1,"minecraft:large_fern":1,"minecraft:magma_block":19,"minecraft:furnace":2,"minecraft:iron_ore":36,"minecraft:andesite":7,"minecraft:pumpkin":68,"minecraft:oak_stairs":1,"minecraft:bookshelf":4,"minecraft:vine":5,"minecraft:deepslate_iron_ore":1,"minecraft:iron_bars":5,"minecraft:packed_ice":10,"minecraft:stone":355,"minecraft:smithing_table":1,"minecraft:glass_pane":1,"minecraft:red_bed":2,"supplementaries:book_pile":1,"minecraft:powder_snow":12,"minecraft:crafting_table":5,"delightful:pumpkin_pie":2,"galosphere:silver_ore":2,"minecraft:cobblestone":14,"minecraft:grindstone":1,"minecraft:lapis_ore":6,"minecraft:oak_planks":12,"minecraft:sculk":1,"minecraft:diorite":9,"minecraft:wall_torch":2,"atmospheric:orange":2,"byg:soapstone":7,"forbidden_arcanus:xpetrified_ore":4,"minecraft:spruce_log":7,"minecraft:grass":4,"minecraft:coal_ore":57,"minecraft:oak_log":45,"minecraft:gravel":6,"minecraft:dirt":7,"minecraft:cobweb":10,"minecraft:cracked_stone_bricks":2,"minecraft:stone_bricks":2,"minecraft:chipped_anvil":1,"minecraft:gold_ore":6,"minecraft:mossy_stone_bricks":4,"minecraft:oak_leaves":11,"minecraft:fern":1},"minecraft:dropped":{"byg:biomepedia":1,"minecraft:iron_sword":2,"minecraft:birch_planks":1,"minecraft:wheat_seeds":5,"minecraft:mossy_cobblestone":1,"minecraft:iron_helmet":3,"minecraft:cobblestone":23,"cisco_mod:adventurer_chestplate":2,"minecraft:chainmail_helmet":1,"minecraft:coal":4,"minecraft:birch_slab":1,"minecraft:stick":12,"minecraft:cobweb":3,"minecraft:gray_wool":1,"galosphere:raw_silver":2,"minecraft:torch":1,"minecraft:mutton":4,"byg:soapstone":1,"farmersdelight:cooked_mutton_chops":1,"minecraft:iron_leggings":1,"delightful:acorn":2,"minecraft:gold_nugget":4,"minecraft:mossy_cobblestone_stairs":2,"immersive_armors:wooden_chestplate":2,"irons_spellbooks:frozen_bone":3,"ars_nouveau:wilden_wing":2,"minecraft:bone":10,"minecraft:gravel":1,"majruszsdifficulty:tattered_chestplate":1,"minecraft:stone_axe":2,"minecraft:stone_sword":2,"alexsmobs:animal_dictionary":1,"minecraft:wheat":6,"immersive_armors:wooden_boots":2,"minecraft:rotten_flesh":2,"minecraft:oak_planks":9,"minecraft:iron_boots":1,"minecraft:diamond_sword":1,"minecraft:tipped_arrow":1,"minecraft:shield":1,"minecraft:gunpowder":2,"aether:iron_gloves":2,"apotheosis:gem":7,"minecraft:oak_sapling":9,"farmersdelight:bacon_and_eggs":16,"minecraft:stone_bricks":1,"minecraft:iron_bars":3,"minecraft:arrow":4,"minecraft:bow":1,"minecraft:stone_pickaxe":1,"farmersdelight:ratatouille":16,"immersive_armors:wooden_helmet":2,"alexsmobs:fedora":1},"minecraft:custom":{"minecraft:interact_with_smithing_table":6,"enigmaticlegacy:play_time_with_seven_curses":0,"lootr:looted_stat":50,"minecraft:interact_with_anvil":3,"minecraft:mob_kills":29,"minecraft:interact_with_crafting_table":56,"minecraft:damage_dealt_resisted":109,"minecraft:time_since_death":41064,"minecraft:leave_game":4,"minecraft:climb_one_cm":7389,"minecraft:damage_resisted":33,"minecraft:sprint_one_cm":475347,"minecraft:walk_one_cm":876782,"minecraft:damage_blocked_by_shield":192,"minecraft:drop":95,"minecraft:talked_to_villager":2,"minecraft:walk_under_water_one_cm":17330,"minecraft:play_time":233372,"minecraft:deaths":12,"minecraft:sneak_time":4436,"minecraft:boat_one_cm":302,"minecraft:jump":4611,"minecraft:walk_on_water_one_cm":38714,"minecraft:total_world_time":233372,"minecraft:interact_with_furnace":25,"enigmaticlegacy:play_time_without_seven_curses":231355,"minecraft:interact_with_grindstone":2,"minecraft:sleep_in_bed":4,"minecraft:time_since_rest":19641,"minecraft:waystone_activated":1,"minecraft:damage_taken":6977,"minecraft:damage_absorbed":297,"minecraft:damage_dealt":12465,"minecraft:swim_one_cm":15293,"minecraft:fly_one_cm":679875,"minecraft:open_chest":58,"minecraft:crouch_one_cm":12275,"minecraft:interact_with_smoker":1,"minecraft:fall_one_cm":122251},"minecraft:crafted":{"minecraft:golden_carrot":2,"minecraft:oak_planks":76,"minecraft:furnace":1,"minecraft:stone":3,"minecraft:iron_axe":1,"minecraft:stone_pickaxe":1,"aether:diamond_gloves":1,"farmersdelight:cooked_mutton_chops":1,"minecraft:crafting_table":3,"minecraft:spruce_planks":28,"minecraft:wooden_pickaxe":1,"minecraft:stone_axe":1,"minecraft:air":0,"woodworks:oak_chest":1,"immersive_armors:wooden_boots":1,"minecraft:oak_boat":1,"cisco_mod:adventurer_chestplate":1,"minecraft:iron_chestplate":1,"minecraft:shield":1,"minecraft:stick":28,"minecraft:stone_slab":6,"minecraft:iron_ingot":27,"minecraft:iron_pickaxe":1,"minecraft:iron_block":3,"minecraft:gold_ingot":6,"minecraft:anvil":1,"minecraft:grindstone":1},"minecraft:killed_by":{"iter_rpg:air_elemental":1,"minecraft:creeper":1,"enemyexpansion:equestrian":1,"minecraft:silverfish":1,"minecraft:skeleton":3,"majruszsdifficulty:cursed_armor":2},"minecraft:used":{"quark:ancient_tome":1,"minecraft:enchanting_table":1,"minecraft:iron_bars":2,"minecraft:stone_sword":1,"minecraft:shield":7,"minecraft:iron_sword":126,"minecraft:stick":1,"minecraft:anvil":1,"minecraft:dirt":4,"simplyswords:sword_on_a_stick":9,"minecraft:iron_axe":20,"minecraft:golden_carrot":2,"simplyswords:iron_scythe":105,"minecraft:furnace":2,"minecraft:mossy_stone_bricks":1,"minecraft:stone_pickaxe":127,"minecraft:oak_planks":48,"minecraft:wooden_pickaxe":21,"minecraft:cracked_stone_bricks":1,"minecraft:golden_apple":18,"minecraft:red_bed":2,"minecraft:crafting_table":10,"supplementaries:bomb":4,"minecraft:oak_log":2,"minecraft:diamond_pickaxe":31,"sophisticatedbackpacks:backpack":2,"minecraft:string":1,"minecraft:iron_pickaxe":401,"minecraft:stone_axe":125,"minecraft:diamond_sword":36,"minecraft:cobblestone":192,"minecraft:grindstone":1,"minecraft:smithing_table":1,"alexsmobs:animal_dictionary":1,"minecraft:oak_boat":1,"minecraft:experience_bottle":1},"minecraft:picked_up":{"apotheosis:superior_sigil_of_socketing":1,"minecraft:crafting_table":5,"byg:soapstone":1,"minecraft:wheat":6,"minecraft:smithing_table":1,"minecraft:diamond_sword":1,"aether:iron_gloves":1,"forbidden_arcanus:xpetrified_orb":3,"minecraft:string":14,"minecraft:red_bed":2,"minecraft:netherite_ingot":1,"minecraft:experience_bottle":1,"minecraft:beetroot":1,"cisco_mod:adventurer_chestplate":1,"minecraft:cracked_stone_bricks":3,"minecraft:gold_nugget":3,"delightful:acorn":2,"minecraft:iron_pickaxe":1,"minecraft:furnace":2,"minecraft:tipped_arrow":1,"minecraft:stick":2,"minecraft:raw_iron":35,"apotheosis:gem":11,"minecraft:torch":5,"majruszsaccessories:adventurer_kit":1,"quark:ancient_tome":1,"minecraft:stone_sword":2,"immersive_armors:wooden_helmet":1,"minecraft:arrow":4,"minecraft:rotten_flesh":2,"simplyswords:sword_on_a_stick":1,"minecraft:beetroot_seeds":3,"minecraft:diamond_boots":1,"sophisticatedbackpacks:copper_backpack":1,"minecraft:mutton":4,"minecraft:iron_bars":5,"minecraft:cobblestone":232,"minecraft:birch_slab":1,"minecraft:birch_planks":1,"ars_nouveau:wilden_wing":1,"minecraft:oak_log":45,"minecraft:gunpowder":2,"minecraft:wither_skeleton_skull":2,"minecraft:lapis_lazuli":36,"minecraft:dirt":4,"atmospheric:orange":2,"minecraft:chipped_anvil":1,"minecraft:bone":10,"minecraft:apple":2,"minecraft:stone_bricks":1,"minecraft:bow":1,"minecraft:wheat_seeds":5,"minecraft:raw_gold":6,"minecraft:grindstone":1,"minecraft:iron_ingot":2,"minecraft:mossy_stone_bricks":1,"apotheosis:mythic_material":1,"galosphere:raw_silver":2,"minecraft:iron_sword":1,"minecraft:oak_planks":5,"minecraft:book":12,"irons_spellbooks:frozen_bone":3,"minecraft:pumpkin":68,"minecraft:gravel":2,"undead_unleashed:grave_metal_scrap":1,"minecraft:spruce_log":7,"minecraft:mossy_cobblestone":1,"minecraft:stone_axe":1,"immersive_armors:wooden_chestplate":1,"minecraft:iron_helmet":2,"minecraft:mossy_cobblestone_stairs":2,"minecraft:golden_apple":9,"minecraft:gray_wool":1,"minecraft:oak_sapling":9,"immersive_armors:wooden_boots":1,"minecraft:coal":145},"minecraft:killed":{"enemyexpansion:direwolf":2,"minecraft:skeleton":3,"minecraft:silverfish":3,"goblintraders:goblin_trader":1,"minecraft:zombie_villager":1,"iter_rpg:spiderling":3,"majruszsdifficulty:cursed_armor":2,"minecraft:sheep":2,"enemyexpansion:crawler":1,"minecraft:zombie":6,"enemyexpansion:botfly":3,"minecraft:stray":1,"iter_rpg:giant_spider":1}},"DataVersion":3120}