{"stats":{"minecraft:killed_by":{"minecraft:skeleton":1},"minecraft:mined":{"minecraft:crafting_table":1,"minecraft:grass":2,"minecraft:grass_block":3,"minecraft:oak_log":14,"minecraft:dirt":1,"minecraft:cobblestone":1,"minecraft:stone":18,"minecraft:oak_leaves":6},"minecraft:picked_up":{"minecraft:crafting_table":1,"minecraft:oak_log":14,"minecraft:dirt":4,"minecraft:rotten_flesh":1,"cisco_mod:adventurer_chestplate":1,"minecraft:gray_wool":1,"minecraft:oak_sapling":2,"minecraft:mutton":1,"minecraft:cobblestone":19},"minecraft:killed":{"minecraft:sheep":1},"minecraft:used":{"minecraft:oak_log":2,"minecraft:stone_pickaxe":1,"minecraft:wooden_pickaxe":21,"minecraft:stone_axe":13,"minecraft:dirt":3,"minecraft:crafting_table":1},"minecraft:custom":{"minecraft:time_since_rest":4913,"enigmaticlegacy:play_time_with_seven_curses":0,"minecraft:interact_with_furnace":1,"minecraft:sprint_one_cm":35308,"minecraft:damage_taken":327,"minecraft:walk_one_cm":16111,"minecraft:mob_kills":1,"minecraft:damage_dealt":105,"enigmaticlegacy:play_time_without_seven_curses":17262,"minecraft:swim_one_cm":6666,"minecraft:interact_with_crafting_table":4,"minecraft:fly_one_cm":79492,"minecraft:open_chest":7,"minecraft:crouch_one_cm":577,"minecraft:play_time":17287,"minecraft:deaths":1,"minecraft:sneak_time":91,"minecraft:walk_under_water_one_cm":558,"minecraft:jump":344,"minecraft:time_since_death":4888,"minecraft:walk_on_water_one_cm":1975,"minecraft:total_world_time":17287,"minecraft:fall_one_cm":8900},"minecraft:crafted":{"immersive_armors:wooden_boots":1,"minecraft:oak_planks":24,"minecraft:crafting_table":1,"minecraft:stick":8,"minecraft:wooden_pickaxe":1,"minecraft:stone_pickaxe":1,"minecraft:stone_axe":1}},"DataVersion":3120}