{"stats":{"minecraft:mined":{"minecraft:sculk_vein":4,"minecraft:granite":3,"minecraft:grass_block":3,"minecraft:spruce_leaves":2,"iter_rpg:big_vase":1,"minecraft:large_fern":1,"minecraft:magma_block":19,"minecraft:furnace":2,"minecraft:iron_ore":36,"minecraft:andesite":7,"minecraft:pumpkin":68,"minecraft:bookshelf":4,"minecraft:deepslate_iron_ore":1,"minecraft:packed_ice":10,"minecraft:stone":232,"minecraft:glass_pane":1,"minecraft:red_bed":1,"minecraft:powder_snow":11,"minecraft:crafting_table":5,"galosphere:silver_ore":2,"minecraft:cobblestone":2,"minecraft:lapis_ore":6,"minecraft:oak_planks":2,"minecraft:sculk":1,"minecraft:diorite":7,"minecraft:wall_torch":1,"atmospheric:orange":2,"byg:soapstone":7,"forbidden_arcanus:xpetrified_ore":4,"minecraft:grass":2,"minecraft:coal_ore":56,"minecraft:oak_log":45,"minecraft:gravel":5,"minecraft:dirt":5,"minecraft:cobweb":4,"minecraft:gold_ore":6,"minecraft:oak_leaves":11,"minecraft:fern":1},"minecraft:dropped":{"minecraft:birch_planks":1,"minecraft:wheat_seeds":5,"minecraft:iron_helmet":3,"minecraft:cobblestone":10,"cisco_mod:adventurer_chestplate":1,"minecraft:chainmail_helmet":1,"minecraft:birch_slab":1,"minecraft:stick":12,"minecraft:gray_wool":1,"galosphere:raw_silver":2,"minecraft:torch":1,"minecraft:mutton":4,"byg:soapstone":1,"minecraft:iron_leggings":1,"delightful:acorn":2,"minecraft:gold_nugget":2,"farmersdelight:cooked_mutton_chops":1,"immersive_armors:wooden_chestplate":2,"minecraft:bone":2,"minecraft:stone_axe":2,"minecraft:wheat":6,"immersive_armors:wooden_boots":2,"minecraft:rotten_flesh":2,"minecraft:oak_planks":9,"minecraft:iron_boots":1,"minecraft:gunpowder":2,"aether:iron_gloves":1,"apotheosis:gem":7,"minecraft:oak_sapling":9,"farmersdelight:bacon_and_eggs":16,"minecraft:arrow":3,"minecraft:stone_pickaxe":1,"farmersdelight:ratatouille":16,"immersive_armors:wooden_helmet":2},"minecraft:killed_by":{"iter_rpg:air_elemental":1,"minecraft:creeper":1,"enemyexpansion:equestrian":1,"minecraft:skeleton":2},"minecraft:killed":{"enemyexpansion:direwolf":2,"minecraft:skeleton":3,"goblintraders:goblin_trader":1,"minecraft:zombie_villager":1,"iter_rpg:spiderling":3,"minecraft:sheep":2,"enemyexpansion:crawler":1,"minecraft:zombie":6,"enemyexpansion:botfly":3,"iter_rpg:giant_spider":1},"minecraft:picked_up":{"minecraft:wheat":6,"minecraft:crafting_table":5,"byg:soapstone":1,"aether:iron_gloves":1,"forbidden_arcanus:xpetrified_orb":3,"minecraft:string":3,"minecraft:red_bed":1,"minecraft:experience_bottle":1,"cisco_mod:adventurer_chestplate":1,"minecraft:gold_nugget":2,"delightful:acorn":2,"minecraft:iron_pickaxe":1,"minecraft:furnace":2,"minecraft:raw_iron":35,"minecraft:stick":2,"apotheosis:gem":10,"minecraft:torch":1,"majruszsaccessories:adventurer_kit":1,"immersive_armors:wooden_helmet":1,"minecraft:arrow":3,"minecraft:rotten_flesh":2,"minecraft:mutton":4,"minecraft:cobblestone":198,"minecraft:birch_slab":1,"minecraft:birch_planks":1,"minecraft:oak_log":45,"minecraft:gunpowder":2,"minecraft:lapis_lazuli":36,"atmospheric:orange":2,"minecraft:dirt":4,"minecraft:bone":2,"minecraft:apple":2,"minecraft:wheat_seeds":5,"minecraft:raw_gold":6,"minecraft:iron_ingot":2,"galosphere:raw_silver":2,"minecraft:oak_planks":1,"minecraft:book":12,"minecraft:pumpkin":68,"minecraft:stone_axe":1,"immersive_armors:wooden_chestplate":1,"minecraft:iron_helmet":2,"minecraft:golden_apple":9,"minecraft:gray_wool":1,"minecraft:oak_sapling":9,"minecraft:coal":144,"immersive_armors:wooden_boots":1},"minecraft:used":{"minecraft:stone_sword":1,"minecraft:shield":7,"minecraft:iron_sword":97,"minecraft:dirt":4,"minecraft:iron_axe":1,"minecraft:golden_carrot":2,"simplyswords:iron_scythe":29,"minecraft:furnace":2,"minecraft:stone_pickaxe":127,"minecraft:oak_planks":22,"minecraft:wooden_pickaxe":21,"minecraft:golden_apple":9,"minecraft:crafting_table":8,"minecraft:oak_log":2,"minecraft:iron_pickaxe":271,"minecraft:stone_axe":125,"minecraft:cobblestone":174,"minecraft:oak_boat":1,"alexsmobs:animal_dictionary":1,"minecraft:experience_bottle":1},"minecraft:custom":{"enigmaticlegacy:play_time_with_seven_curses":0,"lootr:looted_stat":11,"minecraft:mob_kills":25,"minecraft:interact_with_crafting_table":36,"minecraft:damage_dealt_resisted":0,"minecraft:leave_game":3,"minecraft:time_since_death":14388,"minecraft:climb_one_cm":1642,"minecraft:damage_resisted":0,"minecraft:sprint_one_cm":178512,"minecraft:walk_one_cm":484471,"minecraft:damage_blocked_by_shield":192,"minecraft:drop":59,"minecraft:talked_to_villager":2,"minecraft:play_time":132435,"minecraft:deaths":7,"minecraft:sneak_time":2034,"minecraft:walk_under_water_one_cm":17330,"minecraft:boat_one_cm":302,"minecraft:jump":2815,"minecraft:walk_on_water_one_cm":35375,"minecraft:total_world_time":132435,"minecraft:interact_with_furnace":17,"enigmaticlegacy:play_time_without_seven_curses":132229,"minecraft:sleep_in_bed":3,"minecraft:time_since_rest":14420,"minecraft:waystone_activated":1,"minecraft:damage_taken":3992,"minecraft:damage_absorbed":142,"minecraft:damage_dealt":7830,"minecraft:swim_one_cm":15293,"minecraft:fly_one_cm":392911,"minecraft:open_chest":24,"minecraft:crouch_one_cm":7259,"minecraft:interact_with_smoker":1,"minecraft:fall_one_cm":72006},"minecraft:crafted":{"minecraft:golden_carrot":2,"minecraft:oak_planks":76,"minecraft:furnace":1,"minecraft:iron_axe":1,"minecraft:stone_pickaxe":1,"farmersdelight:cooked_mutton_chops":1,"minecraft:crafting_table":3,"minecraft:wooden_pickaxe":1,"minecraft:stone_axe":1,"minecraft:air":0,"immersive_armors:wooden_boots":1,"minecraft:oak_boat":1,"cisco_mod:adventurer_chestplate":1,"minecraft:iron_chestplate":1,"minecraft:shield":1,"minecraft:stick":20,"minecraft:iron_ingot":27,"minecraft:iron_pickaxe":1,"minecraft:gold_ingot":6}},"DataVersion":3120}