{"stats":{"minecraft:mined":{"minecraft:sculk_vein":4,"minecraft:granite":3,"minecraft:grass_block":4,"minecraft:spawner":1,"minecraft:magma_block":19,"minecraft:iron_ore":36,"minecraft:pumpkin":68,"minecraft:enchanting_table":1,"minecraft:oak_stairs":1,"minecraft:iron_bars":5,"aether:holystone":9,"minecraft:red_bed":2,"supplementaries:book_pile":1,"minecraft:powder_snow":12,"aether:golden_oak_sapling":1,"delightful:pumpkin_pie":2,"galosphere:silver_ore":2,"minecraft:cobblestone":23,"minecraft:grindstone":2,"minecraft:oak_planks":12,"minecraft:wall_torch":2,"minecraft:amethyst_block":1,"byg:soapstone":7,"aether:aether_grass_block":10,"minecraft:grass":4,"minecraft:oak_log":45,"minecraft:dirt":7,"aether:ambrosium_ore":4,"minecraft:oak_leaves":11,"minecraft:mossy_cobblestone":4,"minecraft:spruce_leaves":2,"iter_rpg:big_vase":1,"minecraft:large_fern":1,"aether:aether_dirt":6,"minecraft:furnace":2,"minecraft:andesite":7,"minecraft:bookshelf":4,"minecraft:deepslate_iron_ore":1,"minecraft:vine":5,"minecraft:packed_ice":10,"minecraft:stone":355,"minecraft:smithing_table":1,"minecraft:glass_pane":1,"aether:zanite_ore":1,"minecraft:crafting_table":5,"deep_aether:aerlavender":2,"minecraft:lapis_ore":6,"minecraft:sculk":1,"minecraft:diorite":9,"atmospheric:orange":2,"forbidden_arcanus:xpetrified_ore":4,"minecraft:spruce_log":8,"minecraft:coal_ore":57,"minecraft:gravel":6,"minecraft:cobweb":10,"minecraft:cracked_stone_bricks":2,"minecraft:stone_bricks":2,"minecraft:mossy_stone_bricks":4,"minecraft:gold_ore":6,"minecraft:chipped_anvil":2,"minecraft:fern":1},"minecraft:dropped":{"byg:biomepedia":1,"minecraft:iron_sword":2,"aether:golden_parachute":1,"minecraft:birch_planks":1,"cisco_mod:adventurer_leggings":1,"minecraft:birch_slab":1,"minecraft:mutton":4,"minecraft:gold_nugget":4,"farmersdelight:cooked_mutton_chops":1,"minecraft:amethyst_shard":2,"immersive_armors:wooden_chestplate":2,"minecraft:bone":10,"minecraft:gravel":1,"majruszsdifficulty:tattered_chestplate":1,"minecraft:stone_axe":2,"easy_villagers:breeder":1,"alexsmobs:animal_dictionary":1,"minecraft:wheat":6,"immersive_armors:wooden_boots":2,"minecraft:rotten_flesh":2,"minecraft:oak_planks":9,"minecraft:tipped_arrow":1,"minecraft:gunpowder":2,"easy_villagers:converter":1,"minecraft:beetroot_seeds":3,"apotheosis:gem":7,"minecraft:chest":4,"farmersdelight:bacon_and_eggs":16,"minecraft:iron_bars":3,"minecraft:arrow":4,"farmersdelight:ratatouille":16,"deep_aether:tall_aerlavender":1,"alexsmobs:fedora":1,"easy_villagers:farmer":1,"minecraft:wheat_seeds":5,"minecraft:mossy_cobblestone":1,"minecraft:iron_helmet":3,"minecraft:cobblestone":28,"cisco_mod:adventurer_chestplate":2,"minecraft:chainmail_helmet":1,"minecraft:coal":4,"minecraft:golden_apple":1,"minecraft:stick":21,"minecraft:cobweb":3,"deep_aether:aerlavender":4,"minecraft:gray_wool":1,"galosphere:raw_silver":2,"minecraft:torch":1,"byg:soapstone":1,"minecraft:iron_leggings":1,"delightful:acorn":2,"minecraft:iron_axe":1,"minecraft:mossy_cobblestone_stairs":2,"minecraft:string":1,"irons_spellbooks:frozen_bone":3,"ars_nouveau:wilden_wing":2,"minecraft:stone_sword":2,"minecraft:iron_boots":1,"minecraft:stone_slab":5,"easy_villagers:iron_farm":1,"minecraft:diamond_sword":1,"minecraft:shield":1,"aether:iron_gloves":2,"minecraft:spruce_planks":18,"cisco_mod:champion_coin":12,"minecraft:oak_sapling":9,"easy_villagers:incubator":1,"minecraft:stone_bricks":1,"aether:holystone":3,"minecraft:bow":1,"minecraft:stone_pickaxe":1,"simplyswords:diamond_scythe":1,"easy_villagers:trader":1,"immersive_armors:wooden_helmet":2},"minecraft:custom":{"enigmaticlegacy:play_time_with_seven_curses":0,"lootr:looted_stat":52,"minecraft:interact_with_crafting_table":69,"minecraft:leave_game":4,"minecraft:time_since_death":18736,"minecraft:damage_resisted":279,"minecraft:sprint_one_cm":632396,"minecraft:damage_blocked_by_shield":192,"minecraft:drop":124,"minecraft:talked_to_villager":2,"minecraft:play_time":299372,"minecraft:deaths":14,"minecraft:jump":5713,"minecraft:walk_on_water_one_cm":39578,"minecraft:enchant_item":11,"minecraft:interact_with_furnace":26,"minecraft:sleep_in_bed":5,"minecraft:waystone_activated":1,"minecraft:damage_dealt":18071,"minecraft:crouch_one_cm":12876,"minecraft:interact_with_smoker":1,"minecraft:interact_with_smithing_table":6,"minecraft:mob_kills":32,"minecraft:interact_with_anvil":6,"minecraft:damage_dealt_resisted":109,"minecraft:climb_one_cm":7453,"minecraft:walk_one_cm":1108272,"minecraft:sneak_time":4510,"minecraft:walk_under_water_one_cm":17471,"minecraft:boat_one_cm":302,"minecraft:total_world_time":299372,"enigmaticlegacy:play_time_without_seven_curses":296413,"minecraft:interact_with_grindstone":8,"minecraft:interact_with_stonecutter":1,"minecraft:time_since_rest":9852,"minecraft:damage_taken":9212,"minecraft:damage_absorbed":333,"minecraft:swim_one_cm":15293,"minecraft:fly_one_cm":855557,"minecraft:open_chest":74,"minecraft:fall_one_cm":153714},"minecraft:crafted":{"minecraft:grindstone":1,"minecraft:oak_planks":76,"minecraft:stone":3,"minecraft:diamond_leggings":1,"aether:diamond_gloves":1,"minecraft:crafting_table":3,"minecraft:spruce_planks":28,"minecraft:wooden_pickaxe":1,"immersive_armors:wooden_boots":1,"cisco_mod:adventurer_chestplate":1,"cisco_mod:brightsteel_ingot":36,"minecraft:iron_chestplate":1,"minecraft:shield":1,"minecraft:stick":40,"minecraft:stone_slab":6,"minecraft:iron_ingot":27,"minecraft:iron_pickaxe":1,"minecraft:iron_block":3,"minecraft:gold_ingot":6,"minecraft:golden_carrot":2,"minecraft:furnace":1,"minecraft:iron_axe":1,"minecraft:stone_pickaxe":1,"sophisticatedbackpacks:iron_backpack":2,"minecraft:diamond_sword":1,"farmersdelight:cooked_mutton_chops":1,"sophisticatedbackpacks:gold_backpack":2,"minecraft:stone_axe":1,"minecraft:air":0,"woodworks:oak_chest":1,"minecraft:oak_boat":1,"minecraft:golden_apple":3,"minecraft:anvil":1},"minecraft:killed_by":{"minecraft:creeper":1,"minecraft:silverfish":1,"majruszsdifficulty:cursed_armor":2,"iter_rpg:air_elemental":1,"minecraft:player":1,"enemyexpansion:equestrian":1,"minecraft:skeleton":4},"minecraft:used":{"aether:ambrosium_torch":2,"quark:ancient_tome":1,"minecraft:shield":7,"minecraft:iron_sword":126,"simplyswords:sword_on_a_stick":9,"simplyswords:iron_scythe":105,"minecraft:furnace":2,"cisco_mod:brightsteel_multi_tool":62,"minecraft:mossy_stone_bricks":1,"minecraft:stone_pickaxe":127,"minecraft:oak_planks":48,"minecraft:wooden_pickaxe":21,"minecraft:golden_apple":24,"sophisticatedbackpacks:backpack":2,"minecraft:string":1,"minecraft:diamond_sword":82,"minecraft:grindstone":2,"minecraft:smithing_table":1,"minecraft:oak_boat":1,"minecraft:experience_bottle":1,"minecraft:iron_bars":2,"minecraft:enchanting_table":1,"minecraft:stone_sword":1,"aether:aether_dirt":9,"minecraft:stick":1,"minecraft:dirt":4,"minecraft:anvil":1,"minecraft:chipped_anvil":1,"minecraft:bookshelf":5,"minecraft:iron_axe":20,"minecraft:golden_carrot":5,"minecraft:cracked_stone_bricks":1,"supplementaries:bomb":4,"minecraft:crafting_table":10,"minecraft:red_bed":2,"minecraft:oak_log":2,"minecraft:diamond_pickaxe":54,"minecraft:iron_pickaxe":401,"aether:golden_oak_sapling":1,"minecraft:stone_axe":125,"minecraft:cobblestone":192,"alexsmobs:animal_dictionary":1},"minecraft:picked_up":{"apotheosis:superior_sigil_of_socketing":1,"minecraft:wheat":6,"easy_villagers:breeder":1,"minecraft:smithing_table":1,"minecraft:stone_slab":5,"minecraft:diamond_sword":1,"aether:iron_gloves":1,"minecraft:potion":1,"aether:ambrosium_torch":1,"minecraft:amethyst_block":1,"forbidden_arcanus:xpetrified_orb":3,"minecraft:string":17,"simplyswords:diamond_scythe":1,"minecraft:netherite_ingot":1,"minecraft:experience_bottle":1,"minecraft:beetroot":1,"minecraft:gold_nugget":3,"delightful:acorn":2,"minecraft:spruce_planks":18,"minecraft:iron_pickaxe":1,"minecraft:furnace":2,"minecraft:tipped_arrow":1,"minecraft:stick":9,"apotheosis:gem":11,"minecraft:torch":5,"easy_villagers:iron_farm":1,"quark:ancient_tome":1,"minecraft:stone_sword":2,"minecraft:rotten_flesh":2,"simplyswords:sword_on_a_stick":1,"minecraft:iron_bars":5,"minecraft:cobblestone":237,"minecraft:enchanting_table":1,"aether:skyroot_axe":1,"minecraft:birch_slab":1,"deep_aether:aerlavender":4,"minecraft:wither_skeleton_skull":2,"minecraft:lapis_lazuli":36,"minecraft:dirt":4,"minecraft:bone":10,"minecraft:chipped_anvil":2,"minecraft:bow":1,"minecraft:wheat_seeds":5,"minecraft:raw_gold":6,"aether:holystone":4,"easy_villagers:trader":1,"minecraft:grindstone":2,"minecraft:mossy_stone_bricks":1,"apotheosis:mythic_material":1,"galosphere:raw_silver":2,"minecraft:oak_planks":5,"aether:golden_oak_sapling":1,"irons_spellbooks:frozen_bone":3,"cisco_mod:brightsteelblock":4,"aether:zanite_gemstone":1,"minecraft:mossy_cobblestone":1,"aether:healing_stone":4,"aether:ambrosium_shard":5,"minecraft:golden_apple":9,"aether:golden_amber":2,"minecraft:oak_sapling":9,"aether:blue_aercloud":1,"minecraft:crafting_table":5,"byg:soapstone":1,"aether:aether_dirt":14,"aether:poison_dart":10,"aether:blue_berry":2,"minecraft:red_bed":2,"cisco_mod:adventurer_chestplate":1,"minecraft:cracked_stone_bricks":3,"minecraft:beef":1,"minecraft:chest":4,"minecraft:raw_iron":35,"easy_villagers:incubator":1,"minecraft:carrot":3,"majruszsaccessories:adventurer_kit":1,"minecraft:arrow":4,"immersive_armors:wooden_helmet":1,"aether:zanite_sword":1,"minecraft:beetroot_seeds":6,"minecraft:diamond_boots":1,"sophisticatedbackpacks:copper_backpack":1,"minecraft:mutton":4,"minecraft:birch_planks":1,"deep_aether:tall_aerlavender":1,"ars_nouveau:wilden_wing":1,"easy_villagers:farmer":1,"minecraft:oak_log":45,"minecraft:gunpowder":2,"atmospheric:orange":2,"easy_villagers:converter":1,"minecraft:apple":2,"minecraft:stone_bricks":1,"minecraft:iron_ingot":2,"aether:victory_medal":1,"minecraft:iron_sword":1,"minecraft:book":12,"minecraft:pumpkin":68,"aether:enchanted_dart":4,"minecraft:gravel":2,"minecraft:amethyst_shard":2,"undead_unleashed:grave_metal_scrap":1,"minecraft:spruce_log":7,"minecraft:stone_axe":1,"immersive_armors:wooden_chestplate":1,"minecraft:iron_helmet":2,"minecraft:gray_wool":1,"minecraft:mossy_cobblestone_stairs":2,"minecraft:coal":145,"immersive_armors:wooden_boots":1},"minecraft:killed":{"minecraft:spider":2,"minecraft:skeleton":3,"minecraft:silverfish":3,"minecraft:zombie_villager":1,"iter_rpg:spiderling":3,"minecraft:sheep":2,"minecraft:zombie":6,"undead_unleashed:shadewraith":1,"enemyexpansion:botfly":3,"minecraft:stray":1,"aether:mimic":2,"enemyexpansion:direwolf":2,"aether:valkyrie":1,"goblintraders:goblin_trader":1,"majruszsdifficulty:cursed_armor":2,"enemyexpansion:crawler":1,"iter_rpg:giant_spider":1}},"DataVersion":3120}