{"stats":{"minecraft:killed_by":{"minecraft:skeleton":2},"minecraft:dropped":{"minecraft:wheat_seeds":2,"minecraft:wheat":2,"minecraft:oak_sapling":2,"immersive_armors:wooden_boots":2,"minecraft:iron_helmet":1,"minecraft:rotten_flesh":1,"cisco_mod:adventurer_chestplate":1,"immersive_armors:wooden_helmet":1,"minecraft:stick":1},"minecraft:mined":{"minecraft:glass_pane":1,"minecraft:iron_ore":9,"minecraft:crafting_table":1,"minecraft:grass":2,"minecraft:coal_ore":9,"minecraft:grass_block":3,"minecraft:oak_log":14,"minecraft:dirt":1,"minecraft:cobblestone":1,"minecraft:oak_planks":1,"minecraft:stone":54,"minecraft:oak_leaves":6},"minecraft:killed":{"minecraft:sheep":1,"enemyexpansion:direwolf":1},"minecraft:picked_up":{"minecraft:wheat":3,"minecraft:crafting_table":1,"minecraft:raw_iron":8,"apotheosis:gem":2,"minecraft:birch_slab":1,"minecraft:birch_planks":1,"minecraft:oak_log":14,"majruszsaccessories:adventurer_kit":1,"minecraft:dirt":4,"immersive_armors:wooden_helmet":1,"minecraft:rotten_flesh":1,"cisco_mod:adventurer_chestplate":1,"minecraft:wheat_seeds":4,"minecraft:iron_helmet":1,"minecraft:iron_ingot":1,"minecraft:gray_wool":1,"minecraft:oak_sapling":2,"immersive_armors:wooden_boots":1,"minecraft:mutton":1,"minecraft:coal":20,"minecraft:cobblestone":55},"minecraft:used":{"minecraft:stone_pickaxe":56,"minecraft:oak_planks":19,"minecraft:wooden_pickaxe":21,"minecraft:stone_axe":17,"minecraft:cobblestone":46,"minecraft:dirt":4,"minecraft:crafting_table":1,"minecraft:oak_log":2},"minecraft:custom":{"minecraft:time_since_rest":315,"enigmaticlegacy:play_time_with_seven_curses":0,"minecraft:waystone_activated":1,"minecraft:interact_with_furnace":2,"minecraft:sprint_one_cm":47795,"minecraft:damage_taken":540,"minecraft:walk_one_cm":130367,"minecraft:mob_kills":2,"minecraft:drop":11,"minecraft:damage_dealt":593,"enigmaticlegacy:play_time_without_seven_curses":48385,"minecraft:talked_to_villager":1,"minecraft:swim_one_cm":6666,"minecraft:interact_with_crafting_table":8,"minecraft:fly_one_cm":108785,"minecraft:open_chest":13,"minecraft:crouch_one_cm":3002,"minecraft:play_time":48435,"minecraft:deaths":2,"minecraft:sneak_time":819,"minecraft:walk_under_water_one_cm":4454,"minecraft:jump":927,"minecraft:sleep_in_bed":1,"minecraft:leave_game":3,"minecraft:time_since_death":657,"minecraft:walk_on_water_one_cm":8224,"minecraft:interact_with_smoker":1,"minecraft:total_world_time":48435,"minecraft:climb_one_cm":793,"minecraft:damage_resisted":0,"minecraft:fall_one_cm":22528,"lootr:looted_stat":2},"minecraft:crafted":{"immersive_armors:wooden_boots":1,"minecraft:oak_planks":32,"farmersdelight:cooked_mutton_chops":1,"minecraft:crafting_table":1,"minecraft:stick":8,"minecraft:wooden_pickaxe":1,"minecraft:stone_pickaxe":1,"minecraft:stone_axe":1,"minecraft:air":0}},"DataVersion":3120}