{"stats":{"minecraft:killed_by":{"majruszsdifficulty:cursed_armor":1},"minecraft:dropped":{"byg:biomepedia":1,"minecraft:porkchop":2,"minecraft:wheat_seeds":54,"quark:permafrost":3,"minecraft:glass_bottle":1,"minecraft:feather":4,"minecraft:cobblestone":44,"darkerdepths:shale":54,"minecraft:cracked_stone_bricks":3,"minecraft:spruce_door":2,"quark:yellow_corundum":1,"undead_unleashed:grave_metal_scrap":3,"minecraft:chainmail_helmet":1,"minecraft:leather_helmet":1,"minecraft:dirt":350,"ars_nouveau:worn_notebook":1,"minecraft:diorite":153,"immersive_armors:wooden_leggings":1,"byg:soapstone":53,"quark:indigo_corundum_cluster":16,"supplementaries:wrench":1,"minecraft:rose_bush":1,"minecraft:iron_leggings":2,"minecraft:gold_nugget":6,"minecraft:wooden_sword":1,"minecraft:smooth_stone":2,"minecraft:red_dye":4,"immersive_armors:wooden_chestplate":1,"minecraft:iron_pickaxe":3,"minecraft:chainmail_leggings":1,"minecraft:string":3,"minecraft:white_wool":1,"minecraft:spruce_sapling":1,"twigs:twig":2,"iter_rpg:potsherd":3,"minecraft:bone":5,"twigs:rhyolite":71,"quark:indigo_corundum":7,"twigs:petrified_lichen":2,"minecraft:iron_nugget":10,"alexsmobs:animal_dictionary":1,"minecraft:cobbled_deepslate":106,"minecraft:stone_sword":2,"minecraft:tuff":2,"minecraft:bowl":7,"minecraft:pink_dye":1,"immersive_armors:wooden_boots":1,"minecraft:rotten_flesh":23,"minecraft:oak_planks":1,"quark:yellow_corundum_cluster":2,"undead_unleashed:grave_metal_sword":2,"patchouli:guide_book":3,"minecraft:carrot":3,"iter_rpg:abyssquartz_shard":1,"minecraft:leather_chestplate":2,"supplementaries:ash":19,"supplementaries:flax_seeds":3,"minecraft:gunpowder":2,"minecraft:skeleton_skull":1,"minecraft:leather_boots":3,"minecraft:spruce_wood":1,"apotheosis:gem":6,"minecraft:stone_bricks":5,"minecraft:stone_pressure_plate":1,"minecraft:spider_eye":2,"minecraft:iron_bars":1,"minecraft:arrow":5,"darkerdepths:amber":1,"minecraft:wooden_pickaxe":1,"minecraft:written_book":1,"immersive_armors:wooden_helmet":1},"minecraft:mined":{"minecraft:deepslate_tiles":1,"minecraft:tuff":2,"minecraft:deepslate_diamond_ore":1,"minecraft:sculk_vein":2,"minecraft:granite":1,"minecraft:grass_block":257,"darkerdepths:amber":1,"quark:yellow_corundum":1,"minecraft:spruce_leaves":4,"iter_rpg:big_vase":2,"minecraft:oak_wall_sign":1,"minecraft:spawner":2,"minecraft:red_stained_glass_pane":2,"minecraft:hay_block":18,"forbidden_arcanus:deepslate_arcane_crystal_ore":4,"minecraft:furnace":6,"minecraft:iron_ore":79,"minecraft:pumpkin":5,"minecraft:deepslate_lapis_ore":13,"minecraft:peony":2,"darkerdepths:shale":54,"minecraft:deepslate_iron_ore":42,"quark:indigo_corundum":7,"minecraft:spruce_wood":4,"minecraft:stone":612,"galosphere:deepslate_silver_ore":8,"undead_unleashed:ancient_dirt":64,"minecraft:crafting_table":10,"minecraft:torch":6,"undead_unleashed:grave_soil":7,"minecraft:rose_bush":3,"twigs:petrified_lichen":1,"minecraft:copper_ore":1,"minecraft:cobblestone":9,"minecraft:deepslate_gold_ore":45,"minecraft:lapis_ore":2,"minecraft:sculk":1,"minecraft:diorite":151,"minecraft:wall_torch":8,"byg:lush_grass_block":4,"supplementaries:urn":8,"byg:soapstone":57,"byg:lush_dirt":34,"forbidden_arcanus:xpetrified_ore":7,"iter_rpg:abyss_quartz":1,"minecraft:wheat":30,"minecraft:stone_brick_stairs":2,"iter_rpg:spider_egg":1,"minecraft:oak_log":34,"minecraft:coal_ore":140,"minecraft:dirt":98,"minecraft:cobweb":2,"minecraft:cracked_stone_bricks":7,"twigs:rhyolite":71,"minecraft:stone_bricks":4,"minecraft:gold_ore":16,"minecraft:oak_leaves":5,"minecraft:deepslate":173},"minecraft:broken":{"minecraft:stone_pickaxe":3,"minecraft:iron_pickaxe":2,"aether:leather_gloves":1,"aether:chainmail_gloves":1},"minecraft:killed":{"irons_spellbooks:summoned_zombie":6,"enemyexpansion:equestrian":2,"minecraft:spider":9,"enemyexpansion:direwolf":2,"minecraft:skeleton":15,"minecraft:chicken":4,"irons_spellbooks:summoned_skeleton":1,"enemyexpansion:goblin":6,"minecraft:pig":4,"minecraft:zombie_villager":1,"enemyexpansion:tarantula":2,"iter_rpg:spiderling":7,"majruszsdifficulty:cursed_armor":1,"irons_spellbooks:necromancer":1,"minecraft:creeper":4,"undead_unleashed:frenzied_knight":3,"minecraft:sheep":5,"enemyexpansion:crawler":1,"alexsmobs:cockroach":1,"minecraft:zombie":5,"sons_of_sins:betrayed_guzzler":1,"undead_unleashed:shadewraith":1,"enemyexpansion:botfly":6,"enemyexpansion:huntsman":1,"iter_rpg:giant_spider":1,"undead_unleashed:haunter":3,"minecraft:cow":3,"enemyexpansion:slugger":3},"minecraft:picked_up":{"minecraft:wheat":30,"minecraft:crafting_table":10,"twigs:petrified_lichen":2,"byg:soapstone":53,"minecraft:chicken":4,"undead_unleashed:cursed_cloth":1,"minecraft:stone_brick_stairs":2,"forbidden_arcanus:xpetrified_orb":8,"minecraft:string":19,"darkerdepths:shale":54,"minecraft:iron_leggings":1,"minecraft:experience_bottle":2,"minecraft:oak_sign":1,"quark:indigo_corundum":7,"minecraft:cracked_stone_bricks":7,"undead_unleashed:grave_metal_ingot":2,"minecraft:smooth_stone":2,"minecraft:gold_nugget":6,"minecraft:cobbled_deepslate":122,"delightful:acorn":2,"undead_unleashed:grave_metal_sword":2,"minecraft:beef":7,"quark:permafrost":3,"minecraft:rose_bush":3,"minecraft:iron_nugget":28,"minecraft:iron_pickaxe":1,"minecraft:furnace":6,"minecraft:egg":6,"minecraft:golden_helmet":1,"minecraft:raw_iron":121,"apotheosis:gem":29,"minecraft:torch":29,"minecraft:bowl":1,"quark:yellow_corundum_cluster":2,"minecraft:porkchop":7,"minecraft:diorite":154,"minecraft:carrot":3,"minecraft:stone_pressure_plate":1,"quark:yellow_corundum":1,"minecraft:stone_sword":2,"minecraft:arrow":14,"minecraft:rotten_flesh":25,"minecraft:peony":2,"minecraft:hay_block":14,"supplementaries:antique_ink":2,"minecraft:gold_ingot":19,"quark:indigo_corundum_cluster":16,"supplementaries:ash":19,"forbidden_arcanus:spawner_scrap":1,"minecraft:iron_bars":1,"minecraft:mutton":7,"minecraft:skeleton_skull":1,"minecraft:white_wool":3,"minecraft:cobblestone":513,"minecraft:leather_chestplate":2,"minecraft:feather":4,"minecraft:brown_wool":1,"minecraft:leather":2,"minecraft:tuff":2,"minecraft:oak_log":34,"supplementaries:flax_seeds":3,"minecraft:gunpowder":4,"minecraft:lapis_lazuli":92,"minecraft:dirt":355,"minecraft:leather_boots":3,"minecraft:bone":40,"supplementaries:wrench":1,"farmersdelight:iron_knife":1,"minecraft:apple":7,"minecraft:stone_bricks":6,"minecraft:wheat_seeds":83,"darkerdepths:amber":1,"minecraft:raw_gold":61,"minecraft:spruce_wood":4,"iter_rpg:potsherd":3,"cisco_mod:adventurer_helmet":1,"minecraft:iron_ingot":25,"minecraft:glass_bottle":1,"galosphere:raw_silver":5,"twigs:twig":3,"minecraft:pumpkin":5,"iter_rpg:spider_silk":2,"undead_unleashed:grave_metal_scrap":10,"minecraft:spruce_sapling":1,"minecraft:spruce_door":2,"minecraft:leather_helmet":1,"minecraft:spider_eye":7,"forbidden_arcanus:arcane_crystal":4,"minecraft:diamond":1,"minecraft:chainmail_leggings":1,"iter_rpg:abyssquartz_shard":1,"minecraft:gray_wool":1,"minecraft:chainmail_helmet":1,"minecraft:oak_sapling":9,"twigs:rhyolite":71,"minecraft:coal":218},"minecraft:used":{"minecraft:stone_sword":110,"minecraft:oak_sign":4,"woodworks:oak_chest":2,"minecraft:iron_sword":309,"strictly_origins:damaged_durendal":45,"undead_unleashed:grave_metal_sword":119,"minecraft:torch":324,"minecraft:dirt":3,"minecraft:iron_axe":18,"minecraft:stone_brick_stairs":2,"supplementaries:bomb_blue":1,"minecraft:written_book":1,"minecraft:furnace":10,"minecraft:oak_sapling":9,"minecraft:egg":6,"minecraft:cooked_beef":5,"minecraft:pumpkin":5,"minecraft:wheat_seeds":29,"minecraft:diorite":1,"minecraft:stone_pickaxe":394,"minecraft:oak_planks":1,"minecraft:wooden_pickaxe":3,"simplyswords:diamond_halberd":43,"minecraft:cracked_stone_bricks":4,"minecraft:golden_apple":3,"minecraft:crafting_table":10,"farmersdelight:ratatouille":6,"minecraft:apple":6,"minecraft:bread":34,"minecraft:iron_pickaxe":1183,"minecraft:chicken":1,"simplyswords:frostfall":9,"minecraft:cobblestone":256,"minecraft:cooked_porkchop":2,"minecraft:porkchop":1,"minecraft:gray_wool":1,"minecraft:experience_bottle":2,"delightful:acorn":2},"minecraft:custom":{"enigmaticlegacy:play_time_with_seven_curses":0,"lootr:looted_stat":33,"minecraft:mob_kills":105,"minecraft:interact_with_crafting_table":31,"minecraft:open_barrel":2,"minecraft:bell_ring":10,"minecraft:damage_dealt_resisted":1132,"minecraft:time_since_death":41,"minecraft:climb_one_cm":200,"minecraft:damage_resisted":0,"minecraft:sprint_one_cm":383847,"minecraft:walk_one_cm":478405,"minecraft:drop":149,"minecraft:talked_to_villager":2,"minecraft:play_time":135597,"minecraft:deaths":1,"minecraft:sneak_time":4633,"minecraft:walk_under_water_one_cm":2611,"minecraft:jump":1945,"minecraft:interact_with_blast_furnace":2,"minecraft:walk_on_water_one_cm":8049,"minecraft:total_world_time":135597,"minecraft:interact_with_furnace":57,"enigmaticlegacy:play_time_without_seven_curses":135565,"minecraft:traded_with_villager":1,"minecraft:time_since_rest":73,"minecraft:waystone_activated":1,"minecraft:damage_taken":5063,"minecraft:damage_absorbed":80,"minecraft:damage_dealt":33188,"minecraft:swim_one_cm":6679,"minecraft:fly_one_cm":469495,"minecraft:open_chest":19,"minecraft:crouch_one_cm":21420,"minecraft:interact_with_smoker":2,"minecraft:fall_one_cm":319241,"minecraft:horse_one_cm":628},"minecraft:crafted":{"minecraft:oak_planks":120,"minecraft:oak_sign":3,"minecraft:cooked_chicken":3,"minecraft:furnace":4,"minecraft:pink_dye":4,"minecraft:cooked_mutton":7,"minecraft:iron_axe":1,"minecraft:stone_pickaxe":3,"minecraft:wheat":126,"minecraft:cooked_beef":7,"minecraft:red_dye":4,"blue_skies:blue_journal":1,"sophisticatedbackpacks:backpack":1,"minecraft:cooked_porkchop":4,"minecraft:crafting_table":1,"minecraft:wooden_pickaxe":1,"minecraft:iron_sword":2,"minecraft:bread":53,"minecraft:air":0,"woodworks:oak_chest":2,"cisco_mod:adventurer_chestplate":1,"minecraft:iron_chestplate":1,"minecraft:pink_wool":3,"minecraft:stick":64,"minecraft:iron_ingot":54,"minecraft:iron_pickaxe":6,"minecraft:iron_leggings":1,"minecraft:gold_ingot":25,"minecraft:torch":292}},"DataVersion":3120}