{"stats":{"minecraft:killed_by":{"majruszsdifficulty:cursed_armor":1,"aquamirae:tortured_soul":1},"minecraft:mined":{"minecraft:spruce_planks":1,"minecraft:stone_pressure_plate":3,"minecraft:pink_bed":2,"minecraft:mossy_stone_brick_slab":5,"minecraft:sculk_vein":2,"minecraft:cobblestone_stairs":5,"minecraft:red_nether_bricks":2,"minecraft:obsidian":14,"minecraft:granite":34,"minecraft:grass_block":320,"quark:yellow_corundum":1,"minecraft:chiseled_stone_bricks":3,"minecraft:oak_wall_sign":1,"minecraft:oxeye_daisy":1,"minecraft:red_stained_glass_pane":2,"minecraft:spawner":9,"minecraft:magma_block":6,"minecraft:mossy_cobblestone_slab":1,"minecraft:mossy_cobblestone_stairs":10,"minecraft:iron_ore":83,"minecraft:fire":6,"byg:prairie_grass":8,"minecraft:pumpkin":5,"minecraft:anvil":1,"minecraft:deepslate_lapis_ore":13,"minecraft:azure_bluet":2,"minecraft:brown_bed":1,"minecraft:enchanting_table":1,"darkerdepths:shale":76,"blue_skies:spider_webbing":2,"minecraft:oak_stairs":2,"minecraft:iron_bars":15,"quark:indigo_corundum":7,"minecraft:spruce_wood":4,"byg:tall_prairie_grass":14,"atmospheric:potted_aspen_sapling":1,"minecraft:red_bed":2,"minecraft:smoker":6,"minecraft:powder_snow":1,"undead_unleashed:ancient_dirt":64,"minecraft:torch":11,"minecraft:note_block":16,"minecraft:poppy":1,"undead_unleashed:grave_soil":7,"minecraft:calcite":8,"twilightforest:twilight_oak_log":6,"minecraft:cobblestone":320,"minecraft:bricks":2,"minecraft:oak_planks":5,"minecraft:iron_door":1,"minecraft:wall_torch":25,"byg:lush_grass_block":15,"byg:soapstone":496,"minecraft:wheat":30,"minecraft:jukebox":1,"minecraft:stone_brick_stairs":26,"minecraft:grass":2,"minecraft:oak_log":91,"minecraft:dirt":916,"twigs:rhyolite":71,"minecraft:netherrack":1,"minecraft:oak_leaves":12,"minecraft:deepslate":173,"minecraft:deepslate_tiles":1,"minecraft:tuff":2,"minecraft:mossy_cobblestone":17,"quark:shale":40,"minecraft:deepslate_diamond_ore":1,"minecraft:oak_door":1,"minecraft:dark_oak_log":2,"minecraft:nether_bricks":4,"minecraft:allium":1,"darkerdepths:amber":1,"minecraft:spruce_leaves":4,"iter_rpg:big_vase":2,"minecraft:hay_block":31,"byg:crocus":5,"forbidden_arcanus:deepslate_arcane_crystal_ore":4,"minecraft:furnace":19,"twilightforest:twilight_oak_leaves":1,"minecraft:peony":2,"minecraft:mossy_stone_brick_stairs":23,"minecraft:deepslate_iron_ore":42,"minecraft:vine":2,"minecraft:packed_ice":183,"irons_spellbooks:inscription_table":2,"quark:permafrost":4,"minecraft:stone":3268,"minecraft:redstone_wall_torch":1,"twigs:pebble":1,"minecraft:glass_pane":3,"minecraft:stripped_dark_oak_log":2,"minecraft:stone_brick_slab":2,"woodworks:spruce_ladder":18,"minecraft:dandelion":19,"galosphere:deepslate_silver_ore":8,"minecraft:crafting_table":18,"minecraft:emerald_ore":2,"minecraft:rose_bush":3,"twigs:petrified_lichen":1,"woodworks:oak_chest":20,"minecraft:copper_ore":76,"minecraft:lapis_ore":2,"minecraft:deepslate_gold_ore":45,"minecraft:lily_pad":1,"minecraft:sculk":1,"minecraft:diorite":158,"supplementaries:urn":8,"byg:lush_dirt":136,"forbidden_arcanus:xpetrified_ore":7,"iter_rpg:abyss_quartz":1,"globalxp:xp_block":1,"minecraft:gray_bed":3,"minecraft:spruce_log":35,"minecraft:black_wool":1,"minecraft:coal_ore":367,"iter_rpg:spider_egg":1,"minecraft:pink_stained_glass_pane":2,"minecraft:gravel":121,"minecraft:cobweb":17,"minecraft:cracked_stone_bricks":55,"minecraft:polished_blackstone":3,"minecraft:stone_bricks":59,"minecraft:mossy_stone_bricks":34,"minecraft:gold_ore":21},"minecraft:dropped":{"apotheosis:gem_dust":3,"byg:biomepedia":1,"undead_unleashed:grave_metal_chestplate":1,"minecraft:porkchop":6,"quark:permafrost":11,"minecraft:oak_log":15,"minecraft:glass_bottle":4,"minecraft:diamond":3,"simplyswords:diamond_halberd":1,"darkerdepths:shale":55,"minecraft:mossy_stone_brick_stairs":1,"minecraft:cracked_stone_bricks":24,"undead_unleashed:grave_metal_scrap":20,"byg:lush_dirt":74,"sophisticatedbackpacks:gold_backpack":1,"minecraft:leather_helmet":4,"minecraft:red_mushroom":2,"minecraft:emerald":1,"minecraft:cobblestone_stairs":1,"twigs:pebble":1,"minecraft:dirt":395,"minecraft:dark_oak_log":2,"immersive_armors:wooden_leggings":1,"minecraft:snowball":161,"minecraft:wooden_sword":1,"minecraft:gold_nugget":8,"minecraft:iron_pickaxe":5,"immersive_armors:wooden_chestplate":1,"minecraft:white_wool":1,"twigs:twig":7,"minecraft:bone":37,"minecraft:green_wool":1,"minecraft:oak_door":1,"minecraft:yellow_wool":1,"minecraft:iron_nugget":11,"alexsmobs:animal_dictionary":1,"minecraft:cobbled_deepslate":106,"minecraft:wheat":3,"minecraft:pink_dye":1,"immersive_armors:wooden_boots":1,"minecraft:obsidian":1,"minecraft:rotten_flesh":44,"minecraft:oak_planks":3,"iter_rpg:spawner_fragment":2,"minecraft:glowstone_dust":21,"minecraft:azure_bluet":2,"twilightforest:torchberries":5,"minecraft:carrot":3,"patchouli:guide_book":3,"iter_rpg:abyssquartz_shard":1,"minecraft:chiseled_stone_bricks":2,"minecraft:poppy":1,"minecraft:leather_chestplate":2,"supplementaries:flax_seeds":3,"supplementaries:ash":19,"minecraft:tipped_arrow":2,"minecraft:gunpowder":20,"twilightforest:cracked_nagastone_pillar":1,"minecraft:skeleton_skull":1,"minecraft:chainmail_boots":1,"apotheosis:gem":16,"minecraft:leather_boots":4,"minecraft:spruce_wood":1,"minecraft:leather_leggings":3,"minecraft:spruce_slab":3,"minecraft:red_nether_bricks":2,"minecraft:iron_bars":10,"minecraft:arrow":23,"minecraft:stone_brick_stairs":4,"minecraft:written_book":2,"minecraft:enchanted_book":2,"minecraft:golden_boots":2,"minecraft:iron_ingot":3,"relics:spore_sack":1,"minecraft:wheat_seeds":58,"minecraft:mossy_cobblestone":5,"minecraft:feather":4,"minecraft:cobblestone":303,"minecraft:granite":25,"minecraft:copper_ingot":6,"quark:yellow_corundum":1,"minecraft:spruce_door":2,"minecraft:chainmail_helmet":1,"apotheosis:epic_material":1,"minecraft:golden_apple":27,"minecraft:oxeye_daisy":1,"ars_nouveau:worn_notebook":1,"minecraft:diorite":153,"woodworks:spruce_ladder":3,"twilightforest:spiral_bricks":5,"quark:indigo_corundum_cluster":16,"byg:soapstone":119,"supplementaries:wrench":1,"minecraft:rose_bush":1,"minecraft:iron_door":1,"forbidden_arcanus:spawner_scrap":1,"simplyswords:sword_on_a_stick":3,"delightful:acorn":1,"minecraft:iron_leggings":2,"minecraft:oak_stairs":4,"minecraft:red_dye":4,"minecraft:mossy_cobblestone_stairs":3,"minecraft:smooth_stone":2,"minecraft:chainmail_leggings":1,"minecraft:string":24,"irons_spellbooks:frozen_bone":9,"atmospheric:aspen_sapling":2,"minecraft:spruce_sapling":1,"minecraft:dandelion":8,"iter_rpg:potsherd":3,"twigs:rhyolite":71,"quark:indigo_corundum":7,"twigs:petrified_lichen":2,"minecraft:stone_sword":2,"minecraft:raw_copper":326,"majruszsaccessories:tool_scraps":1,"minecraft:bowl":10,"minecraft:tuff":2,"minecraft:raw_iron":1,"minecraft:iron_boots":1,"quark:yellow_corundum_cluster":2,"undead_unleashed:grave_metal_sword":2,"minecraft:nether_bricks":4,"minecraft:cobblestone_slab":1,"minecraft:shield":3,"minecraft:flower_pot":2,"minecraft:allium":1,"byg:crocus":3,"minecraft:spruce_planks":1,"minecraft:diamond_pickaxe":2,"minecraft:mossy_stone_bricks":6,"minecraft:pink_wool":1,"minecraft:oak_sapling":6,"minecraft:redstone_torch":1,"minecraft:brown_bed":2,"minecraft:stone_pressure_plate":3,"minecraft:spider_eye":9,"minecraft:stone_bricks":23,"minecraft:slime_ball":2,"minecraft:spruce_log":1,"darkerdepths:amber":1,"minecraft:wooden_pickaxe":1,"delightful:pumpkin_pie_slice":2,"minecraft:calcite":1,"minecraft:magma_block":6,"immersive_armors:wooden_helmet":1,"minecraft:black_wool":1},"minecraft:broken":{"minecraft:iron_shovel":3,"minecraft:stone_pickaxe":3,"minecraft:diamond_pickaxe":2,"aether:chainmail_gloves":2,"minecraft:iron_pickaxe":5,"aether:leather_gloves":1},"minecraft:killed":{"minecraft:cave_spider":10,"minecraft:zombified_piglin":1,"minecraft:spider":31,"enemyexpansion:equestrian":2,"minecraft:skeleton":43,"minecraft:bee":1,"minecraft:chicken":5,"irons_spellbooks:summoned_skeleton":1,"enemyexpansion:vampflyer":11,"minecraft:piglin":2,"twilightforest:slime_beetle":2,"minecraft:pig":22,"minecraft:zombie_villager":1,"enemyexpansion:tarantula":2,"iter_rpg:spiderling":7,"irons_spellbooks:necromancer":1,"twilightforest:skeleton_druid":2,"minecraft:creeper":4,"minecraft:sheep":5,"undead_unleashed:frenzied_knight":3,"twilightforest:redcap":4,"minecraft:zombie":26,"undead_unleashed:shadewraith":1,"enemyexpansion:vampire":9,"enemyexpansion:botfly":7,"minecraft:stray":10,"undead_unleashed:haunter":5,"minecraft:cow":3,"irons_spellbooks:summoned_zombie":6,"minecraft:vindicator":1,"enemyexpansion:direwolf":2,"twilightforest:fire_beetle":1,"twilightforest:swarm_spider":4,"enemyexpansion:goblin":6,"twilightforest:kobold":5,"twilightforest:redcap_sapper":1,"majruszsdifficulty:cursed_armor":37,"twilightforest:wraith":1,"enemyexpansion:crawler":1,"alexsmobs:cockroach":1,"sons_of_sins:betrayed_guzzler":1,"enemyexpansion:huntsman":1,"iter_rpg:giant_spider":1,"enemyexpansion:slugger":5},"minecraft:picked_up":{"irons_spellbooks:scroll":3,"ars_nouveau:caster_tome":1,"minecraft:wheat":101,"minecraft:black_carpet":2,"minecraft:flower_pot":2,"minecraft:chainmail_boots":3,"byg:lush_dirt":205,"minecraft:anvil":1,"minecraft:yellow_wool":1,"undead_unleashed:cursed_cloth":3,"atmospheric:aspen_sapling":2,"minecraft:oak_stairs":4,"minecraft:brown_bed":1,"minecraft:enchanted_book":3,"undead_unleashed:grave_metal_chestplate":2,"minecraft:stone_brick_stairs":19,"byg:crocus":8,"forbidden_arcanus:xpetrified_orb":16,"minecraft:string":87,"apotheosis:epic_material":3,"minecraft:raw_copper":413,"darkerdepths:shale":56,"minecraft:red_nether_bricks":2,"minecraft:iron_leggings":1,"minecraft:experience_bottle":8,"woodworks:oak_chest":20,"minecraft:oak_sign":2,"minecraft:beetroot":20,"bosses_of_mass_destruction:soul_star":1,"minecraft:cobbled_deepslate":122,"minecraft:gold_nugget":10,"minecraft:smooth_stone":2,"minecraft:spruce_planks":10,"twigs:pebble":57,"delightful:acorn":3,"undead_unleashed:grave_metal_sword":2,"minecraft:redstone_torch":1,"minecraft:rose_bush":3,"minecraft:written_book":1,"minecraft:cobblestone_slab":1,"minecraft:calcite":8,"irons_spellbooks:inscription_table":2,"minecraft:iron_pickaxe":1,"irons_spellbooks:blank_rune":1,"minecraft:iron_boots":1,"minecraft:furnace":19,"minecraft:tipped_arrow":6,"minecraft:golden_helmet":1,"minecraft:stick":3,"apotheosis:gem":84,"minecraft:jukebox":1,"minecraft:torch":68,"quark:yellow_corundum_cluster":2,"minecraft:porkchop":41,"minecraft:diorite":160,"majruszsaccessories:dream_catcher":1,"quark:ancient_tome":3,"minecraft:stone_sword":2,"minecraft:rotten_flesh":55,"simplyswords:sword_on_a_stick":2,"supplementaries:antique_ink":4,"forbidden_arcanus:lens_of_veritatis":1,"aquaculture:worm_farm":1,"minecraft:green_wool":1,"supplementaries:ash":19,"endrem:rogue_eye":1,"minecraft:obsidian":17,"minecraft:iron_bars":17,"minecraft:snowball":175,"minecraft:cobblestone":4104,"majruszsaccessories:tool_scraps":1,"minecraft:enchanting_table":2,"minecraft:mossy_cobblestone_slab":1,"woodworks:spruce_ladder":21,"minecraft:magma_block":7,"minecraft:leather_chestplate":3,"minecraft:feather":4,"minecraft:cooked_beef":2,"twilightforest:twilight_oak_log":6,"minecraft:iron_door":1,"minecraft:wither_skeleton_skull":2,"minecraft:brown_wool":4,"minecraft:smoker":6,"minecraft:potato":134,"minecraft:flint":8,"minecraft:tuff":2,"supplementaries:flax_seeds":3,"minecraft:lapis_lazuli":198,"delightful:pumpkin_pie_slice":39,"minecraft:dirt":1550,"minecraft:leather_boots":6,"minecraft:bone":107,"farmersdelight:iron_knife":2,"minecraft:bow":1,"darkerdepths:amber":1,"minecraft:wheat_seeds":279,"minecraft:raw_gold":88,"cisco_mod:adventurer_helmet":1,"minecraft:glowstone_dust":21,"minecraft:mossy_stone_bricks":26,"minecraft:diamond_helmet":1,"galosphere:raw_silver":10,"twigs:twig":8,"minecraft:oak_planks":4,"minecraft:mossy_stone_brick_stairs":20,"minecraft:cooked_porkchop":2,"irons_spellbooks:frozen_bone":30,"quark:shale":40,"aquaculture:worm":25,"iter_rpg:spider_silk":6,"aquaculture:neptunium_nugget":5,"minecraft:mossy_cobblestone":16,"minecraft:dark_oak_log":2,"minecraft:diamond":3,"iter_rpg:abyssquartz_shard":1,"minecraft:granite":34,"minecraft:bread":13,"minecraft:emerald":29,"minecraft:chainmail_helmet":1,"cisco_mod:brightsteel_ingot":1,"minecraft:oak_sapling":25,"twigs:rhyolite":71,"minecraft:bricks":1,"twilightforest:torchberries":5,"minecraft:diamond_pickaxe":2,"iter_rpg:spawner_fragment":2,"minecraft:allium":1,"minecraft:fishing_rod":1,"minecraft:crafting_table":18,"byg:soapstone":736,"twigs:petrified_lichen":2,"minecraft:azure_bluet":2,"minecraft:chicken":5,"minecraft:turtle_helmet":1,"minecraft:leather_leggings":6,"minecraft:pink_wool":11,"ars_nouveau:warp_scroll":2,"minecraft:shield":4,"minecraft:red_bed":2,"twilightforest:steeleaf_sword":1,"minecraft:iron_shovel":1,"quark:indigo_corundum":7,"undead_unleashed:grave_metal_ingot":4,"minecraft:cracked_stone_bricks":53,"simplyswords:iron_longsword":1,"minecraft:beef":7,"quark:permafrost":11,"minecraft:poppy":1,"minecraft:iron_nugget":34,"minecraft:spruce_slab":6,"globalxp:xp_block":1,"minecraft:egg":6,"minecraft:raw_iron":122,"minecraft:oak_door":1,"minecraft:copper_ingot":15,"minecraft:bowl":6,"minecraft:note_block":16,"minecraft:spruce_fence":1,"minecraft:carrot":135,"origins:orb_of_origin":2,"minecraft:redstone":7,"minecraft:stone_pressure_plate":4,"quark:yellow_corundum":1,"minecraft:arrow":59,"simplyswords:diamond_halberd":1,"minecraft:pumpkin_pie":64,"minecraft:beetroot_seeds":52,"majruszsaccessories:lucky_rock":4,"minecraft:peony":2,"minecraft:nether_bricks":4,"minecraft:hay_block":27,"quark:indigo_corundum_cluster":16,"minecraft:gold_ingot":91,"minecraft:polished_blackstone":2,"minecraft:mutton":7,"forbidden_arcanus:spawner_scrap":6,"minecraft:skeleton_skull":1,"minecraft:white_wool":3,"minecraft:oxeye_daisy":1,"minecraft:leather":46,"minecraft:red_mushroom":2,"minecraft:chainmail_chestplate":1,"strictly_origins:damaged_durendal":1,"minecraft:oak_log":92,"minecraft:golden_boots":2,"minecraft:gunpowder":25,"minecraft:cobblestone_stairs":5,"relics:spore_sack":2,"minecraft:paper":3,"minecraft:cooked_mutton":7,"supplementaries:wrench":1,"minecraft:apple":10,"minecraft:stone_bricks":58,"iter_rpg:potsherd":3,"minecraft:spruce_wood":4,"minecraft:iron_ingot":89,"minecraft:cooked_chicken":3,"aquaculture:iron_hook":1,"minecraft:glass_bottle":1,"apotheosis:gem_dust":4,"minecraft:gray_bed":3,"minecraft:iron_sword":6,"minecraft:pink_bed":2,"minecraft:pumpkin":5,"minecraft:chiseled_stone_bricks":3,"minecraft:stone_brick_slab":2,"minecraft:dandelion":20,"minecraft:gravel":120,"undead_unleashed:grave_metal_scrap":51,"minecraft:spruce_sapling":1,"twilightforest:cracked_nagastone_pillar":1,"minecraft:spruce_log":35,"minecraft:mossy_stone_brick_slab":5,"ars_nouveau:music_disc_thistle_the_sound_of_glass":1,"minecraft:spider_eye":29,"minecraft:spruce_door":2,"minecraft:leather_helmet":5,"forbidden_arcanus:arcane_crystal":8,"minecraft:slime_ball":2,"minecraft:chainmail_leggings":5,"minecraft:mossy_cobblestone_stairs":8,"minecraft:gray_wool":1,"twilightforest:spiral_bricks":5,"minecraft:baked_potato":10,"minecraft:black_wool":4,"minecraft:stripped_dark_oak_log":2,"minecraft:coal":830},"minecraft:used":{"minecraft:iron_shovel":750,"minecraft:oak_sign":4,"minecraft:shield":3,"minecraft:iron_sword":309,"strictly_origins:damaged_durendal":45,"undead_unleashed:grave_metal_sword":119,"minecraft:obsidian":16,"minecraft:snowball":14,"byg:crocus":2,"minecraft:stone_brick_stairs":2,"minecraft:stone_bricks":3,"supplementaries:bomb_blue":1,"minecraft:magma_block":1,"minecraft:written_book":3,"delightful:pumpkin_pie_slice":37,"minecraft:oak_sapling":19,"minecraft:furnace":23,"minecraft:gray_bed":3,"minecraft:egg":6,"minecraft:diorite":1,"minecraft:stone_pickaxe":394,"minecraft:oak_planks":3,"twilightforest:steeleaf_sword":1,"minecraft:wooden_pickaxe":14,"minecraft:leather_chestplate":1,"minecraft:chainmail_helmet":1,"simplyswords:diamond_halberd":971,"minecraft:golden_apple":3,"farmersdelight:ratatouille":9,"minecraft:bread":122,"minecraft:gravel":2,"simplyswords:frostfall":374,"globalxp:xp_block":1,"delightful:acorn":2,"minecraft:experience_bottle":6,"minecraft:enchanting_table":1,"minecraft:stone_sword":110,"woodworks:oak_chest":38,"ars_nouveau:music_disc_thistle_the_sound_of_glass":1,"minecraft:torch":647,"minecraft:dirt":22,"minecraft:anvil":1,"byg:lush_dirt":4,"farmersdelight:beef_patty":2,"minecraft:iron_axe":212,"farmersdelight:cooked_mutton_chops":2,"minecraft:cooked_beef":5,"minecraft:pumpkin":5,"minecraft:wheat_seeds":30,"minecraft:cooked_mutton":3,"minecraft:water_bucket":1,"minecraft:cobblestone_stairs":6,"minecraft:cracked_stone_bricks":5,"minecraft:mossy_cobblestone":3,"minecraft:oak_slab":12,"minecraft:red_bed":2,"minecraft:crafting_table":19,"minecraft:smoker":6,"minecraft:spruce_log":3,"minecraft:oak_log":1,"minecraft:diamond_pickaxe":3539,"minecraft:apple":6,"minecraft:chicken":1,"minecraft:iron_pickaxe":2175,"byg:soapstone":13,"minecraft:pink_bed":3,"farmersdelight:cooked_bacon":9,"minecraft:cobblestone":2435,"minecraft:potion":4,"minecraft:porkchop":1,"minecraft:cooked_porkchop":26,"minecraft:bucket":2,"minecraft:dandelion":11,"minecraft:gray_wool":1,"minecraft:jukebox":1,"irons_spellbooks:inscription_table":2},"minecraft:custom":{"enigmaticlegacy:play_time_with_seven_curses":0,"lootr:looted_stat":97,"minecraft:interact_with_crafting_table":86,"minecraft:open_barrel":2,"minecraft:bell_ring":10,"minecraft:time_since_death":272352,"minecraft:damage_resisted":227,"minecraft:sprint_one_cm":1529166,"minecraft:damage_blocked_by_shield":369,"minecraft:drop":456,"minecraft:play_noteblock":12,"minecraft:talked_to_villager":4,"minecraft:play_time":447597,"minecraft:deaths":2,"minecraft:jump":4354,"minecraft:walk_on_water_one_cm":27746,"minecraft:interact_with_furnace":101,"minecraft:play_record":1,"minecraft:traded_with_villager":1,"minecraft:sleep_in_bed":7,"minecraft:waystone_activated":1,"minecraft:damage_dealt":205585,"minecraft:player_kills":3,"minecraft:crouch_one_cm":39857,"minecraft:interact_with_smoker":45,"minecraft:horse_one_cm":628,"minecraft:mob_kills":324,"minecraft:damage_dealt_resisted":21302,"minecraft:climb_one_cm":2982,"minecraft:walk_one_cm":1609104,"minecraft:damage_dealt_absorbed":130,"minecraft:sneak_time":11220,"minecraft:walk_under_water_one_cm":4497,"minecraft:interact_with_blast_furnace":2,"minecraft:total_world_time":447597,"enigmaticlegacy:play_time_without_seven_curses":447536,"minecraft:tune_noteblock":4,"minecraft:time_since_rest":176870,"minecraft:damage_taken":16667,"minecraft:damage_absorbed":245,"minecraft:swim_one_cm":11940,"minecraft:fly_one_cm":1292070,"minecraft:open_chest":504,"minecraft:fall_one_cm":359231},"minecraft:crafted":{"minecraft:oak_planks":288,"minecraft:oak_sign":3,"minecraft:pink_bed":1,"minecraft:cooked_chicken":4,"minecraft:cobblestone_stairs":8,"minecraft:cooked_mutton":8,"sophisticatedbackpacks:copper_backpack":2,"vinery:wine_press":1,"blue_skies:blue_journal":1,"minecraft:oak_slab":6,"sophisticatedbackpacks:backpack":1,"aquaculture:worm_farm":1,"minecraft:cooked_porkchop":41,"minecraft:spruce_planks":124,"minecraft:crafting_table":2,"minecraft:wooden_pickaxe":1,"minecraft:brown_bed":1,"minecraft:copper_ingot":7,"farmersdelight:beef_patty":2,"cisco_mod:adventurer_chestplate":1,"minecraft:iron_chestplate":1,"minecraft:diamond_pickaxe":3,"minecraft:pink_wool":3,"sophisticatedbackpacks:diamond_backpack":1,"aquaculture:iron_hook":1,"minecraft:stick":120,"minecraft:iron_ingot":77,"minecraft:iron_pickaxe":9,"farmersdelight:cooked_bacon":9,"minecraft:gold_ingot":25,"minecraft:shears":1,"minecraft:fishing_rod":1,"minecraft:iron_nugget":9,"minecraft:furnace":5,"vinery:grapevine_pot":1,"woodworks:spruce_chest":1,"minecraft:pink_dye":4,"vinery:fermentation_barrel":1,"twilightforest:twilight_oak_planks":24,"minecraft:iron_axe":1,"minecraft:stone_pickaxe":3,"sophisticatedbackpacks:iron_backpack":2,"minecraft:wheat":243,"minecraft:cooked_beef":15,"minecraft:red_dye":4,"farmersdelight:cooked_mutton_chops":2,"minecraft:iron_trapdoor":1,"minecraft:iron_sword":2,"sophisticatedbackpacks:gold_backpack":2,"minecraft:bucket":1,"minecraft:bread":112,"minecraft:air":0,"woodworks:oak_chest":18,"minecraft:iron_shovel":3,"minecraft:iron_leggings":1,"minecraft:torch":480}},"DataVersion":3120}