{"stats":{"minecraft:killed_by":{"majruszsdifficulty:cursed_armor":1,"aquamirae:tortured_soul":1},"minecraft:mined":{"minecraft:stone_pressure_plate":2,"minecraft:sculk_vein":2,"minecraft:cobblestone_stairs":3,"minecraft:granite":7,"minecraft:grass_block":272,"quark:yellow_corundum":1,"minecraft:oak_wall_sign":1,"minecraft:red_stained_glass_pane":2,"minecraft:spawner":2,"minecraft:magma_block":4,"minecraft:iron_ore":83,"minecraft:fire":1,"minecraft:pumpkin":5,"minecraft:deepslate_lapis_ore":13,"minecraft:enchanting_table":1,"darkerdepths:shale":56,"blue_skies:spider_webbing":2,"minecraft:iron_bars":6,"quark:indigo_corundum":7,"minecraft:spruce_wood":4,"minecraft:red_bed":2,"minecraft:powder_snow":1,"undead_unleashed:ancient_dirt":64,"minecraft:torch":6,"undead_unleashed:grave_soil":7,"minecraft:calcite":8,"minecraft:cobblestone":52,"minecraft:wall_torch":8,"byg:lush_grass_block":8,"byg:soapstone":146,"minecraft:wheat":30,"minecraft:stone_brick_stairs":6,"minecraft:oak_log":49,"minecraft:dirt":372,"twigs:rhyolite":71,"minecraft:oak_leaves":5,"minecraft:deepslate":173,"minecraft:deepslate_tiles":1,"minecraft:tuff":2,"minecraft:deepslate_diamond_ore":1,"darkerdepths:amber":1,"minecraft:spruce_leaves":4,"iter_rpg:big_vase":2,"minecraft:hay_block":27,"forbidden_arcanus:deepslate_arcane_crystal_ore":4,"minecraft:furnace":6,"minecraft:peony":2,"minecraft:mossy_stone_brick_stairs":2,"minecraft:deepslate_iron_ore":42,"minecraft:packed_ice":183,"quark:permafrost":4,"minecraft:stone":1574,"minecraft:glass_pane":3,"galosphere:deepslate_silver_ore":8,"minecraft:crafting_table":12,"minecraft:emerald_ore":2,"minecraft:rose_bush":3,"twigs:petrified_lichen":1,"minecraft:copper_ore":1,"minecraft:lapis_ore":2,"minecraft:deepslate_gold_ore":45,"minecraft:sculk":1,"minecraft:diorite":152,"supplementaries:urn":8,"byg:lush_dirt":117,"forbidden_arcanus:xpetrified_ore":7,"iter_rpg:abyss_quartz":1,"minecraft:spruce_log":1,"minecraft:coal_ore":250,"iter_rpg:spider_egg":1,"minecraft:pink_stained_glass_pane":2,"minecraft:gravel":2,"minecraft:cobweb":2,"minecraft:cracked_stone_bricks":20,"minecraft:stone_bricks":18,"minecraft:mossy_stone_bricks":1,"minecraft:gold_ore":16},"minecraft:dropped":{"byg:biomepedia":1,"minecraft:porkchop":5,"quark:permafrost":11,"minecraft:oak_log":15,"minecraft:glass_bottle":4,"simplyswords:diamond_halberd":1,"darkerdepths:shale":55,"minecraft:cracked_stone_bricks":5,"undead_unleashed:grave_metal_scrap":3,"byg:lush_dirt":69,"minecraft:leather_helmet":3,"minecraft:cobblestone_stairs":1,"minecraft:dirt":384,"immersive_armors:wooden_leggings":1,"minecraft:snowball":161,"minecraft:wooden_sword":1,"minecraft:gold_nugget":6,"minecraft:iron_pickaxe":5,"immersive_armors:wooden_chestplate":1,"minecraft:white_wool":1,"twigs:twig":2,"minecraft:bone":8,"minecraft:iron_nugget":10,"alexsmobs:animal_dictionary":1,"minecraft:cobbled_deepslate":106,"minecraft:pink_dye":1,"immersive_armors:wooden_boots":1,"minecraft:rotten_flesh":28,"minecraft:oak_planks":1,"minecraft:carrot":3,"patchouli:guide_book":3,"iter_rpg:abyssquartz_shard":1,"minecraft:leather_chestplate":2,"supplementaries:flax_seeds":3,"supplementaries:ash":19,"minecraft:tipped_arrow":1,"minecraft:gunpowder":2,"minecraft:skeleton_skull":1,"apotheosis:gem":9,"minecraft:leather_boots":3,"minecraft:spruce_wood":1,"minecraft:leather_leggings":2,"minecraft:iron_bars":9,"minecraft:arrow":6,"minecraft:written_book":1,"minecraft:golden_boots":1,"minecraft:iron_ingot":3,"relics:spore_sack":1,"minecraft:wheat_seeds":54,"minecraft:feather":4,"minecraft:cobblestone":60,"minecraft:granite":6,"quark:yellow_corundum":1,"minecraft:spruce_door":2,"minecraft:chainmail_helmet":1,"ars_nouveau:worn_notebook":1,"minecraft:diorite":153,"quark:indigo_corundum_cluster":16,"byg:soapstone":119,"supplementaries:wrench":1,"minecraft:rose_bush":1,"minecraft:iron_leggings":2,"minecraft:red_dye":4,"minecraft:smooth_stone":2,"minecraft:chainmail_leggings":1,"minecraft:string":8,"irons_spellbooks:frozen_bone":5,"minecraft:spruce_sapling":1,"iter_rpg:potsherd":3,"twigs:rhyolite":71,"quark:indigo_corundum":7,"twigs:petrified_lichen":2,"minecraft:stone_sword":2,"minecraft:bowl":7,"minecraft:tuff":2,"minecraft:raw_iron":1,"quark:yellow_corundum_cluster":2,"undead_unleashed:grave_metal_sword":2,"minecraft:stone_pressure_plate":2,"minecraft:spider_eye":2,"minecraft:stone_bricks":7,"minecraft:spruce_log":1,"darkerdepths:amber":1,"minecraft:wooden_pickaxe":1,"minecraft:calcite":1,"minecraft:magma_block":4,"immersive_armors:wooden_helmet":1},"minecraft:broken":{"minecraft:stone_pickaxe":3,"aether:chainmail_gloves":1,"minecraft:iron_pickaxe":5,"aether:leather_gloves":1},"minecraft:killed":{"minecraft:cave_spider":4,"minecraft:spider":18,"enemyexpansion:equestrian":2,"minecraft:skeleton":15,"minecraft:chicken":4,"irons_spellbooks:summoned_skeleton":1,"minecraft:pig":5,"minecraft:zombie_villager":1,"enemyexpansion:tarantula":2,"iter_rpg:spiderling":7,"irons_spellbooks:necromancer":1,"minecraft:creeper":4,"minecraft:sheep":5,"undead_unleashed:frenzied_knight":3,"minecraft:zombie":11,"undead_unleashed:shadewraith":1,"enemyexpansion:botfly":6,"minecraft:stray":3,"undead_unleashed:haunter":3,"minecraft:cow":3,"irons_spellbooks:summoned_zombie":6,"enemyexpansion:direwolf":2,"enemyexpansion:goblin":6,"majruszsdifficulty:cursed_armor":10,"enemyexpansion:crawler":1,"alexsmobs:cockroach":1,"sons_of_sins:betrayed_guzzler":1,"enemyexpansion:huntsman":1,"iter_rpg:giant_spider":1,"enemyexpansion:slugger":4},"minecraft:picked_up":{"minecraft:wheat":30,"minecraft:black_carpet":2,"minecraft:chainmail_boots":1,"byg:lush_dirt":115,"undead_unleashed:cursed_cloth":1,"minecraft:stone_brick_stairs":7,"forbidden_arcanus:xpetrified_orb":8,"minecraft:string":38,"darkerdepths:shale":56,"minecraft:iron_leggings":1,"minecraft:experience_bottle":3,"minecraft:oak_sign":1,"minecraft:cobbled_deepslate":122,"minecraft:gold_nugget":6,"minecraft:smooth_stone":2,"delightful:acorn":2,"undead_unleashed:grave_metal_sword":2,"minecraft:rose_bush":3,"minecraft:calcite":8,"minecraft:iron_pickaxe":1,"minecraft:furnace":6,"minecraft:tipped_arrow":1,"minecraft:golden_helmet":1,"apotheosis:gem":40,"minecraft:torch":34,"quark:yellow_corundum_cluster":2,"minecraft:porkchop":10,"minecraft:diorite":154,"minecraft:stone_sword":2,"minecraft:rotten_flesh":36,"supplementaries:antique_ink":2,"supplementaries:ash":19,"minecraft:iron_bars":11,"minecraft:snowball":175,"minecraft:cobblestone":1451,"minecraft:enchanting_table":1,"minecraft:magma_block":5,"minecraft:leather_chestplate":3,"minecraft:feather":4,"minecraft:brown_wool":1,"minecraft:tuff":2,"supplementaries:flax_seeds":3,"minecraft:lapis_lazuli":92,"delightful:pumpkin_pie_slice":37,"minecraft:dirt":595,"minecraft:leather_boots":4,"minecraft:bone":43,"farmersdelight:iron_knife":1,"darkerdepths:amber":1,"minecraft:wheat_seeds":83,"minecraft:raw_gold":61,"cisco_mod:adventurer_helmet":1,"minecraft:mossy_stone_bricks":1,"minecraft:diamond_helmet":1,"galosphere:raw_silver":5,"twigs:twig":3,"minecraft:mossy_stone_brick_stairs":2,"irons_spellbooks:frozen_bone":5,"iter_rpg:spider_silk":2,"minecraft:diamond":1,"iter_rpg:abyssquartz_shard":1,"minecraft:granite":6,"minecraft:emerald":2,"minecraft:chainmail_helmet":1,"minecraft:oak_sapling":9,"twigs:rhyolite":71,"minecraft:crafting_table":12,"byg:soapstone":147,"twigs:petrified_lichen":2,"minecraft:chicken":4,"minecraft:leather_leggings":2,"minecraft:red_bed":2,"quark:indigo_corundum":7,"undead_unleashed:grave_metal_ingot":2,"minecraft:cracked_stone_bricks":17,"minecraft:beef":7,"quark:permafrost":11,"minecraft:iron_nugget":28,"minecraft:egg":6,"minecraft:raw_iron":122,"minecraft:bowl":1,"minecraft:carrot":3,"minecraft:stone_pressure_plate":3,"quark:yellow_corundum":1,"minecraft:arrow":15,"simplyswords:diamond_halberd":1,"minecraft:peony":2,"minecraft:hay_block":23,"quark:indigo_corundum_cluster":16,"minecraft:gold_ingot":19,"minecraft:mutton":7,"forbidden_arcanus:spawner_scrap":1,"minecraft:skeleton_skull":1,"minecraft:white_wool":3,"minecraft:leather":2,"minecraft:oak_log":50,"minecraft:golden_boots":1,"minecraft:gunpowder":4,"minecraft:cobblestone_stairs":3,"relics:spore_sack":1,"supplementaries:wrench":1,"minecraft:apple":7,"minecraft:stone_bricks":18,"iter_rpg:potsherd":3,"minecraft:spruce_wood":4,"minecraft:iron_ingot":25,"minecraft:glass_bottle":1,"minecraft:iron_sword":2,"minecraft:pumpkin":5,"undead_unleashed:grave_metal_scrap":10,"minecraft:spruce_sapling":1,"minecraft:spruce_log":1,"minecraft:spider_eye":11,"minecraft:spruce_door":2,"minecraft:leather_helmet":4,"forbidden_arcanus:arcane_crystal":4,"minecraft:chainmail_leggings":4,"minecraft:gray_wool":1,"minecraft:black_wool":3,"minecraft:coal":329},"minecraft:used":{"minecraft:iron_shovel":221,"minecraft:oak_sign":4,"minecraft:shield":2,"minecraft:iron_sword":309,"strictly_origins:damaged_durendal":45,"undead_unleashed:grave_metal_sword":119,"minecraft:snowball":14,"minecraft:stone_brick_stairs":2,"supplementaries:bomb_blue":1,"minecraft:magma_block":1,"minecraft:written_book":1,"delightful:pumpkin_pie_slice":37,"minecraft:oak_sapling":9,"minecraft:furnace":10,"minecraft:egg":6,"minecraft:diorite":1,"minecraft:stone_pickaxe":394,"minecraft:oak_planks":3,"minecraft:wooden_pickaxe":14,"minecraft:leather_chestplate":1,"minecraft:chainmail_helmet":1,"simplyswords:diamond_halberd":222,"minecraft:golden_apple":3,"farmersdelight:ratatouille":6,"minecraft:bread":49,"simplyswords:frostfall":135,"delightful:acorn":2,"minecraft:experience_bottle":3,"minecraft:stone_sword":110,"woodworks:oak_chest":4,"minecraft:torch":416,"minecraft:dirt":9,"byg:lush_dirt":1,"minecraft:iron_axe":36,"minecraft:cooked_beef":5,"minecraft:pumpkin":5,"minecraft:wheat_seeds":29,"minecraft:cooked_mutton":2,"minecraft:cracked_stone_bricks":5,"minecraft:red_bed":2,"minecraft:crafting_table":13,"minecraft:oak_log":1,"minecraft:diamond_pickaxe":604,"minecraft:apple":6,"minecraft:chicken":1,"minecraft:iron_pickaxe":2175,"byg:soapstone":6,"minecraft:cobblestone":848,"minecraft:potion":3,"minecraft:porkchop":1,"minecraft:cooked_porkchop":2,"minecraft:gray_wool":1},"minecraft:custom":{"enigmaticlegacy:play_time_with_seven_curses":0,"lootr:looted_stat":53,"minecraft:interact_with_crafting_table":41,"minecraft:open_barrel":2,"minecraft:bell_ring":10,"minecraft:time_since_death":26352,"minecraft:damage_resisted":77,"minecraft:sprint_one_cm":561930,"minecraft:damage_blocked_by_shield":232,"minecraft:drop":226,"minecraft:talked_to_villager":4,"minecraft:play_time":201597,"minecraft:deaths":2,"minecraft:jump":2676,"minecraft:walk_on_water_one_cm":8049,"minecraft:interact_with_furnace":65,"minecraft:traded_with_villager":1,"minecraft:sleep_in_bed":1,"minecraft:waystone_activated":1,"minecraft:damage_dealt":61454,"minecraft:player_kills":1,"minecraft:crouch_one_cm":28811,"minecraft:interact_with_smoker":2,"minecraft:horse_one_cm":628,"minecraft:mob_kills":141,"minecraft:damage_dealt_resisted":5132,"minecraft:climb_one_cm":1193,"minecraft:walk_one_cm":718768,"minecraft:sneak_time":7474,"minecraft:walk_under_water_one_cm":2611,"minecraft:interact_with_blast_furnace":2,"minecraft:total_world_time":201597,"enigmaticlegacy:play_time_without_seven_curses":201536,"minecraft:time_since_rest":22160,"minecraft:damage_taken":7924,"minecraft:damage_absorbed":80,"minecraft:swim_one_cm":6679,"minecraft:fly_one_cm":608485,"minecraft:open_chest":36,"minecraft:fall_one_cm":359231},"minecraft:crafted":{"minecraft:oak_planks":120,"minecraft:oak_sign":3,"minecraft:cooked_chicken":3,"minecraft:cooked_mutton":7,"blue_skies:blue_journal":1,"sophisticatedbackpacks:backpack":1,"minecraft:cooked_porkchop":4,"minecraft:crafting_table":1,"minecraft:wooden_pickaxe":1,"cisco_mod:adventurer_chestplate":1,"minecraft:iron_chestplate":1,"minecraft:diamond_pickaxe":1,"minecraft:pink_wool":3,"minecraft:stick":72,"minecraft:iron_ingot":77,"minecraft:iron_pickaxe":9,"minecraft:gold_ingot":25,"minecraft:furnace":4,"minecraft:pink_dye":4,"minecraft:iron_axe":1,"minecraft:stone_pickaxe":3,"minecraft:wheat":207,"minecraft:cooked_beef":7,"minecraft:red_dye":4,"minecraft:iron_sword":2,"minecraft:bread":80,"minecraft:air":0,"woodworks:oak_chest":4,"minecraft:iron_shovel":2,"minecraft:iron_leggings":1,"minecraft:torch":316}},"DataVersion":3120}