{"stats":{"minecraft:killed":{"irons_spellbooks:summoned_zombie":3,"minecraft:spider":2,"enemyexpansion:direwolf":2,"minecraft:skeleton":7,"minecraft:chicken":4,"irons_spellbooks:summoned_skeleton":1,"enemyexpansion:goblin":2,"minecraft:pig":3,"iter_rpg:spiderling":4,"minecraft:creeper":2,"minecraft:sheep":5,"minecraft:zombie":1,"undead_unleashed:haunter":1,"minecraft:cow":3},"minecraft:dropped":{"byg:biomepedia":1,"minecraft:wheat_seeds":53,"minecraft:feather":4,"minecraft:cobblestone":40,"darkerdepths:shale":52,"quark:yellow_corundum":1,"minecraft:dirt":255,"ars_nouveau:worn_notebook":1,"immersive_armors:wooden_leggings":1,"byg:soapstone":37,"quark:indigo_corundum_cluster":16,"supplementaries:wrench":1,"minecraft:rose_bush":1,"minecraft:wooden_sword":1,"minecraft:red_dye":4,"immersive_armors:wooden_chestplate":1,"minecraft:string":2,"minecraft:white_wool":1,"twigs:twig":2,"minecraft:spruce_sapling":1,"minecraft:bone":5,"twigs:rhyolite":67,"quark:indigo_corundum":7,"twigs:petrified_lichen":2,"minecraft:cobbled_deepslate":2,"alexsmobs:animal_dictionary":1,"minecraft:bowl":7,"minecraft:pink_dye":1,"minecraft:rotten_flesh":1,"quark:yellow_corundum_cluster":2,"minecraft:carrot":3,"patchouli:guide_book":3,"iter_rpg:abyssquartz_shard":1,"supplementaries:flax_seeds":3,"minecraft:leather_chestplate":1,"supplementaries:ash":13,"minecraft:spruce_wood":1,"minecraft:spider_eye":1,"minecraft:arrow":5,"minecraft:wooden_pickaxe":1,"minecraft:written_book":1},"minecraft:mined":{"minecraft:deepslate_diamond_ore":1,"minecraft:grass_block":257,"quark:yellow_corundum":1,"minecraft:spruce_leaves":4,"minecraft:oak_wall_sign":1,"minecraft:hay_block":18,"forbidden_arcanus:deepslate_arcane_crystal_ore":2,"minecraft:furnace":4,"minecraft:iron_ore":29,"minecraft:pumpkin":5,"minecraft:deepslate_lapis_ore":8,"minecraft:peony":2,"darkerdepths:shale":52,"minecraft:deepslate_iron_ore":11,"quark:indigo_corundum":7,"minecraft:spruce_wood":4,"minecraft:stone":371,"minecraft:crafting_table":4,"minecraft:torch":3,"minecraft:rose_bush":3,"twigs:petrified_lichen":1,"minecraft:copper_ore":1,"minecraft:cobblestone":5,"minecraft:deepslate_gold_ore":16,"minecraft:diorite":1,"minecraft:wall_torch":4,"supplementaries:urn":4,"byg:soapstone":37,"iter_rpg:abyss_quartz":1,"minecraft:wheat":30,"iter_rpg:spider_egg":1,"minecraft:coal_ore":140,"minecraft:oak_log":34,"twigs:rhyolite":67,"minecraft:oak_leaves":5,"minecraft:deepslate":3},"minecraft:picked_up":{"twigs:petrified_lichen":2,"byg:soapstone":37,"minecraft:crafting_table":4,"minecraft:wheat":30,"minecraft:chicken":4,"minecraft:string":2,"darkerdepths:shale":52,"minecraft:oak_sign":1,"quark:indigo_corundum":7,"minecraft:cobbled_deepslate":2,"delightful:acorn":2,"minecraft:beef":7,"minecraft:rose_bush":3,"minecraft:egg":6,"minecraft:furnace":4,"minecraft:raw_iron":40,"apotheosis:gem":18,"minecraft:torch":11,"minecraft:bowl":1,"quark:yellow_corundum_cluster":2,"minecraft:porkchop":5,"minecraft:diorite":1,"minecraft:carrot":3,"quark:yellow_corundum":1,"minecraft:stone_sword":1,"minecraft:arrow":5,"minecraft:rotten_flesh":3,"minecraft:peony":2,"minecraft:hay_block":14,"quark:indigo_corundum_cluster":16,"supplementaries:ash":13,"minecraft:mutton":7,"minecraft:cobblestone":377,"minecraft:white_wool":3,"minecraft:leather_chestplate":1,"minecraft:feather":4,"minecraft:brown_wool":1,"minecraft:leather":2,"minecraft:oak_log":34,"supplementaries:flax_seeds":3,"minecraft:gunpowder":2,"minecraft:lapis_lazuli":46,"minecraft:dirt":257,"minecraft:bone":9,"supplementaries:wrench":1,"minecraft:apple":2,"minecraft:wheat_seeds":82,"minecraft:raw_gold":16,"minecraft:spruce_wood":4,"minecraft:iron_ingot":2,"twigs:twig":3,"minecraft:pumpkin":5,"undead_unleashed:grave_metal_scrap":4,"minecraft:spruce_sapling":1,"minecraft:spider_eye":1,"forbidden_arcanus:arcane_crystal":2,"minecraft:diamond":1,"iter_rpg:abyssquartz_shard":1,"minecraft:gray_wool":1,"twigs:rhyolite":67,"minecraft:oak_sapling":9,"minecraft:coal":180},"minecraft:crafted":{"minecraft:oak_planks":48,"minecraft:oak_sign":3,"minecraft:cooked_chicken":3,"minecraft:furnace":2,"minecraft:pink_dye":4,"minecraft:cooked_mutton":7,"minecraft:iron_axe":1,"minecraft:stone_pickaxe":3,"minecraft:wheat":126,"minecraft:cooked_beef":7,"minecraft:red_dye":4,"minecraft:cooked_porkchop":4,"minecraft:crafting_table":1,"minecraft:wooden_pickaxe":1,"minecraft:bread":53,"minecraft:air":0,"woodworks:oak_chest":2,"minecraft:iron_chestplate":1,"minecraft:pink_wool":3,"minecraft:stick":44,"minecraft:iron_ingot":27,"minecraft:iron_pickaxe":2,"minecraft:iron_leggings":1,"minecraft:torch":180},"minecraft:custom":{"enigmaticlegacy:play_time_with_seven_curses":0,"lootr:looted_stat":10,"minecraft:mob_kills":42,"minecraft:interact_with_crafting_table":16,"minecraft:open_barrel":2,"minecraft:bell_ring":10,"minecraft:damage_dealt_resisted":0,"minecraft:time_since_death":62115,"minecraft:climb_one_cm":200,"minecraft:damage_resisted":0,"minecraft:sprint_one_cm":229023,"minecraft:walk_one_cm":200187,"minecraft:drop":60,"minecraft:play_time":62115,"minecraft:sneak_time":920,"minecraft:walk_under_water_one_cm":2266,"minecraft:jump":1034,"minecraft:interact_with_blast_furnace":2,"minecraft:walk_on_water_one_cm":7834,"minecraft:total_world_time":62115,"minecraft:interact_with_furnace":33,"enigmaticlegacy:play_time_without_seven_curses":62115,"minecraft:time_since_rest":62115,"minecraft:waystone_activated":1,"minecraft:damage_taken":1240,"minecraft:damage_dealt":7374,"minecraft:swim_one_cm":6500,"minecraft:fly_one_cm":277476,"minecraft:open_chest":12,"minecraft:crouch_one_cm":3231,"minecraft:fall_one_cm":200831},"minecraft:broken":{"minecraft:stone_pickaxe":3,"minecraft:iron_pickaxe":1},"minecraft:used":{"minecraft:stone_sword":84,"minecraft:oak_sign":4,"woodworks:oak_chest":2,"strictly_origins:damaged_durendal":45,"minecraft:torch":149,"minecraft:dirt":2,"minecraft:iron_axe":12,"minecraft:written_book":1,"minecraft:oak_sapling":9,"minecraft:furnace":6,"minecraft:egg":6,"minecraft:cooked_beef":5,"minecraft:pumpkin":5,"minecraft:wheat_seeds":29,"minecraft:diorite":1,"minecraft:stone_pickaxe":394,"minecraft:wooden_pickaxe":3,"minecraft:crafting_table":4,"farmersdelight:ratatouille":6,"minecraft:apple":2,"minecraft:chicken":1,"minecraft:bread":4,"minecraft:iron_pickaxe":368,"minecraft:cobblestone":82,"minecraft:porkchop":1,"minecraft:gray_wool":1,"delightful:acorn":2}},"DataVersion":3120}