{"stats":{"minecraft:mined":{"minecraft:pink_bed":2,"minecraft:red_nether_bricks":2,"minecraft:obsidian":14,"minecraft:granite":69,"quark:yellow_corundum":1,"minecraft:oak_wall_sign":1,"minecraft:oxeye_daisy":1,"minecraft:chiseled_stone_bricks":5,"minecraft:red_stained_glass_pane":2,"minecraft:spawner":9,"minecraft:magma_block":6,"minecraft:mossy_cobblestone_stairs":10,"minecraft:fire":6,"byg:prairie_grass":8,"minecraft:pumpkin":5,"minecraft:deepslate_lapis_ore":13,"minecraft:enchanting_table":1,"blue_skies:spider_webbing":2,"minecraft:oak_stairs":2,"minecraft:spruce_wood":4,"minecraft:red_bed":2,"minecraft:smoker":6,"undead_unleashed:ancient_dirt":64,"minecraft:powder_snow":1,"minecraft:torch":13,"minecraft:note_block":16,"minecraft:bricks":2,"byg:soapstone":510,"minecraft:wheat":30,"minecraft:jukebox":1,"minecraft:stone_brick_stairs":26,"minecraft:grass":2,"twigs:rhyolite":71,"minecraft:deepslate":174,"minecraft:deepslate_tiles":1,"minecraft:mossy_cobblestone":27,"quark:shale":40,"minecraft:dark_oak_log":2,"minecraft:nether_bricks":4,"minecraft:allium":1,"darkerdepths:amber":1,"byg:crocus":5,"forbidden_arcanus:deepslate_arcane_crystal_ore":4,"minecraft:andesite":80,"twilightforest:twilight_oak_leaves":1,"minecraft:mossy_stone_brick_stairs":26,"minecraft:vine":8,"quark:permafrost":4,"irons_spellbooks:inscription_table":2,"twigs:pebble":2,"minecraft:glass_pane":3,"woodworks:spruce_ladder":18,"minecraft:stone_brick_slab":2,"galosphere:deepslate_silver_ore":8,"minecraft:dandelion":19,"minecraft:emerald_ore":2,"minecraft:copper_ore":76,"minecraft:deepslate_gold_ore":45,"minecraft:diorite":248,"globalxp:xp_block":1,"minecraft:spruce_log":35,"minecraft:pink_stained_glass_pane":2,"minecraft:gravel":146,"minecraft:cobweb":18,"minecraft:polished_blackstone":3,"minecraft:stone_bricks":60,"minecraft:gold_ore":22,"minecraft:spruce_planks":1,"minecraft:stone_pressure_plate":3,"minecraft:mossy_stone_brick_slab":5,"minecraft:cobblestone_stairs":5,"minecraft:sculk_vein":2,"minecraft:grass_block":320,"minecraft:mossy_cobblestone_slab":1,"minecraft:iron_ore":83,"minecraft:anvil":2,"minecraft:azure_bluet":2,"minecraft:brown_bed":1,"darkerdepths:shale":77,"minecraft:iron_bars":15,"quark:indigo_corundum":7,"byg:tall_prairie_grass":14,"atmospheric:potted_aspen_sapling":1,"undead_unleashed:grave_soil":7,"minecraft:calcite":8,"minecraft:poppy":1,"twilightforest:twilight_oak_log":6,"minecraft:cobblestone":330,"minecraft:oak_planks":7,"minecraft:iron_door":1,"minecraft:wall_torch":25,"byg:lush_grass_block":15,"minecraft:oak_log":95,"minecraft:dirt":916,"minecraft:netherrack":1,"minecraft:oak_leaves":12,"minecraft:tuff":2,"minecraft:deepslate_diamond_ore":1,"minecraft:oak_door":1,"minecraft:spruce_leaves":4,"iter_rpg:big_vase":2,"minecraft:hay_block":43,"minecraft:furnace":19,"minecraft:peony":2,"minecraft:deepslate_iron_ore":42,"minecraft:packed_ice":183,"minecraft:stone":3515,"minecraft:redstone_wall_torch":1,"minecraft:stripped_dark_oak_log":2,"minecraft:crafting_table":19,"minecraft:rose_bush":3,"twigs:petrified_lichen":1,"woodworks:oak_chest":20,"minecraft:lapis_ore":2,"minecraft:lily_pad":1,"minecraft:sculk":1,"supplementaries:urn":8,"byg:lush_dirt":136,"forbidden_arcanus:xpetrified_ore":8,"iter_rpg:abyss_quartz":1,"minecraft:gray_bed":3,"minecraft:black_wool":1,"iter_rpg:spider_egg":1,"minecraft:coal_ore":368,"minecraft:cracked_stone_bricks":62,"minecraft:mossy_stone_bricks":56},"minecraft:dropped":{"byg:biomepedia":1,"undead_unleashed:grave_metal_chestplate":1,"minecraft:porkchop":6,"quark:permafrost":11,"minecraft:glass_bottle":4,"minecraft:diamond":3,"vinery:white_grape_seeds":2,"minecraft:mossy_stone_brick_stairs":2,"minecraft:cracked_stone_bricks":25,"undead_unleashed:grave_metal_scrap":20,"byg:lush_dirt":97,"minecraft:leather_helmet":4,"minecraft:red_mushroom":2,"sophisticatedbackpacks:gold_backpack":1,"minecraft:emerald":1,"twigs:pebble":5,"minecraft:dirt":402,"minecraft:birch_fence":1,"irons_spellbooks:arcane_essence":61,"minecraft:wooden_sword":1,"minecraft:gold_nugget":8,"minecraft:iron_pickaxe":5,"minecraft:white_wool":1,"minecraft:bone":37,"minecraft:green_wool":1,"minecraft:oak_door":1,"minecraft:note_block":16,"irons_spellbooks:blank_rune":1,"minecraft:iron_nugget":11,"alexsmobs:animal_dictionary":1,"minecraft:cobbled_deepslate":106,"minecraft:pink_dye":1,"minecraft:wheat":3,"immersive_armors:wooden_boots":1,"minecraft:obsidian":1,"minecraft:rotten_flesh":44,"minecraft:oak_planks":4,"minecraft:glowstone_dust":21,"minecraft:azure_bluet":2,"supplementaries:flax_seeds":3,"minecraft:tipped_arrow":2,"twilightforest:cracked_nagastone_pillar":1,"easy_villagers:converter":2,"minecraft:leather_boots":4,"apotheosis:gem":16,"minecraft:leather_leggings":3,"minecraft:spruce_slab":3,"minecraft:red_nether_bricks":2,"minecraft:stone_brick_stairs":4,"ars_nouveau:wixie_shards":1,"minecraft:enchanted_book":2,"minecraft:golden_boots":2,"minecraft:iron_ingot":3,"easy_villagers:farmer":2,"minecraft:wheat_seeds":58,"minecraft:feather":4,"minecraft:cobblestone":309,"minecraft:granite":60,"minecraft:spruce_door":2,"minecraft:chainmail_helmet":1,"minecraft:golden_apple":27,"minecraft:oxeye_daisy":1,"woodworks:spruce_ladder":3,"minecraft:rose_bush":1,"simplyswords:sword_on_a_stick":3,"delightful:acorn":1,"minecraft:oak_stairs":4,"minecraft:red_dye":4,"minecraft:mossy_cobblestone_stairs":3,"minecraft:smooth_stone":2,"minecraft:chainmail_leggings":1,"minecraft:string":25,"atmospheric:aspen_sapling":2,"minecraft:spruce_sapling":1,"iter_rpg:potsherd":3,"twigs:rhyolite":71,"quark:indigo_corundum":7,"minecraft:stone_sword":2,"minecraft:bowl":10,"forbidden_arcanus:ender_pearl_fragment":2,"minecraft:iron_boots":1,"quark:yellow_corundum_cluster":2,"undead_unleashed:grave_metal_sword":2,"minecraft:nether_bricks":4,"easy_villagers:iron_farm":2,"minecraft:cobblestone_slab":1,"minecraft:flower_pot":2,"minecraft:allium":1,"byg:crocus":3,"minecraft:spruce_planks":1,"minecraft:diamond_pickaxe":2,"minecraft:redstone_torch":1,"minecraft:brown_bed":2,"minecraft:stone_pressure_plate":3,"minecraft:spider_eye":9,"minecraft:stone_bricks":23,"sophisticatedbackpacks:copper_backpack":2,"minecraft:magma_block":6,"easy_villagers:trader":1,"minecraft:black_wool":1,"apotheosis:gem_dust":34,"minecraft:oak_log":15,"simplyswords:diamond_halberd":1,"darkerdepths:shale":55,"minecraft:cobblestone_stairs":1,"minecraft:dark_oak_log":2,"minecraft:packed_ice":2,"immersive_armors:wooden_leggings":1,"minecraft:snowball":161,"ars_nouveau:ritual_moonfall":1,"immersive_armors:wooden_chestplate":1,"twigs:twig":7,"minecraft:gravel":6,"simplyswords:runic_tablet":5,"easy_villagers:breeder":2,"minecraft:yellow_wool":1,"iter_rpg:spawner_fragment":2,"twilightforest:torchberries":5,"minecraft:carrot":3,"patchouli:guide_book":3,"iter_rpg:abyssquartz_shard":1,"minecraft:chiseled_stone_bricks":2,"minecraft:poppy":1,"minecraft:leather_chestplate":2,"supplementaries:ash":19,"minecraft:gunpowder":20,"minecraft:skeleton_skull":1,"minecraft:chainmail_boots":1,"minecraft:spruce_wood":1,"minecraft:iron_bars":10,"minecraft:arrow":23,"minecraft:written_book":2,"relics:spore_sack":1,"minecraft:mossy_cobblestone":6,"minecraft:copper_ingot":6,"quark:yellow_corundum":1,"apotheosis:epic_material":3,"ars_nouveau:worn_notebook":1,"minecraft:diorite":236,"twilightforest:spiral_bricks":5,"ringsofascension:ring_strength":1,"byg:soapstone":130,"quark:indigo_corundum_cluster":16,"supplementaries:wrench":1,"minecraft:iron_door":1,"forbidden_arcanus:spawner_scrap":1,"minecraft:iron_leggings":2,"irons_spellbooks:common_ink":1,"waystones:mossy_waystone":1,"sophisticatedbackpacks:crafting_upgrade":1,"irons_spellbooks:frozen_bone":9,"minecraft:dandelion":8,"twigs:petrified_lichen":2,"minecraft:raw_copper":326,"minecraft:tuff":2,"majruszsaccessories:tool_scraps":1,"minecraft:raw_iron":1,"minecraft:wither_skeleton_skull":1,"minecraft:ender_eye":2,"minecraft:shield":3,"minecraft:andesite":27,"minecraft:mossy_stone_bricks":11,"minecraft:pink_wool":1,"minecraft:blue_ice":5,"minecraft:oak_sapling":6,"easy_villagers:incubator":1,"minecraft:spruce_log":1,"minecraft:slime_ball":2,"darkerdepths:amber":1,"minecraft:wooden_pickaxe":1,"minecraft:raw_gold":1,"minecraft:calcite":1,"delightful:pumpkin_pie_slice":2,"immersive_armors:wooden_helmet":1},"minecraft:custom":{"minecraft:interact_with_crafting_table":103,"minecraft:open_barrel":2,"minecraft:bell_ring":10,"minecraft:time_since_death":29109,"minecraft:damage_blocked_by_shield":369,"minecraft:play_time":494685,"minecraft:deaths":3,"minecraft:jump":4580,"minecraft:interact_with_furnace":102,"minecraft:play_record":1,"minecraft:traded_with_villager":1,"minecraft:sleep_in_bed":7,"minecraft:waystone_activated":1,"minecraft:damage_dealt":223997,"minecraft:interact_with_smoker":45,"minecraft:horse_one_cm":628,"minecraft:interact_with_anvil":2,"minecraft:damage_dealt_absorbed":130,"minecraft:sneak_time":13156,"minecraft:interact_with_blast_furnace":2,"minecraft:total_world_time":494685,"enigmaticlegacy:play_time_without_seven_curses":493720,"minecraft:tune_noteblock":4,"minecraft:time_since_rest":30013,"minecraft:swim_one_cm":11940,"minecraft:fly_one_cm":1355709,"minecraft:open_chest":569,"minecraft:fall_one_cm":359442,"enigmaticlegacy:play_time_with_seven_curses":0,"lootr:looted_stat":105,"minecraft:damage_resisted":319,"minecraft:sprint_one_cm":1632214,"minecraft:drop":510,"minecraft:play_noteblock":12,"minecraft:talked_to_villager":4,"minecraft:walk_on_water_one_cm":31715,"minecraft:player_kills":5,"minecraft:crouch_one_cm":41316,"minecraft:mob_kills":347,"minecraft:damage_dealt_resisted":24829,"minecraft:climb_one_cm":9197,"minecraft:walk_one_cm":1731489,"minecraft:walk_under_water_one_cm":4497,"minecraft:damage_taken":18543,"minecraft:damage_absorbed":284},"minecraft:crafted":{"minecraft:oak_sign":3,"minecraft:pink_bed":1,"minecraft:cooked_mutton":8,"minecraft:diamond_leggings":1,"sophisticatedbackpacks:copper_backpack":2,"blue_skies:blue_journal":1,"aquaculture:worm_farm":1,"minecraft:cooked_porkchop":41,"minecraft:brown_bed":1,"minecraft:copper_ingot":7,"farmersdelight:beef_patty":2,"cisco_mod:adventurer_chestplate":1,"aquaculture:iron_hook":1,"minecraft:iron_pickaxe":9,"minecraft:iron_block":6,"minecraft:gold_ingot":25,"farmersdelight:cooked_bacon":9,"minecraft:iron_nugget":9,"woodworks:spruce_chest":1,"minecraft:pink_dye":4,"vinery:fermentation_barrel":1,"twilightforest:twilight_oak_planks":24,"minecraft:stone_pickaxe":4,"minecraft:diamond_boots":1,"minecraft:wheat":315,"farmersdelight:cooked_mutton_chops":2,"sophisticatedbackpacks:gold_backpack":2,"minecraft:iron_shovel":3,"minecraft:iron_leggings":1,"minecraft:oak_planks":304,"minecraft:cooked_chicken":4,"minecraft:cobblestone_stairs":8,"vinery:wine_press":1,"minecraft:oak_slab":6,"sophisticatedbackpacks:backpack":1,"minecraft:crafting_table":3,"minecraft:spruce_planks":124,"minecraft:wooden_pickaxe":2,"minecraft:iron_chestplate":1,"minecraft:diamond_pickaxe":3,"minecraft:pink_wool":3,"sophisticatedbackpacks:diamond_backpack":1,"minecraft:stick":140,"minecraft:iron_ingot":77,"minecraft:shears":1,"minecraft:fishing_rod":1,"minecraft:furnace":5,"vinery:grapevine_pot":1,"minecraft:iron_axe":1,"sophisticatedbackpacks:iron_backpack":2,"minecraft:cooked_beef":15,"minecraft:red_dye":4,"minecraft:iron_trapdoor":1,"minecraft:iron_sword":2,"minecraft:bucket":1,"minecraft:bread":136,"minecraft:air":0,"woodworks:oak_chest":21,"minecraft:anvil":2,"minecraft:torch":540},"minecraft:killed_by":{"majruszsdifficulty:cursed_armor":1,"aquamirae:tortured_soul":1,"minecraft:silverfish":1},"minecraft:used":{"irons_spellbooks:inscription_table":2,"lootr:trophy":1,"minecraft:snowball":14,"minecraft:stone_brick_stairs":2,"supplementaries:bomb_blue":1,"minecraft:furnace":23,"minecraft:oak_sapling":19,"minecraft:egg":6,"minecraft:diorite":1,"minecraft:wooden_pickaxe":17,"minecraft:leather_chestplate":1,"twilightforest:steeleaf_sword":1,"minecraft:golden_apple":4,"simplyswords:frostfall":466,"globalxp:xp_block":1,"delightful:acorn":2,"minecraft:enchanting_table":1,"minecraft:stone_sword":110,"minecraft:torch":701,"minecraft:anvil":2,"byg:lush_dirt":12,"farmersdelight:beef_patty":2,"minecraft:iron_axe":216,"minecraft:cobbled_deepslate":1,"minecraft:wheat_seeds":30,"minecraft:water_bucket":1,"minecraft:cracked_stone_bricks":6,"minecraft:mossy_cobblestone":3,"minecraft:oak_slab":12,"minecraft:crafting_table":21,"minecraft:red_bed":2,"minecraft:spruce_log":3,"minecraft:oak_log":1,"minecraft:diamond_pickaxe":4001,"minecraft:iron_pickaxe":2175,"minecraft:pink_bed":3,"farmersdelight:cooked_bacon":9,"minecraft:potion":4,"minecraft:cobblestone":2573,"minecraft:cooked_porkchop":36,"minecraft:porkchop":1,"minecraft:dandelion":11,"minecraft:jukebox":1,"minecraft:iron_shovel":750,"minecraft:oak_sign":4,"minecraft:shield":3,"minecraft:iron_sword":309,"strictly_origins:damaged_durendal":45,"undead_unleashed:grave_metal_sword":119,"minecraft:obsidian":16,"byg:crocus":2,"minecraft:stone_bricks":4,"minecraft:magma_block":1,"minecraft:written_book":3,"delightful:pumpkin_pie_slice":37,"minecraft:gray_bed":3,"minecraft:stone_pickaxe":466,"minecraft:oak_planks":3,"minecraft:chainmail_helmet":1,"simplyswords:diamond_halberd":1033,"farmersdelight:ratatouille":9,"minecraft:bread":122,"minecraft:gravel":2,"minecraft:andesite":5,"minecraft:experience_bottle":8,"minecraft:flint_and_steel":1,"woodworks:oak_chest":39,"ars_nouveau:music_disc_thistle_the_sound_of_glass":1,"minecraft:dirt":22,"farmersdelight:cooked_mutton_chops":2,"minecraft:cooked_beef":5,"minecraft:pumpkin":5,"minecraft:cooked_mutton":3,"minecraft:cobblestone_stairs":6,"minecraft:smoker":6,"minecraft:apple":6,"minecraft:chicken":1,"byg:soapstone":13,"minecraft:bucket":2,"minecraft:gray_wool":1},"minecraft:picked_up":{"minecolonies:supplycampdeployer":1,"easy_villagers:breeder":2,"minecraft:chainmail_boots":3,"byg:lush_dirt":236,"minecraft:flower_pot":2,"minecraft:anvil":2,"undead_unleashed:cursed_cloth":3,"minecraft:oak_stairs":4,"minecraft:brown_bed":1,"minecraft:enchanted_book":3,"forbidden_arcanus:xpetrified_orb":17,"minecraft:string":89,"apotheosis:epic_material":3,"darkerdepths:shale":56,"minecraft:red_nether_bricks":2,"simplyswords:diamond_scythe":1,"woodworks:oak_chest":20,"minecraft:beetroot":20,"minecraft:cobbled_deepslate":123,"minecraft:gold_nugget":10,"bosses_of_mass_destruction:soul_star":1,"minecraft:spruce_planks":10,"undead_unleashed:grave_metal_sword":2,"minecraft:written_book":1,"irons_spellbooks:blank_rune":1,"farmersdelight:ratatouille":7,"minecraft:golden_helmet":1,"minecraft:jukebox":1,"easy_villagers:iron_farm":2,"minecraft:stone_sword":2,"supplementaries:ash":19,"endrem:rogue_eye":1,"minecraft:iron_bars":17,"minecraft:snowball":175,"majruszsaccessories:tool_scraps":1,"minecraft:magma_block":7,"minecraft:mossy_cobblestone_slab":1,"minecraft:feather":4,"minecraft:cooked_beef":2,"minecraft:iron_door":1,"minecraft:brown_wool":4,"minecraft:smoker":6,"minecraft:flint":8,"delightful:pumpkin_pie_slice":39,"darkerdepths:amber":1,"minecraft:diamond_helmet":1,"minecraft:glowstone_dust":21,"galosphere:raw_silver":10,"aquaculture:worm":25,"minecraft:dark_oak_log":2,"minecraft:blue_ice":5,"minecraft:granite":69,"mcsa:prismarine_soldier_boots":1,"minecraft:chainmail_helmet":1,"minecraft:bread":13,"twigs:rhyolite":71,"minecraft:bricks":1,"minecraft:diamond_pickaxe":2,"minecraft:crafting_table":19,"minecraft:leather_leggings":6,"alexsmobs:froststalker_horn":1,"minecraft:red_bed":2,"twilightforest:steeleaf_sword":1,"minecraft:iron_shovel":1,"cisco_mod:adventurer_chestplate":1,"undead_unleashed:grave_metal_ingot":4,"minecraft:cracked_stone_bricks":60,"minecraft:beef":7,"quark:permafrost":11,"minecraft:poppy":1,"minecraft:iron_nugget":34,"minecraft:spruce_slab":6,"globalxp:xp_block":1,"minecraft:egg":6,"minecraft:oak_door":1,"sophisticatedbackpacks:crafting_upgrade":1,"minecraft:spruce_fence":1,"minecraft:carrot":135,"origins:orb_of_origin":2,"minecraft:redstone":7,"quark:yellow_corundum":1,"simplyswords:diamond_halberd":1,"minecraft:beetroot_seeds":52,"minecraft:peony":2,"minecraft:shears":1,"minecraft:hay_block":35,"quark:indigo_corundum_cluster":16,"minecraft:gold_ingot":91,"sophisticatedbackpacks:copper_backpack":1,"minecraft:polished_blackstone":2,"minecraft:mutton":9,"cisco_mod:champion_coin":1,"minecraft:white_wool":5,"minecraft:oxeye_daisy":1,"minecraft:red_mushroom":2,"easy_villagers:farmer":2,"minecraft:oak_log":96,"minecraft:golden_boots":2,"relics:spore_sack":2,"minecraft:paper":3,"minecraft:apple":10,"minecraft:stone_bricks":59,"minecraft:glass_bottle":1,"apotheosis:gem_dust":4,"minecraft:gray_bed":3,"minecraft:iron_sword":7,"minecraft:gravel":146,"minecraft:spruce_sapling":1,"twilightforest:cracked_nagastone_pillar":1,"minecraft:spruce_log":35,"farmersdelight:bacon_and_eggs":16,"minecraft:leather_helmet":5,"forbidden_arcanus:arcane_crystal":8,"minecraft:slime_ball":2,"minecraft:gray_wool":1,"minecraft:baked_potato":10,"twilightforest:spiral_bricks":5,"minecraft:stripped_dark_oak_log":2,"irons_spellbooks:scroll":3,"ars_nouveau:caster_tome":3,"minecraft:wheat":101,"minecraft:black_carpet":2,"minecraft:yellow_wool":1,"atmospheric:aspen_sapling":2,"undead_unleashed:grave_metal_chestplate":2,"minecraft:stone_brick_stairs":19,"byg:crocus":8,"minecraft:raw_copper":413,"minecraft:iron_leggings":1,"minecraft:experience_bottle":9,"minecraft:oak_sign":2,"minecraft:smooth_stone":2,"twigs:pebble":67,"delightful:acorn":3,"minecraft:rose_bush":3,"minecraft:redstone_torch":1,"minecraft:cobblestone_slab":1,"minecraft:calcite":8,"minecraft:iron_pickaxe":1,"irons_spellbooks:inscription_table":2,"minecraft:furnace":19,"minecraft:iron_boots":1,"minecraft:tipped_arrow":7,"minecraft:stick":3,"apotheosis:gem":88,"minecraft:torch":73,"quark:yellow_corundum_cluster":2,"minecraft:porkchop":41,"minecraft:diorite":245,"majruszsaccessories:dream_catcher":1,"quark:ancient_tome":3,"minecraft:rotten_flesh":64,"simplyswords:sword_on_a_stick":2,"cisco_mod:adventurer_leggings":1,"supplementaries:antique_ink":4,"forbidden_arcanus:lens_of_veritatis":1,"aquaculture:worm_farm":1,"minecraft:green_wool":1,"minecraft:obsidian":17,"minecraft:cobblestone":4361,"minecraft:enchanting_table":2,"woodworks:spruce_ladder":21,"minecraft:leather_chestplate":3,"twilightforest:twilight_oak_log":6,"minecraft:andesite":80,"minecraft:potato":134,"minecraft:tuff":2,"supplementaries:flax_seeds":3,"minecraft:wither_skeleton_skull":2,"minecraft:lapis_lazuli":198,"minecraft:dirt":1557,"minecraft:leather_boots":6,"minecraft:bone":113,"farmersdelight:iron_knife":2,"minecraft:bow":1,"minecraft:wheat_seeds":279,"easy_villagers:trader":1,"minecraft:raw_gold":89,"cisco_mod:adventurer_helmet":3,"minecraft:mossy_stone_bricks":48,"twigs:twig":8,"minecraft:oak_planks":5,"minecraft:mossy_stone_brick_stairs":23,"minecraft:cooked_porkchop":2,"irons_spellbooks:frozen_bone":34,"quark:shale":40,"iter_rpg:spider_silk":6,"aquaculture:neptunium_nugget":5,"minecraft:mossy_cobblestone":26,"minecraft:diamond":14,"iter_rpg:abyssquartz_shard":1,"minecraft:golden_apple":4,"minecraft:emerald":29,"minecraft:oak_sapling":25,"cisco_mod:brightsteel_ingot":1,"twilightforest:torchberries":5,"iter_rpg:spawner_fragment":2,"minecraft:fishing_rod":1,"twigs:petrified_lichen":2,"byg:soapstone":750,"minecraft:allium":1,"minecraft:azure_bluet":2,"minecraft:chicken":5,"minecraft:turtle_helmet":1,"minecraft:packed_ice":2,"minecraft:pink_wool":11,"ars_nouveau:warp_scroll":2,"minecraft:shield":4,"minecraft:iron_axe":1,"minecraft:birch_fence":1,"quark:indigo_corundum":7,"simplyswords:iron_longsword":1,"easy_villagers:incubator":1,"minecraft:raw_iron":122,"minecraft:copper_ingot":15,"minecraft:bowl":6,"minecraft:note_block":16,"ars_nouveau:wixie_shards":1,"minecraft:stone_pressure_plate":4,"minecraft:arrow":62,"minecraft:pumpkin_pie":64,"majruszsaccessories:lucky_rock":4,"minecraft:nether_bricks":4,"vinery:white_grape_seeds":2,"forbidden_arcanus:spawner_scrap":6,"minecraft:skeleton_skull":1,"minecraft:leather":46,"strictly_origins:damaged_durendal":1,"minecraft:chainmail_chestplate":1,"minecraft:gunpowder":25,"minecraft:cobblestone_stairs":5,"cisco_mod:adventurer_boots":1,"easy_villagers:converter":2,"minecraft:cooked_mutton":7,"supplementaries:wrench":1,"minecraft:spruce_wood":4,"iter_rpg:potsherd":3,"minecraft:iron_ingot":100,"minecraft:cooked_chicken":3,"aquaculture:iron_hook":1,"minecraft:pink_bed":2,"minecraft:pumpkin":5,"minecraft:chiseled_stone_bricks":5,"minecraft:stone_brick_slab":2,"minecraft:dandelion":20,"undead_unleashed:grave_metal_scrap":53,"minecraft:spider_eye":29,"ars_nouveau:music_disc_thistle_the_sound_of_glass":1,"minecraft:mossy_stone_brick_slab":5,"minecraft:spruce_door":2,"minecraft:chainmail_leggings":6,"minecraft:mossy_cobblestone_stairs":8,"minecraft:black_wool":4,"minecraft:coal":832},"minecraft:broken":{"minecraft:diamond_pickaxe":2,"minecraft:iron_pickaxe":5,"aether:leather_gloves":1,"minecraft:iron_shovel":3,"minecraft:stone_pickaxe":3,"aether:chainmail_gloves":2},"minecraft:killed":{"minecraft:cave_spider":10,"enemyexpansion:equestrian":2,"minecraft:skeleton":45,"minecraft:chicken":5,"enemyexpansion:vampflyer":11,"enemyexpansion:tarantula":2,"undead_unleashed:frenzied_knight":3,"minecraft:zombie":26,"enemyexpansion:vampire":9,"enemyexpansion:botfly":7,"minecraft:cow":3,"minecraft:vindicator":1,"twilightforest:redcap_sapper":1,"twilightforest:kobold":5,"majruszsdifficulty:cursed_armor":41,"twilightforest:wraith":1,"iter_rpg:giant_spider":1,"minecraft:zombified_piglin":1,"minecraft:spider":33,"alexsmobs:froststalker":3,"minecraft:bee":1,"minecraft:silverfish":3,"irons_spellbooks:summoned_skeleton":1,"twilightforest:slime_beetle":2,"minecraft:piglin":2,"minecraft:pig":22,"minecraft:zombie_villager":1,"iter_rpg:spiderling":7,"irons_spellbooks:necromancer":1,"minecraft:creeper":4,"twilightforest:skeleton_druid":2,"minecraft:sheep":7,"twilightforest:redcap":4,"undead_unleashed:shadewraith":1,"minecraft:stray":11,"undead_unleashed:haunter":5,"irons_spellbooks:summoned_zombie":6,"enemyexpansion:direwolf":2,"twilightforest:fire_beetle":1,"twilightforest:swarm_spider":4,"enemyexpansion:goblin":6,"enemyexpansion:crawler":1,"alexsmobs:cockroach":1,"sons_of_sins:betrayed_guzzler":1,"enemyexpansion:huntsman":1,"minecraft:wither_skeleton":3,"enemyexpansion:slugger":5}},"DataVersion":3120}