{"stats":{"minecraft:killed_by":{"majruszsdifficulty:cursed_armor":1,"aquamirae:tortured_soul":1},"minecraft:mined":{"minecraft:stone_pressure_plate":2,"minecraft:pink_bed":1,"minecraft:sculk_vein":2,"minecraft:cobblestone_stairs":3,"minecraft:obsidian":11,"minecraft:granite":7,"minecraft:grass_block":281,"quark:yellow_corundum":1,"minecraft:oak_wall_sign":1,"minecraft:oxeye_daisy":1,"minecraft:red_stained_glass_pane":2,"minecraft:spawner":3,"minecraft:magma_block":4,"minecraft:iron_ore":83,"minecraft:fire":1,"minecraft:pumpkin":5,"minecraft:deepslate_lapis_ore":13,"minecraft:azure_bluet":2,"minecraft:brown_bed":1,"minecraft:enchanting_table":1,"darkerdepths:shale":56,"blue_skies:spider_webbing":2,"minecraft:iron_bars":6,"quark:indigo_corundum":7,"minecraft:spruce_wood":4,"minecraft:red_bed":2,"minecraft:smoker":3,"minecraft:powder_snow":1,"undead_unleashed:ancient_dirt":64,"minecraft:torch":10,"minecraft:poppy":1,"undead_unleashed:grave_soil":7,"minecraft:calcite":8,"twilightforest:twilight_oak_log":6,"minecraft:cobblestone":230,"minecraft:oak_planks":1,"minecraft:wall_torch":18,"byg:lush_grass_block":14,"byg:soapstone":478,"minecraft:wheat":30,"minecraft:stone_brick_stairs":6,"minecraft:grass":1,"minecraft:oak_log":88,"minecraft:dirt":409,"twigs:rhyolite":71,"minecraft:oak_leaves":12,"minecraft:deepslate":173,"minecraft:deepslate_tiles":1,"minecraft:tuff":2,"minecraft:deepslate_diamond_ore":1,"minecraft:dark_oak_log":2,"darkerdepths:amber":1,"minecraft:spruce_leaves":4,"iter_rpg:big_vase":2,"minecraft:hay_block":31,"forbidden_arcanus:deepslate_arcane_crystal_ore":4,"minecraft:furnace":13,"twilightforest:twilight_oak_leaves":1,"minecraft:peony":2,"minecraft:mossy_stone_brick_stairs":2,"minecraft:deepslate_iron_ore":42,"minecraft:packed_ice":183,"quark:permafrost":4,"minecraft:stone":2376,"twigs:pebble":1,"minecraft:glass_pane":3,"minecraft:dandelion":15,"galosphere:deepslate_silver_ore":8,"minecraft:crafting_table":17,"minecraft:emerald_ore":2,"minecraft:rose_bush":3,"twigs:petrified_lichen":1,"woodworks:oak_chest":20,"minecraft:copper_ore":74,"minecraft:lapis_ore":2,"minecraft:deepslate_gold_ore":45,"minecraft:lily_pad":1,"minecraft:sculk":1,"minecraft:diorite":152,"supplementaries:urn":8,"byg:lush_dirt":136,"forbidden_arcanus:xpetrified_ore":7,"iter_rpg:abyss_quartz":1,"globalxp:xp_block":1,"minecraft:gray_bed":1,"minecraft:spruce_log":35,"minecraft:coal_ore":353,"iter_rpg:spider_egg":1,"minecraft:pink_stained_glass_pane":2,"minecraft:gravel":94,"minecraft:cobweb":3,"minecraft:cracked_stone_bricks":20,"minecraft:stone_bricks":18,"minecraft:mossy_stone_bricks":1,"minecraft:gold_ore":21},"minecraft:dropped":{"apotheosis:gem_dust":3,"byg:biomepedia":1,"minecraft:porkchop":6,"quark:permafrost":11,"minecraft:oak_log":15,"minecraft:glass_bottle":4,"minecraft:diamond":1,"simplyswords:diamond_halberd":1,"darkerdepths:shale":55,"minecraft:mossy_stone_brick_stairs":1,"minecraft:cracked_stone_bricks":6,"undead_unleashed:grave_metal_scrap":6,"byg:lush_dirt":72,"sophisticatedbackpacks:gold_backpack":1,"minecraft:leather_helmet":3,"minecraft:red_mushroom":2,"minecraft:emerald":1,"minecraft:cobblestone_stairs":1,"twigs:pebble":1,"minecraft:dirt":390,"minecraft:dark_oak_log":2,"immersive_armors:wooden_leggings":1,"minecraft:snowball":161,"minecraft:wooden_sword":1,"minecraft:gold_nugget":8,"minecraft:iron_pickaxe":5,"immersive_armors:wooden_chestplate":1,"minecraft:white_wool":1,"twigs:twig":7,"minecraft:bone":21,"minecraft:green_wool":1,"minecraft:yellow_wool":1,"minecraft:iron_nugget":10,"alexsmobs:animal_dictionary":1,"minecraft:cobbled_deepslate":106,"minecraft:wheat":1,"minecraft:pink_dye":1,"immersive_armors:wooden_boots":1,"minecraft:rotten_flesh":36,"minecraft:oak_planks":1,"iter_rpg:spawner_fragment":1,"minecraft:glowstone_dust":21,"minecraft:azure_bluet":2,"twilightforest:torchberries":5,"minecraft:carrot":3,"patchouli:guide_book":3,"iter_rpg:abyssquartz_shard":1,"minecraft:poppy":1,"minecraft:leather_chestplate":2,"supplementaries:flax_seeds":3,"supplementaries:ash":19,"minecraft:tipped_arrow":1,"minecraft:gunpowder":20,"twilightforest:cracked_nagastone_pillar":1,"minecraft:skeleton_skull":1,"apotheosis:gem":15,"minecraft:leather_boots":3,"minecraft:spruce_wood":1,"minecraft:leather_leggings":2,"minecraft:iron_bars":9,"minecraft:arrow":12,"minecraft:written_book":2,"minecraft:golden_boots":1,"minecraft:iron_ingot":3,"relics:spore_sack":1,"minecraft:wheat_seeds":57,"minecraft:feather":4,"minecraft:cobblestone":232,"minecraft:granite":6,"minecraft:copper_ingot":6,"quark:yellow_corundum":1,"minecraft:spruce_door":2,"minecraft:chainmail_helmet":1,"minecraft:golden_apple":27,"minecraft:oxeye_daisy":1,"ars_nouveau:worn_notebook":1,"minecraft:diorite":153,"twilightforest:spiral_bricks":5,"quark:indigo_corundum_cluster":16,"byg:soapstone":119,"supplementaries:wrench":1,"minecraft:rose_bush":1,"delightful:acorn":1,"minecraft:iron_leggings":2,"minecraft:red_dye":4,"minecraft:mossy_cobblestone_stairs":1,"minecraft:smooth_stone":2,"minecraft:chainmail_leggings":1,"minecraft:string":16,"irons_spellbooks:frozen_bone":5,"minecraft:spruce_sapling":1,"minecraft:dandelion":7,"iter_rpg:potsherd":3,"twigs:rhyolite":71,"quark:indigo_corundum":7,"twigs:petrified_lichen":2,"minecraft:stone_sword":2,"minecraft:raw_copper":326,"minecraft:bowl":7,"minecraft:tuff":2,"minecraft:raw_iron":1,"minecraft:iron_boots":1,"quark:yellow_corundum_cluster":2,"undead_unleashed:grave_metal_sword":2,"minecraft:cobblestone_slab":1,"minecraft:diamond_pickaxe":2,"minecraft:mossy_stone_bricks":1,"minecraft:pink_wool":1,"minecraft:oak_sapling":6,"minecraft:brown_bed":2,"minecraft:stone_pressure_plate":2,"minecraft:spider_eye":3,"minecraft:stone_bricks":9,"minecraft:slime_ball":2,"minecraft:spruce_log":1,"darkerdepths:amber":1,"minecraft:wooden_pickaxe":1,"minecraft:calcite":1,"minecraft:magma_block":4,"immersive_armors:wooden_helmet":1},"minecraft:broken":{"minecraft:iron_shovel":1,"minecraft:stone_pickaxe":3,"minecraft:diamond_pickaxe":1,"aether:chainmail_gloves":1,"minecraft:iron_pickaxe":5,"aether:leather_gloves":1},"minecraft:killed":{"minecraft:cave_spider":4,"minecraft:spider":20,"enemyexpansion:equestrian":2,"minecraft:skeleton":28,"minecraft:chicken":4,"irons_spellbooks:summoned_skeleton":1,"enemyexpansion:vampflyer":9,"twilightforest:slime_beetle":2,"minecraft:pig":6,"minecraft:zombie_villager":1,"enemyexpansion:tarantula":2,"iter_rpg:spiderling":7,"irons_spellbooks:necromancer":1,"twilightforest:skeleton_druid":2,"minecraft:creeper":4,"minecraft:sheep":5,"undead_unleashed:frenzied_knight":3,"twilightforest:redcap":4,"minecraft:zombie":14,"undead_unleashed:shadewraith":1,"enemyexpansion:vampire":8,"enemyexpansion:botfly":6,"minecraft:stray":3,"undead_unleashed:haunter":4,"minecraft:cow":3,"irons_spellbooks:summoned_zombie":6,"enemyexpansion:direwolf":2,"twilightforest:fire_beetle":1,"twilightforest:swarm_spider":4,"enemyexpansion:goblin":6,"twilightforest:kobold":5,"twilightforest:redcap_sapper":1,"majruszsdifficulty:cursed_armor":10,"twilightforest:wraith":1,"enemyexpansion:crawler":1,"alexsmobs:cockroach":1,"sons_of_sins:betrayed_guzzler":1,"enemyexpansion:huntsman":1,"iter_rpg:giant_spider":1,"enemyexpansion:slugger":4},"minecraft:picked_up":{"irons_spellbooks:scroll":3,"ars_nouveau:caster_tome":1,"minecraft:wheat":41,"minecraft:black_carpet":2,"minecraft:chainmail_boots":1,"byg:lush_dirt":203,"minecraft:yellow_wool":1,"undead_unleashed:cursed_cloth":3,"minecraft:brown_bed":1,"undead_unleashed:grave_metal_chestplate":1,"minecraft:stone_brick_stairs":7,"forbidden_arcanus:xpetrified_orb":16,"minecraft:string":57,"minecraft:raw_copper":405,"darkerdepths:shale":56,"minecraft:iron_leggings":1,"minecraft:experience_bottle":3,"woodworks:oak_chest":20,"minecraft:oak_sign":2,"minecraft:beetroot":20,"minecraft:cobbled_deepslate":122,"minecraft:gold_nugget":10,"minecraft:smooth_stone":2,"twigs:pebble":48,"delightful:acorn":3,"undead_unleashed:grave_metal_sword":2,"minecraft:rose_bush":3,"minecraft:written_book":1,"minecraft:cobblestone_slab":1,"minecraft:calcite":8,"minecraft:iron_pickaxe":1,"irons_spellbooks:blank_rune":1,"minecraft:iron_boots":1,"minecraft:furnace":13,"minecraft:tipped_arrow":1,"minecraft:golden_helmet":1,"minecraft:stick":1,"apotheosis:gem":80,"minecraft:torch":58,"quark:yellow_corundum_cluster":2,"minecraft:porkchop":11,"minecraft:diorite":154,"majruszsaccessories:dream_catcher":1,"quark:ancient_tome":3,"minecraft:stone_sword":2,"minecraft:rotten_flesh":45,"supplementaries:antique_ink":4,"aquaculture:worm_farm":1,"minecraft:green_wool":1,"supplementaries:ash":19,"endrem:rogue_eye":1,"minecraft:obsidian":12,"minecraft:iron_bars":11,"minecraft:snowball":175,"minecraft:cobblestone":3084,"minecraft:enchanting_table":2,"minecraft:magma_block":5,"minecraft:leather_chestplate":3,"minecraft:feather":4,"minecraft:cooked_beef":2,"twilightforest:twilight_oak_log":6,"minecraft:brown_wool":4,"minecraft:smoker":3,"minecraft:potato":134,"minecraft:flint":7,"minecraft:tuff":2,"supplementaries:flax_seeds":3,"minecraft:lapis_lazuli":198,"delightful:pumpkin_pie_slice":37,"minecraft:dirt":966,"minecraft:leather_boots":4,"minecraft:bone":78,"farmersdelight:iron_knife":2,"minecraft:bow":1,"darkerdepths:amber":1,"minecraft:wheat_seeds":174,"minecraft:raw_gold":88,"cisco_mod:adventurer_helmet":1,"minecraft:glowstone_dust":21,"minecraft:mossy_stone_bricks":2,"minecraft:diamond_helmet":1,"galosphere:raw_silver":10,"twigs:twig":8,"minecraft:oak_planks":1,"minecraft:mossy_stone_brick_stairs":3,"minecraft:cooked_porkchop":2,"irons_spellbooks:frozen_bone":5,"aquaculture:worm":25,"iter_rpg:spider_silk":6,"aquaculture:neptunium_nugget":5,"minecraft:dark_oak_log":2,"minecraft:diamond":2,"iter_rpg:abyssquartz_shard":1,"minecraft:granite":6,"minecraft:bread":13,"minecraft:emerald":28,"minecraft:chainmail_helmet":1,"minecraft:oak_sapling":25,"twigs:rhyolite":71,"twilightforest:torchberries":5,"minecraft:diamond_pickaxe":2,"iter_rpg:spawner_fragment":1,"minecraft:fishing_rod":1,"minecraft:crafting_table":17,"byg:soapstone":718,"twigs:petrified_lichen":2,"minecraft:azure_bluet":2,"minecraft:chicken":4,"minecraft:turtle_helmet":1,"minecraft:leather_leggings":2,"minecraft:pink_wool":11,"ars_nouveau:warp_scroll":2,"minecraft:shield":1,"minecraft:red_bed":2,"twilightforest:steeleaf_sword":1,"minecraft:iron_shovel":1,"quark:indigo_corundum":7,"undead_unleashed:grave_metal_ingot":4,"minecraft:cracked_stone_bricks":18,"simplyswords:iron_longsword":1,"minecraft:beef":7,"quark:permafrost":11,"minecraft:poppy":1,"minecraft:iron_nugget":33,"globalxp:xp_block":1,"minecraft:egg":6,"minecraft:raw_iron":122,"minecraft:copper_ingot":15,"minecraft:bowl":1,"minecraft:carrot":135,"origins:orb_of_origin":2,"minecraft:redstone":7,"minecraft:stone_pressure_plate":3,"quark:yellow_corundum":1,"minecraft:arrow":26,"simplyswords:diamond_halberd":1,"minecraft:pumpkin_pie":64,"minecraft:beetroot_seeds":52,"majruszsaccessories:lucky_rock":2,"minecraft:peony":2,"minecraft:hay_block":27,"quark:indigo_corundum_cluster":16,"minecraft:gold_ingot":91,"minecraft:mutton":7,"forbidden_arcanus:spawner_scrap":1,"minecraft:skeleton_skull":1,"minecraft:white_wool":3,"minecraft:oxeye_daisy":1,"minecraft:leather":46,"minecraft:red_mushroom":2,"strictly_origins:damaged_durendal":1,"minecraft:oak_log":89,"minecraft:golden_boots":1,"minecraft:gunpowder":25,"minecraft:cobblestone_stairs":5,"relics:spore_sack":2,"minecraft:cooked_mutton":7,"supplementaries:wrench":1,"minecraft:apple":10,"minecraft:stone_bricks":20,"iter_rpg:potsherd":3,"minecraft:spruce_wood":4,"minecraft:iron_ingot":89,"minecraft:cooked_chicken":3,"aquaculture:iron_hook":1,"minecraft:glass_bottle":1,"apotheosis:gem_dust":3,"minecraft:gray_bed":1,"minecraft:iron_sword":3,"minecraft:pink_bed":1,"minecraft:pumpkin":5,"minecraft:dandelion":15,"minecraft:gravel":96,"undead_unleashed:grave_metal_scrap":31,"minecraft:spruce_sapling":1,"twilightforest:cracked_nagastone_pillar":1,"minecraft:spruce_log":35,"minecraft:spider_eye":22,"minecraft:spruce_door":2,"minecraft:leather_helmet":4,"forbidden_arcanus:arcane_crystal":8,"minecraft:slime_ball":2,"minecraft:chainmail_leggings":4,"minecraft:mossy_cobblestone_stairs":1,"minecraft:gray_wool":1,"twilightforest:spiral_bricks":5,"minecraft:baked_potato":10,"minecraft:black_wool":3,"minecraft:coal":638},"minecraft:used":{"minecraft:iron_shovel":341,"minecraft:oak_sign":4,"minecraft:shield":2,"minecraft:iron_sword":309,"strictly_origins:damaged_durendal":45,"undead_unleashed:grave_metal_sword":119,"minecraft:snowball":14,"minecraft:stone_brick_stairs":2,"supplementaries:bomb_blue":1,"minecraft:magma_block":1,"minecraft:written_book":3,"delightful:pumpkin_pie_slice":37,"minecraft:oak_sapling":19,"minecraft:furnace":17,"minecraft:gray_bed":1,"minecraft:egg":6,"minecraft:diorite":1,"minecraft:stone_pickaxe":394,"minecraft:oak_planks":3,"twilightforest:steeleaf_sword":1,"minecraft:wooden_pickaxe":14,"minecraft:leather_chestplate":1,"minecraft:chainmail_helmet":1,"simplyswords:diamond_halberd":412,"minecraft:golden_apple":3,"farmersdelight:ratatouille":6,"minecraft:bread":83,"minecraft:gravel":2,"simplyswords:frostfall":151,"globalxp:xp_block":1,"delightful:acorn":2,"minecraft:experience_bottle":3,"minecraft:enchanting_table":1,"minecraft:stone_sword":110,"woodworks:oak_chest":38,"minecraft:torch":480,"minecraft:dirt":9,"byg:lush_dirt":4,"farmersdelight:beef_patty":2,"minecraft:iron_axe":156,"minecraft:cooked_beef":5,"minecraft:pumpkin":5,"minecraft:wheat_seeds":29,"minecraft:cooked_mutton":2,"minecraft:water_bucket":1,"minecraft:cobblestone_stairs":6,"minecraft:cracked_stone_bricks":5,"minecraft:red_bed":2,"minecraft:crafting_table":18,"minecraft:smoker":3,"minecraft:spruce_log":3,"minecraft:oak_log":1,"minecraft:diamond_pickaxe":2156,"minecraft:apple":6,"minecraft:chicken":1,"minecraft:iron_pickaxe":2175,"byg:soapstone":13,"minecraft:pink_bed":1,"farmersdelight:cooked_bacon":9,"minecraft:cobblestone":1587,"minecraft:potion":3,"minecraft:porkchop":1,"minecraft:cooked_porkchop":2,"minecraft:bucket":2,"minecraft:dandelion":8,"minecraft:gray_wool":1},"minecraft:custom":{"enigmaticlegacy:play_time_with_seven_curses":0,"lootr:looted_stat":57,"minecraft:interact_with_crafting_table":80,"minecraft:open_barrel":2,"minecraft:bell_ring":10,"minecraft:time_since_death":146352,"minecraft:damage_resisted":77,"minecraft:sprint_one_cm":1056667,"minecraft:damage_blocked_by_shield":232,"minecraft:drop":344,"minecraft:talked_to_villager":4,"minecraft:play_time":321597,"minecraft:deaths":2,"minecraft:jump":3576,"minecraft:walk_on_water_one_cm":25074,"minecraft:interact_with_furnace":92,"minecraft:traded_with_villager":1,"minecraft:sleep_in_bed":7,"minecraft:waystone_activated":1,"minecraft:damage_dealt":111989,"minecraft:player_kills":1,"minecraft:crouch_one_cm":30245,"minecraft:interact_with_smoker":30,"minecraft:horse_one_cm":628,"minecraft:mob_kills":206,"minecraft:damage_dealt_resisted":8016,"minecraft:climb_one_cm":1857,"minecraft:walk_one_cm":1102469,"minecraft:sneak_time":8318,"minecraft:walk_under_water_one_cm":4497,"minecraft:interact_with_blast_furnace":2,"minecraft:total_world_time":321597,"enigmaticlegacy:play_time_without_seven_curses":321536,"minecraft:time_since_rest":50870,"minecraft:damage_taken":9439,"minecraft:damage_absorbed":80,"minecraft:swim_one_cm":11940,"minecraft:fly_one_cm":1033284,"minecraft:open_chest":327,"minecraft:fall_one_cm":359231},"minecraft:crafted":{"minecraft:oak_planks":276,"minecraft:oak_sign":3,"minecraft:pink_bed":1,"minecraft:cooked_chicken":3,"minecraft:cobblestone_stairs":8,"minecraft:cooked_mutton":8,"sophisticatedbackpacks:copper_backpack":2,"vinery:wine_press":1,"blue_skies:blue_journal":1,"sophisticatedbackpacks:backpack":1,"aquaculture:worm_farm":1,"minecraft:cooked_porkchop":11,"minecraft:spruce_planks":124,"minecraft:crafting_table":2,"minecraft:wooden_pickaxe":1,"minecraft:brown_bed":1,"minecraft:copper_ingot":7,"farmersdelight:beef_patty":2,"cisco_mod:adventurer_chestplate":1,"minecraft:iron_chestplate":1,"minecraft:diamond_pickaxe":2,"minecraft:pink_wool":3,"sophisticatedbackpacks:diamond_backpack":1,"aquaculture:iron_hook":1,"minecraft:stick":96,"minecraft:iron_ingot":77,"minecraft:iron_pickaxe":9,"farmersdelight:cooked_bacon":9,"minecraft:gold_ingot":25,"minecraft:shears":1,"minecraft:fishing_rod":1,"minecraft:iron_nugget":9,"minecraft:furnace":5,"vinery:grapevine_pot":1,"woodworks:spruce_chest":1,"minecraft:pink_dye":4,"vinery:fermentation_barrel":1,"twilightforest:twilight_oak_planks":24,"minecraft:iron_axe":1,"minecraft:stone_pickaxe":3,"sophisticatedbackpacks:iron_backpack":2,"minecraft:wheat":243,"minecraft:cooked_beef":15,"minecraft:red_dye":4,"farmersdelight:cooked_mutton_chops":2,"minecraft:iron_trapdoor":1,"minecraft:iron_sword":2,"sophisticatedbackpacks:gold_backpack":2,"minecraft:bucket":1,"minecraft:bread":92,"minecraft:air":0,"woodworks:oak_chest":18,"minecraft:iron_shovel":2,"minecraft:iron_leggings":1,"minecraft:torch":392}},"DataVersion":3120}