{"stats":{"minecraft:killed_by":{"minecraft:player":1},"minecraft:mined":{"minecraft:deepslate_tiles":65,"minecraft:mossy_cobblestone":189,"minecraft:granite":50,"minecraft:grass_block":65,"minecraft:spruce_fence":1,"twigs:twig":2,"ars_nouveau:sourceberry_bush":1,"minecraft:spawner":23,"minecraft:large_fern":1,"minecraft:smooth_stone":4,"minecraft:hay_block":4,"minecraft:furnace":1,"minecraft:iron_ore":8,"minecraft:black_carpet":2,"darkerdepths:shale":1,"minecraft:bookshelf":16,"minecraft:small_amethyst_bud":2,"minecraft:iron_bars":10,"minecraft:packed_ice":3,"quark:permafrost":134,"minecraft:stone":18,"minecraft:red_bed":1,"minecraft:crafting_table":2,"delightful:pumpkin_pie":2,"undead_unleashed:grave_soil":3,"minecraft:lectern":3,"minecraft:copper_ore":7,"minecraft:tall_grass":11,"minecraft:cobblestone":89,"minecraft:cyan_bed":1,"minecraft:wall_torch":2,"byg:soapstone":65,"minecraft:birch_log":5,"minecraft:ice":6,"minecraft:spruce_log":16,"minecraft:stone_brick_stairs":4,"minecraft:black_wool":3,"minecraft:grass":54,"minecraft:coal_ore":92,"minecraft:oak_log":86,"minecraft:gravel":69,"minecraft:dirt":20,"minecraft:cobweb":20,"minecraft:cracked_stone_bricks":12,"minecraft:stone_bricks":156,"minecraft:mossy_stone_bricks":5,"minecraft:emerald_block":1},"minecraft:dropped":{"minecraft:bread":2,"cisco_mod:adventurer_helmet":1,"relics:spore_sack":1,"minecraft:porkchop":4,"minecraft:wheat_seeds":12,"minecraft:oak_log":6,"minecraft:ender_pearl":1,"minecraft:mossy_cobblestone":122,"minecraft:glass_bottle":5,"minecraft:poisonous_potato":3,"minecraft:crossbow":2,"minecraft:iron_helmet":1,"minecraft:cobblestone":34,"minecraft:apple":5,"minecraft:cracked_stone_bricks":2,"minecraft:spruce_door":1,"undead_unleashed:grave_metal_scrap":4,"minecraft:chainmail_helmet":3,"minecraft:coal":8,"minecraft:leather_helmet":8,"minecraft:stick":4,"minecraft:flint":8,"twigs:pebble":8,"farmersdelight:golden_knife":1,"minecraft:torch":1,"minecraft:cornflower":2,"immersive_armors:wooden_leggings":2,"savage_and_ravage:creeper_spores":3,"byg:soapstone":2,"minecraft:wooden_axe":2,"minecraft:potion":1,"minecraft:iron_leggings":1,"minecraft:wooden_sword":24,"minecraft:gold_nugget":4,"minecraft:bone_meal":11,"minecraft:phantom_membrane":5,"minecraft:iron_pickaxe":1,"minecraft:smooth_stone":2,"immersive_armors:wooden_chestplate":1,"minecraft:paper":22,"minecraft:chainmail_leggings":1,"majruszsdifficulty:tattered_leggings":1,"minecraft:string":9,"twigs:twig":2,"minecraft:spruce_sapling":4,"farmersdelight:mutton_chops":2,"minecraft:bone":10,"minecraft:gravel":27,"alexsmobs:maggot":1,"ars_nouveau:source_berry":3,"minecraft:bowl":22,"mcsa:shield_of_infinity_boots":1,"minecraft:beetroot":7,"minecraft:rotten_flesh":16,"minecraft:oak_planks":62,"undead_unleashed:grave_metal_sword":1,"minecraft:spruce_fence":1,"minecraft:carrot":1,"minecraft:chainmail_chestplate":2,"minecraft:leather_chestplate":9,"minecraft:potato":30,"minecraft:shield":1,"farmersdelight:flint_knife":1,"minecraft:gunpowder":2,"aether:chainmail_gloves":1,"minecraft:spruce_planks":6,"minecraft:beetroot_seeds":7,"apotheosis:gem":18,"minecraft:leather_boots":11,"minecraft:spruce_wood":3,"minecraft:leather_leggings":3,"minecraft:stone_pressure_plate":1,"minecraft:stone_bricks":4,"minecraft:iron_bars":9,"minecraft:bow":1,"minecraft:stone_pickaxe":1,"undead_unleashed:grave_metal_leggings":1,"delightful:pumpkin_pie_slice":1,"minecraft:stone_brick_stairs":1,"majruszsaccessories:lucky_rock":1,"minecraft:cyan_bed":1,"immersive_armors:wooden_helmet":2,"minecraft:black_wool":1,"alexsmobs:fedora":1},"minecraft:broken":{"minecraft:stone_sword":2,"minecraft:iron_leggings":1,"immersive_armors:wooden_boots":1,"minecraft:wooden_pickaxe":1,"minecraft:stone_pickaxe":4,"minecraft:wooden_sword":8,"minecraft:iron_pickaxe":1,"minecraft:wooden_axe":1,"aether:chainmail_gloves":1,"majruszsdifficulty:tattered_chestplate":1},"minecraft:killed":{"humancompanions:knight":2,"minecraft:spider":1,"irons_spellbooks:cryomancer":1,"humancompanions:arbalist":1,"minecraft:skeleton":10,"minecraft:bee":1,"humancompanions:archer":1,"minecraft:silverfish":1,"irons_spellbooks:summoned_skeleton":1,"minecraft:pig":1,"majruszsdifficulty:cursed_armor":5,"undead_unleashed:frenzied_knight":1,"minecraft:pillager":2,"minecraft:zombie":10,"enemyexpansion:botfly":1,"undead_unleashed:haunter":1},"minecraft:picked_up":{"iter_rpg:spawner_fragment":5,"irons_spellbooks:scroll":1,"byg:soapstone":138,"minecraft:crafting_table":2,"minecraft:leather_leggings":4,"minecraft:stone_brick_stairs":2,"minecraft:shield":2,"minecraft:cornflower":2,"minecraft:string":18,"minecraft:red_bed":1,"skilltree:wisdom_scroll":1,"minecraft:raw_copper":30,"minecraft:wooden_sword":19,"minecraft:iron_leggings":2,"minecraft:white_carpet":4,"minecraft:smooth_stone":6,"minecraft:cracked_stone_bricks":25,"irons_spellbooks:arcane_essence":7,"minecraft:deepslate_tiles":59,"minecraft:gold_nugget":4,"minecraft:spruce_planks":5,"twigs:pebble":69,"undead_unleashed:grave_metal_sword":1,"minecraft:calcite":14,"quark:permafrost":59,"irons_spellbooks:wandering_magician_chestplate":1,"immersive_armors:wooden_leggings":1,"minecraft:iron_pickaxe":2,"minecraft:lectern":3,"minecraft:birch_sapling":1,"minecraft:stick":9,"minecraft:raw_iron":10,"apotheosis:gem":25,"minecraft:torch":7,"minecraft:bowl":3,"minecraft:spruce_fence":1,"minecraft:porkchop":2,"minecraft:carrot":1,"minecraft:stone_pressure_plate":1,"minecraft:stone_sword":2,"immersive_armors:wooden_helmet":1,"minecraft:arrow":38,"minecraft:rotten_flesh":12,"cisco_mod:adventurer_leggings":1,"majruszsaccessories:lucky_rock":1,"minecraft:hay_block":4,"minecraft:gold_ingot":10,"forbidden_arcanus:spawner_scrap":7,"minecraft:iron_bars":7,"minecraft:cobblestone":122,"minecraft:birch_log":5,"minecraft:magma_block":1,"minecraft:leather_chestplate":9,"ars_nouveau:source_berry":3,"minecraft:potato":2,"minecraft:flint":8,"savage_and_ravage:creeper_spores":3,"minecraft:oak_log":100,"minecraft:chainmail_chestplate":2,"minecraft:gunpowder":2,"relics:spore_sack":1,"cisco_mod:adventurer_boots":1,"delightful:pumpkin_pie_slice":1,"minecraft:dirt":82,"minecraft:leather_boots":8,"minecraft:bone":13,"minecraft:stone_bricks":100,"darkerdepths:amber":1,"minecraft:bow":1,"minecraft:wheat_seeds":12,"majruszsdifficulty:tattered_leggings":1,"minecraft:iron_ingot":1,"minecraft:mossy_stone_bricks":1,"supplementaries:gold_trapdoor":1,"minecraft:glass_bottle":1,"twigs:twig":2,"apotheosis:gem_dust":2,"minecraft:oak_planks":61,"minecraft:chiseled_stone_bricks":1,"minecraft:book":100,"minecraft:emerald_block":1,"irons_spellbooks:legendary_ink":1,"minecraft:gravel":74,"undead_unleashed:grave_metal_leggings":1,"undead_unleashed:grave_metal_scrap":23,"minecraft:spruce_sapling":4,"minecraft:leather_helmet":8,"minecraft:spruce_door":1,"minecraft:spruce_log":16,"minecraft:cyan_bed":1,"minecraft:mossy_cobblestone":122,"irons_spellbooks:ice_rune":1,"minecraft:yellow_carpet":2,"minecraft:granite":2,"minecraft:chainmail_leggings":1,"minecraft:iron_helmet":1,"minecraft:crossbow":2,"minecraft:bread":2,"minecraft:chainmail_helmet":3,"minecraft:emerald":2,"alexsmobs:maggot":1,"minecraft:black_wool":1,"minecraft:coal":94,"minecraft:wooden_axe":2,"minecraft:ender_pearl":1},"minecraft:used":{"cisco_mod:adventurer_leggings":1,"minecraft:iron_bars":1,"minecraft:stone_sword":266,"farmersdelight:diamond_knife":110,"minecraft:iron_shovel":4,"minecraft:spruce_planks":43,"minecraft:iron_sword":1,"undead_unleashed:grave_metal_sword":66,"minecraft:torch":4,"minecraft:dirt":80,"minecraft:yellow_carpet":2,"minecraft:granite":2,"minecraft:wooden_axe":93,"minecraft:birch_sapling":1,"supplementaries:gold_trapdoor":4,"minecraft:iron_helmet":1,"minecraft:stone_brick_stairs":1,"minecraft:stone_bricks":118,"minecraft:magma_block":1,"minecraft:rabbit_stew":1,"minecraft:bow":38,"minecraft:hay_block":4,"minecraft:furnace":1,"quark:permafrost":59,"minecraft:calcite":14,"minecraft:mossy_stone_bricks":4,"minecraft:stone_pickaxe":579,"minecraft:ender_pearl":1,"minecraft:baked_potato":15,"minecraft:oak_planks":63,"farmersdelight:golden_knife":2,"minecraft:wooden_pickaxe":59,"minecraft:cracked_stone_bricks":24,"minecraft:golden_apple":8,"supplementaries:bomb":1,"minecraft:crafting_table":10,"minecraft:red_bed":1,"minecraft:crossbow":16,"minecraft:spruce_log":2,"minecraft:deepslate_tiles":66,"farmersdelight:bacon_and_eggs":2,"minecraft:oak_log":65,"darkerdepths:amber":1,"farmersdelight:ratatouille":16,"cisco_mod:adventurer_helmet":1,"minecraft:apple":1,"minecraft:black_wool":1,"minecraft:bread":20,"minecraft:iron_pickaxe":352,"minecraft:lectern":3,"byg:soapstone":115,"minecraft:gravel":47,"minecraft:chiseled_stone_bricks":1,"minecraft:wooden_sword":517,"minecraft:cobblestone":77,"minecraft:potion":4,"forbidden_arcanus:splash_aureal_bottle":1,"minecraft:smooth_stone":3},"minecraft:custom":{"enigmaticlegacy:play_time_with_seven_curses":0,"lootr:looted_stat":61,"minecraft:mob_kills":39,"minecraft:interact_with_crafting_table":17,"minecraft:open_barrel":13,"minecraft:damage_dealt_resisted":87,"minecraft:leave_game":1,"minecraft:time_since_death":7726,"minecraft:damage_resisted":0,"minecraft:climb_one_cm":6036,"minecraft:sprint_one_cm":310317,"minecraft:walk_one_cm":320131,"minecraft:drop":219,"minecraft:damage_dealt_absorbed":60,"minecraft:talked_to_villager":1,"minecraft:deaths":1,"minecraft:play_time":151067,"minecraft:sneak_time":17467,"minecraft:walk_under_water_one_cm":5858,"minecraft:jump":2249,"minecraft:walk_on_water_one_cm":4768,"minecraft:total_world_time":151067,"minecraft:interact_with_furnace":5,"enigmaticlegacy:play_time_without_seven_curses":151034,"minecraft:traded_with_villager":2,"minecraft:time_since_rest":7759,"minecraft:waystone_activated":1,"minecraft:damage_taken":5955,"minecraft:damage_absorbed":248,"minecraft:trigger_trapped_chest":3,"minecraft:damage_dealt":24361,"minecraft:swim_one_cm":5078,"minecraft:fly_one_cm":360491,"minecraft:open_chest":2,"minecraft:crouch_one_cm":45520,"minecraft:aviate_one_cm":1931,"minecraft:fall_one_cm":201725},"minecraft:crafted":{"minecraft:wooden_sword":4,"minecraft:oak_planks":136,"minecraft:furnace":1,"blue_skies:zeal_lighter":1,"minecraft:stone_pickaxe":4,"blue_skies:blue_journal":1,"minecraft:emerald":9,"minecraft:crafting_table":7,"minecraft:spruce_planks":44,"minecraft:air":0,"cisco_mod:adventurer_chestplate":1,"minecraft:cobblestone":14,"minecraft:stick":12,"minecraft:iron_pickaxe":1,"minecraft:gold_ingot":3}},"DataVersion":3120}