{"stats":{"minecraft:killed":{"humancompanions:knight":2,"minecraft:pig":1,"humancompanions:archer":1},"minecraft:dropped":{"minecraft:gravel":27,"alexsmobs:maggot":1,"minecraft:porkchop":4,"ars_nouveau:source_berry":3,"minecraft:oak_log":5,"minecraft:mossy_cobblestone":122,"minecraft:bowl":8,"minecraft:rotten_flesh":5,"minecraft:cobblestone":24,"undead_unleashed:grave_metal_scrap":3,"minecraft:spruce_fence":1,"minecraft:stick":4,"minecraft:flint":8,"minecraft:leather_chestplate":2,"minecraft:gunpowder":2,"savage_and_ravage:creeper_spores":3,"immersive_armors:wooden_leggings":2,"minecraft:beetroot_seeds":7,"minecraft:leather_boots":1,"minecraft:spruce_wood":3,"minecraft:potion":1,"minecraft:gold_nugget":4,"minecraft:wooden_sword":2,"minecraft:iron_bars":1,"minecraft:stone_pickaxe":1,"immersive_armors:wooden_chestplate":1,"minecraft:string":2,"twigs:twig":2,"minecraft:spruce_sapling":4,"minecraft:bone":7},"minecraft:mined":{"minecraft:deepslate_tiles":58,"minecraft:mossy_cobblestone":189,"minecraft:crafting_table":2,"undead_unleashed:grave_soil":3,"minecraft:grass_block":64,"minecraft:spruce_fence":1,"minecraft:lectern":3,"twigs:twig":2,"minecraft:copper_ore":7,"minecraft:cobblestone":84,"minecraft:cyan_bed":1,"ars_nouveau:sourceberry_bush":1,"minecraft:hay_block":4,"minecraft:large_fern":1,"minecraft:furnace":1,"minecraft:birch_log":5,"minecraft:iron_ore":4,"minecraft:ice":6,"minecraft:spruce_log":16,"minecraft:bookshelf":16,"minecraft:coal_ore":92,"minecraft:oak_log":84,"minecraft:small_amethyst_bud":2,"minecraft:iron_bars":1,"minecraft:gravel":69,"minecraft:packed_ice":3,"minecraft:cobweb":6,"minecraft:cracked_stone_bricks":1,"quark:permafrost":125,"minecraft:stone_bricks":128,"minecraft:mossy_stone_bricks":2,"minecraft:emerald_block":1},"minecraft:picked_up":{"minecraft:birch_log":5,"minecraft:crafting_table":2,"minecraft:leather_chestplate":2,"ars_nouveau:source_berry":3,"minecraft:flint":8,"savage_and_ravage:creeper_spores":3,"minecraft:oak_log":84,"minecraft:chainmail_chestplate":1,"minecraft:gunpowder":2,"minecraft:string":4,"minecraft:dirt":64,"minecraft:raw_copper":30,"minecraft:wooden_sword":1,"minecraft:iron_leggings":1,"minecraft:white_carpet":4,"minecraft:bone":5,"minecraft:stone_bricks":64,"minecraft:cracked_stone_bricks":1,"minecraft:bow":1,"minecraft:deepslate_tiles":58,"minecraft:gold_nugget":4,"twigs:pebble":33,"quark:permafrost":55,"immersive_armors:wooden_leggings":1,"minecraft:lectern":3,"twigs:twig":2,"minecraft:birch_sapling":1,"minecraft:book":48,"minecraft:raw_iron":4,"apotheosis:gem":6,"minecraft:emerald_block":1,"minecraft:bowl":1,"minecraft:gravel":61,"minecraft:spruce_fence":1,"minecraft:porkchop":2,"undead_unleashed:grave_metal_scrap":3,"minecraft:spruce_sapling":4,"minecraft:spruce_log":16,"minecraft:cyan_bed":1,"minecraft:mossy_cobblestone":122,"minecraft:stone_sword":1,"minecraft:yellow_carpet":2,"minecraft:rotten_flesh":5,"minecraft:hay_block":4,"alexsmobs:maggot":1,"minecraft:iron_bars":1,"minecraft:coal":94,"minecraft:cobblestone":96},"minecraft:crafted":{"minecraft:oak_planks":76,"minecraft:emerald":9,"minecraft:crafting_table":2,"minecraft:cobblestone":7,"minecraft:stick":12,"minecraft:iron_pickaxe":1,"minecraft:stone_pickaxe":4},"minecraft:custom":{"enigmaticlegacy:play_time_with_seven_curses":0,"lootr:looted_stat":8,"minecraft:mob_kills":4,"enigmaticlegacy:play_time_without_seven_curses":41458,"minecraft:interact_with_crafting_table":7,"minecraft:open_barrel":13,"minecraft:damage_dealt_resisted":0,"minecraft:time_since_death":41458,"minecraft:damage_resisted":0,"minecraft:climb_one_cm":2488,"minecraft:time_since_rest":41458,"minecraft:waystone_activated":1,"minecraft:sprint_one_cm":92569,"minecraft:damage_taken":2062,"minecraft:walk_one_cm":74800,"minecraft:drop":44,"minecraft:damage_dealt":1476,"minecraft:swim_one_cm":5078,"minecraft:fly_one_cm":182259,"minecraft:crouch_one_cm":5278,"minecraft:play_time":41458,"minecraft:sneak_time":1048,"minecraft:walk_under_water_one_cm":861,"minecraft:jump":844,"minecraft:walk_on_water_one_cm":3193,"minecraft:total_world_time":41458,"minecraft:fall_one_cm":91261},"minecraft:used":{"minecraft:stone_sword":39,"minecraft:stone_pickaxe":579,"minecraft:oak_planks":3,"minecraft:wooden_pickaxe":59,"minecraft:cracked_stone_bricks":1,"minecraft:crafting_table":5,"minecraft:yellow_carpet":2,"minecraft:oak_log":1,"farmersdelight:bacon_and_eggs":2,"farmersdelight:ratatouille":14,"minecraft:wooden_axe":59,"minecraft:iron_pickaxe":69,"minecraft:birch_sapling":1,"minecraft:gravel":34,"minecraft:rabbit_stew":1,"minecraft:wooden_sword":29,"minecraft:cobblestone":61,"minecraft:hay_block":4,"quark:permafrost":12},"minecraft:broken":{"minecraft:stone_pickaxe":4,"minecraft:wooden_axe":1,"minecraft:wooden_pickaxe":1}},"DataVersion":3120}