{"stats":{"minecraft:dropped":{"cisco_mod:adventurer_helmet":1,"minecraft:porkchop":4,"minecraft:wheat_seeds":12,"minecraft:oak_log":5,"minecraft:ender_pearl":1,"minecraft:mossy_cobblestone":122,"minecraft:glass_bottle":5,"minecraft:poisonous_potato":3,"minecraft:crossbow":2,"minecraft:iron_helmet":1,"minecraft:cobblestone":25,"minecraft:apple":5,"minecraft:cracked_stone_bricks":2,"minecraft:spruce_door":1,"undead_unleashed:grave_metal_scrap":4,"minecraft:chainmail_helmet":2,"minecraft:coal":8,"minecraft:leather_helmet":1,"minecraft:stick":4,"minecraft:flint":8,"farmersdelight:golden_knife":1,"minecraft:torch":1,"minecraft:cornflower":2,"immersive_armors:wooden_leggings":2,"savage_and_ravage:creeper_spores":3,"minecraft:wooden_axe":2,"minecraft:potion":1,"minecraft:iron_leggings":1,"minecraft:wooden_sword":24,"minecraft:gold_nugget":4,"minecraft:bone_meal":11,"minecraft:phantom_membrane":5,"minecraft:iron_pickaxe":1,"minecraft:smooth_stone":2,"immersive_armors:wooden_chestplate":1,"minecraft:paper":22,"minecraft:chainmail_leggings":1,"majruszsdifficulty:tattered_leggings":1,"minecraft:string":9,"twigs:twig":2,"minecraft:spruce_sapling":4,"farmersdelight:mutton_chops":2,"minecraft:bone":10,"minecraft:gravel":27,"alexsmobs:maggot":1,"ars_nouveau:source_berry":3,"minecraft:bowl":22,"mcsa:shield_of_infinity_boots":1,"minecraft:beetroot":7,"minecraft:rotten_flesh":14,"minecraft:oak_planks":41,"undead_unleashed:grave_metal_sword":1,"minecraft:spruce_fence":1,"minecraft:carrot":1,"minecraft:chainmail_chestplate":1,"minecraft:leather_chestplate":2,"minecraft:potato":30,"farmersdelight:flint_knife":1,"minecraft:gunpowder":2,"minecraft:beetroot_seeds":7,"apotheosis:gem":10,"minecraft:leather_boots":7,"minecraft:spruce_wood":3,"minecraft:stone_pressure_plate":1,"minecraft:stone_bricks":3,"minecraft:iron_bars":7,"minecraft:bow":1,"minecraft:stone_pickaxe":1,"undead_unleashed:grave_metal_leggings":1,"minecraft:stone_brick_stairs":1,"minecraft:cyan_bed":1,"immersive_armors:wooden_helmet":2,"minecraft:black_wool":1,"alexsmobs:fedora":1},"minecraft:mined":{"minecraft:deepslate_tiles":64,"minecraft:mossy_cobblestone":189,"minecraft:grass_block":65,"minecraft:spruce_fence":1,"twigs:twig":2,"ars_nouveau:sourceberry_bush":1,"minecraft:spawner":13,"minecraft:large_fern":1,"minecraft:smooth_stone":4,"minecraft:hay_block":4,"minecraft:furnace":1,"minecraft:iron_ore":8,"minecraft:bookshelf":16,"minecraft:small_amethyst_bud":2,"minecraft:iron_bars":7,"minecraft:packed_ice":3,"quark:permafrost":134,"minecraft:stone":5,"minecraft:red_bed":1,"minecraft:crafting_table":2,"delightful:pumpkin_pie":1,"undead_unleashed:grave_soil":3,"minecraft:lectern":3,"minecraft:copper_ore":7,"minecraft:tall_grass":11,"minecraft:cobblestone":89,"minecraft:cyan_bed":1,"minecraft:wall_torch":1,"minecraft:birch_log":5,"minecraft:ice":6,"minecraft:spruce_log":16,"minecraft:stone_brick_stairs":2,"minecraft:grass":54,"minecraft:coal_ore":92,"minecraft:oak_log":84,"minecraft:gravel":69,"minecraft:dirt":20,"minecraft:cobweb":20,"minecraft:cracked_stone_bricks":8,"minecraft:stone_bricks":137,"minecraft:mossy_stone_bricks":2,"minecraft:emerald_block":1},"minecraft:broken":{"minecraft:stone_sword":2,"minecraft:iron_leggings":1,"immersive_armors:wooden_boots":1,"minecraft:wooden_pickaxe":1,"minecraft:stone_pickaxe":4,"minecraft:wooden_sword":8,"minecraft:wooden_axe":1,"aether:chainmail_gloves":1,"majruszsdifficulty:tattered_chestplate":1},"minecraft:killed":{"humancompanions:knight":2,"irons_spellbooks:cryomancer":1,"humancompanions:arbalist":1,"minecraft:skeleton":8,"minecraft:bee":1,"humancompanions:archer":1,"minecraft:silverfish":1,"irons_spellbooks:summoned_skeleton":1,"minecraft:pig":1,"majruszsdifficulty:cursed_armor":1,"undead_unleashed:frenzied_knight":1,"minecraft:pillager":2,"minecraft:zombie":6,"enemyexpansion:botfly":1,"undead_unleashed:haunter":1},"minecraft:picked_up":{"iter_rpg:spawner_fragment":3,"irons_spellbooks:scroll":1,"minecraft:crafting_table":2,"minecraft:stone_brick_stairs":1,"minecraft:shield":1,"minecraft:cornflower":2,"minecraft:string":18,"minecraft:red_bed":1,"skilltree:wisdom_scroll":1,"minecraft:raw_copper":30,"minecraft:wooden_sword":19,"minecraft:iron_leggings":2,"minecraft:white_carpet":4,"minecraft:smooth_stone":6,"minecraft:cracked_stone_bricks":5,"irons_spellbooks:arcane_essence":7,"minecraft:deepslate_tiles":59,"minecraft:gold_nugget":4,"twigs:pebble":33,"undead_unleashed:grave_metal_sword":1,"quark:permafrost":59,"irons_spellbooks:wandering_magician_chestplate":1,"immersive_armors:wooden_leggings":1,"minecraft:iron_pickaxe":1,"minecraft:lectern":3,"minecraft:birch_sapling":1,"minecraft:stick":9,"minecraft:raw_iron":8,"apotheosis:gem":18,"minecraft:torch":2,"minecraft:bowl":3,"minecraft:spruce_fence":1,"minecraft:porkchop":2,"minecraft:carrot":1,"minecraft:stone_pressure_plate":1,"minecraft:stone_sword":2,"immersive_armors:wooden_helmet":1,"minecraft:arrow":32,"minecraft:rotten_flesh":10,"cisco_mod:adventurer_leggings":1,"minecraft:hay_block":4,"minecraft:gold_ingot":10,"forbidden_arcanus:spawner_scrap":3,"minecraft:iron_bars":5,"minecraft:cobblestone":106,"minecraft:birch_log":5,"minecraft:leather_chestplate":2,"ars_nouveau:source_berry":3,"minecraft:flint":8,"savage_and_ravage:creeper_spores":3,"minecraft:oak_log":84,"minecraft:chainmail_chestplate":1,"minecraft:gunpowder":2,"cisco_mod:adventurer_boots":1,"minecraft:dirt":82,"minecraft:leather_boots":4,"minecraft:bone":13,"minecraft:stone_bricks":70,"minecraft:bow":1,"minecraft:wheat_seeds":12,"majruszsdifficulty:tattered_leggings":1,"minecraft:glass_bottle":1,"twigs:twig":2,"apotheosis:gem_dust":2,"minecraft:oak_planks":40,"minecraft:book":100,"minecraft:emerald_block":1,"irons_spellbooks:legendary_ink":1,"minecraft:gravel":61,"undead_unleashed:grave_metal_leggings":1,"undead_unleashed:grave_metal_scrap":21,"minecraft:spruce_sapling":4,"minecraft:leather_helmet":1,"minecraft:spruce_door":1,"minecraft:spruce_log":16,"minecraft:cyan_bed":1,"minecraft:mossy_cobblestone":122,"irons_spellbooks:ice_rune":1,"minecraft:yellow_carpet":2,"minecraft:chainmail_leggings":1,"minecraft:iron_helmet":1,"minecraft:crossbow":2,"minecraft:chainmail_helmet":2,"minecraft:emerald":2,"alexsmobs:maggot":1,"minecraft:black_wool":1,"minecraft:coal":94,"minecraft:wooden_axe":2,"minecraft:ender_pearl":1},"minecraft:used":{"cisco_mod:adventurer_leggings":1,"minecraft:iron_bars":1,"minecraft:stone_sword":262,"minecraft:iron_shovel":4,"undead_unleashed:grave_metal_sword":66,"minecraft:dirt":80,"minecraft:yellow_carpet":2,"minecraft:wooden_axe":93,"minecraft:birch_sapling":1,"minecraft:iron_helmet":1,"minecraft:stone_bricks":74,"minecraft:rabbit_stew":1,"minecraft:bow":3,"minecraft:hay_block":4,"minecraft:furnace":1,"quark:permafrost":59,"minecraft:stone_pickaxe":579,"minecraft:ender_pearl":1,"minecraft:baked_potato":12,"minecraft:oak_planks":3,"farmersdelight:golden_knife":2,"minecraft:wooden_pickaxe":59,"minecraft:cracked_stone_bricks":4,"minecraft:golden_apple":5,"minecraft:crafting_table":10,"minecraft:red_bed":1,"minecraft:crossbow":15,"minecraft:spruce_log":2,"minecraft:deepslate_tiles":58,"farmersdelight:bacon_and_eggs":2,"minecraft:oak_log":1,"farmersdelight:ratatouille":16,"cisco_mod:adventurer_helmet":1,"minecraft:apple":1,"minecraft:black_wool":1,"minecraft:bread":18,"minecraft:iron_pickaxe":179,"minecraft:lectern":3,"minecraft:gravel":34,"minecraft:wooden_sword":517,"minecraft:cobblestone":65,"minecraft:potion":4,"minecraft:smooth_stone":3},"minecraft:custom":{"enigmaticlegacy:play_time_with_seven_curses":0,"lootr:looted_stat":45,"minecraft:mob_kills":28,"minecraft:interact_with_crafting_table":17,"minecraft:open_barrel":13,"minecraft:damage_dealt_resisted":0,"minecraft:leave_game":1,"minecraft:time_since_death":115067,"minecraft:damage_resisted":0,"minecraft:climb_one_cm":5464,"minecraft:sprint_one_cm":214721,"minecraft:walk_one_cm":236096,"minecraft:drop":159,"minecraft:talked_to_villager":1,"minecraft:play_time":115067,"minecraft:sneak_time":10141,"minecraft:walk_under_water_one_cm":861,"minecraft:jump":1622,"minecraft:walk_on_water_one_cm":3945,"minecraft:total_world_time":115067,"minecraft:interact_with_furnace":5,"enigmaticlegacy:play_time_without_seven_curses":115067,"minecraft:traded_with_villager":2,"minecraft:time_since_rest":115067,"minecraft:waystone_activated":1,"minecraft:damage_taken":4991,"minecraft:damage_absorbed":200,"minecraft:trigger_trapped_chest":3,"minecraft:damage_dealt":21503,"minecraft:swim_one_cm":5078,"minecraft:fly_one_cm":308686,"minecraft:open_chest":2,"minecraft:crouch_one_cm":28689,"minecraft:aviate_one_cm":523,"minecraft:fall_one_cm":166123},"minecraft:crafted":{"minecraft:wooden_sword":4,"minecraft:oak_planks":76,"minecraft:furnace":1,"blue_skies:zeal_lighter":1,"minecraft:stone_pickaxe":4,"blue_skies:blue_journal":1,"minecraft:emerald":9,"minecraft:crafting_table":7,"minecraft:air":0,"cisco_mod:adventurer_chestplate":1,"minecraft:cobblestone":7,"minecraft:stick":12,"minecraft:iron_pickaxe":1,"minecraft:gold_ingot":3}},"DataVersion":3120}