{"stats":{"minecraft:killed_by":{"minecraft:player":1},"minecraft:mined":{"minecraft:spruce_planks":2,"minecraft:obsidian":3,"minecraft:granite":50,"minecraft:grass_block":65,"twigs:twig":2,"ars_nouveau:sourceberry_bush":1,"minecraft:spawner":25,"minecraft:smooth_stone":4,"byg:sythian_nylium":5,"minecraft:iron_ore":8,"minecraft:black_carpet":2,"minecraft:nether_brick_stairs":2,"minecraft:enchanting_table":2,"darkerdepths:shale":1,"minecraft:iron_bars":10,"minecraft:small_amethyst_bud":2,"minecraft:red_bed":1,"delightful:pumpkin_pie":2,"undead_unleashed:grave_soil":3,"minecraft:cobblestone":89,"minecraft:cyan_bed":1,"minecraft:sugar_cane":1,"minecraft:wall_torch":2,"byg:lush_grass_block":1,"byg:soapstone":71,"minecraft:birch_log":5,"minecraft:stone_brick_stairs":4,"minecraft:grass":54,"minecraft:oak_log":86,"minecraft:dirt":23,"minecraft:netherrack":68,"minecraft:emerald_block":1,"minecraft:deepslate_tiles":65,"minecraft:mossy_cobblestone":189,"minecraft:nether_bricks":65,"minecraft:spruce_fence":1,"minecraft:large_fern":1,"minecraft:hay_block":4,"minecraft:furnace":1,"minecraft:bookshelf":16,"minecraft:packed_ice":3,"quark:permafrost":134,"minecraft:stone":29,"minecraft:chiseled_nether_bricks":1,"minecraft:crafting_table":2,"minecraft:emerald_ore":1,"minecraft:lectern":3,"minecraft:tall_grass":11,"minecraft:copper_ore":7,"byg:lush_dirt":129,"minecraft:ice":7,"minecraft:spruce_log":16,"byg:sythian_wart_block":1,"minecraft:black_wool":3,"minecraft:coal_ore":92,"minecraft:gravel":69,"minecraft:cobweb":32,"minecraft:cracked_stone_bricks":12,"minecraft:stone_bricks":156,"minecraft:mossy_stone_bricks":5},"minecraft:dropped":{"cisco_mod:adventurer_helmet":1,"minecraft:porkchop":4,"minecraft:oak_log":6,"minecraft:ender_pearl":1,"minecraft:glass_bottle":7,"minecraft:crossbow":2,"minecraft:leather":1,"minecraft:cracked_stone_bricks":2,"undead_unleashed:grave_metal_scrap":6,"minecraft:leather_helmet":8,"minecraft:flint":8,"twigs:pebble":8,"minecraft:dirt":19,"minecraft:cornflower":2,"savage_and_ravage:creeper_spores":3,"immersive_armors:wooden_leggings":2,"minecraft:snowball":9,"minecraft:chain":1,"minecraft:gold_nugget":4,"minecraft:wooden_sword":24,"minecraft:bone_meal":11,"minecraft:phantom_membrane":5,"minecraft:iron_pickaxe":1,"immersive_armors:wooden_chestplate":1,"majruszsdifficulty:tattered_leggings":1,"twigs:twig":2,"farmersdelight:mutton_chops":2,"minecraft:bone":10,"minecraft:gravel":27,"minecraft:iron_nugget":1,"minecraft:beetroot":7,"minecraft:rotten_flesh":33,"minecraft:oak_planks":62,"iter_rpg:spawner_fragment":9,"minecraft:carrot":1,"minecraft:chainmail_chestplate":2,"minecraft:leather_chestplate":9,"supplementaries:ash":2,"forbidden_arcanus:splash_aureal_bottle":2,"minecraft:gunpowder":2,"minecraft:beetroot_seeds":7,"apotheosis:gem":20,"minecraft:leather_boots":11,"minecraft:spruce_wood":3,"minecraft:leather_leggings":3,"globalxp:xp_block":2,"minecraft:spruce_slab":6,"minecraft:iron_bars":9,"minecraft:stone_brick_stairs":1,"majruszsaccessories:lucky_rock":1,"irons_spellbooks:cast_time_ring":1,"minecraft:enchanting_table":1,"irons_spellbooks:poisonward_ring":1,"alexsmobs:fedora":1,"minecraft:enchanted_book":3,"minecraft:bread":2,"relics:spore_sack":1,"minecraft:wheat_seeds":16,"minecraft:mossy_cobblestone":122,"minecraft:poisonous_potato":3,"minecraft:iron_helmet":1,"minecraft:cobblestone":99,"minecraft:apple":5,"minecraft:spruce_door":1,"minecraft:grass_block":1,"minecraft:chainmail_helmet":3,"minecraft:golden_apple":9,"minecraft:coal":8,"minecraft:stick":10,"farmersdelight:golden_knife":1,"woodworks:spruce_ladder":3,"minecraft:torch":1,"byg:soapstone":6,"minecraft:wooden_axe":2,"forbidden_arcanus:spawner_scrap":23,"minecraft:potion":1,"minecraft:iron_leggings":1,"minecraft:smooth_stone":2,"minecraft:chainmail_leggings":1,"minecraft:paper":25,"minecraft:string":15,"minecraft:bucket":1,"minecraft:spruce_sapling":4,"alexsmobs:maggot":4,"ars_nouveau:source_berry":3,"minecraft:bowl":36,"forbidden_arcanus:mystical_dagger":1,"mcsa:shield_of_infinity_boots":1,"undead_unleashed:grave_metal_sword":1,"forbidden_arcanus:lens_of_veritatis":1,"minecraft:spruce_fence":4,"minecraft:potato":30,"minecraft:shield":1,"farmersdelight:flint_knife":1,"aether:chainmail_gloves":1,"minecraft:spruce_planks":15,"minecraft:stone_pressure_plate":1,"minecraft:stone_bricks":4,"minecraft:bamboo":1,"minecraft:bow":1,"minecraft:stone_pickaxe":1,"minecraft:wooden_pickaxe":1,"undead_unleashed:grave_metal_leggings":1,"delightful:pumpkin_pie_slice":2,"minecraft:cyan_bed":1,"immersive_armors:wooden_helmet":2,"minecraft:black_wool":1},"minecraft:broken":{"minecraft:iron_leggings":1,"minecraft:stone_pickaxe":4,"minecraft:wooden_sword":8,"minecraft:iron_sword":1,"minecraft:wooden_axe":1,"aether:chainmail_gloves":1,"minecraft:stone_sword":2,"immersive_armors:wooden_boots":1,"minecraft:wooden_pickaxe":1,"minecraft:iron_pickaxe":1,"majruszsdifficulty:tattered_chestplate":1},"minecraft:killed":{"humancompanions:knight":2,"enemyexpansion:equestrian":3,"minecraft:spider":4,"irons_spellbooks:cryomancer":1,"humancompanions:arbalist":1,"minecraft:skeleton":14,"minecraft:bee":1,"minecraft:silverfish":1,"irons_spellbooks:summoned_skeleton":1,"minecraft:pig":1,"majruszsdifficulty:tank":1,"minecraft:creeper":1,"undead_unleashed:frenzied_knight":1,"minecraft:pillager":3,"minecraft:zombie":15,"undead_unleashed:shadewraith":1,"enemyexpansion:botfly":1,"alexsmobs:fly":2,"undead_unleashed:haunter":1,"whisperwoods:moth":1,"minecraft:blaze":1,"majruszsdifficulty:illusioner":1,"enemyexpansion:direwolf":4,"enemyexpansion:goblin_fear":11,"humancompanions:archer":1,"minecraft:panda":1,"enemyexpansion:goblin":3,"enemyexpansion:sprinter":2,"majruszsdifficulty:cursed_armor":6,"savage_and_ravage:iceologer":1,"minecraft:wither_skeleton":2,"minecraft:enderman":1,"enemyexpansion:slugger":1},"minecraft:picked_up":{"minecraft:wooden_axe":2,"irons_spellbooks:scroll":1,"minecraft:nether_brick_fence":1,"byg:lush_dirt":69,"undead_unleashed:cursed_cloth":1,"minecraft:enchanted_book":2,"minecraft:stone_brick_stairs":2,"minecraft:string":24,"apotheosis:epic_material":1,"minecraft:raw_copper":30,"minecraft:iron_leggings":2,"minecraft:experience_bottle":1,"minecraft:smooth_stone":6,"irons_spellbooks:arcane_essence":8,"minecraft:deepslate_tiles":59,"minecraft:gold_nugget":4,"minecraft:spruce_planks":7,"twigs:pebble":69,"undead_unleashed:grave_metal_sword":1,"irons_spellbooks:wandering_magician_chestplate":1,"minecraft:calcite":14,"minecraft:iron_pickaxe":2,"minecraft:stick":13,"apotheosis:gem":30,"minecraft:torch":7,"minecraft:porkchop":2,"minecraft:chiseled_nether_bricks":1,"minecraft:stone_sword":2,"minecraft:rotten_flesh":43,"cisco_mod:adventurer_leggings":1,"forbidden_arcanus:splash_aureal_bottle":2,"supplementaries:ash":2,"minecraft:obsidian":4,"minecraft:snowball":70,"minecraft:iron_bars":7,"minecraft:cobblestone":148,"minecraft:enchanting_table":2,"minecraft:birch_log":5,"woodworks:spruce_ladder":3,"minecraft:magma_block":1,"minecraft:leather_chestplate":10,"ars_nouveau:source_berry":3,"minecraft:potato":2,"minecraft:flint":8,"minecraft:wither_skeleton_skull":1,"delightful:pumpkin_pie_slice":130,"minecraft:dirt":110,"minecraft:leather_boots":8,"irons_spellbooks:iron_spell_book":1,"minecraft:bone":25,"darkerdepths:amber":1,"minecraft:bow":1,"minecraft:wheat_seeds":16,"minecraft:mossy_stone_bricks":1,"minecraft:bamboo":1,"supplementaries:gold_trapdoor":1,"twigs:twig":2,"minecraft:oak_planks":61,"irons_spellbooks:legendary_ink":1,"undead_unleashed:grave_metal_leggings":1,"minecraft:nether_brick_stairs":2,"minecraft:grass_block":1,"minecraft:cyan_bed":1,"minecraft:mossy_cobblestone":122,"forbidden_arcanus:ender_pearl_fragment":2,"irons_spellbooks:ice_rune":1,"minecraft:yellow_carpet":2,"minecraft:crossbow":2,"minecraft:granite":2,"minecraft:golden_apple":9,"minecraft:bread":2,"minecraft:chainmail_helmet":3,"minecraft:emerald":7,"alexsmobs:maggot":6,"minecraft:netherrack":73,"cisco_mod:brightsteel_ingot":2,"iter_rpg:spawner_fragment":15,"minecraft:crafting_table":2,"byg:soapstone":145,"minecraft:leather_leggings":4,"minecraft:wooden_pickaxe":1,"minecraft:shield":2,"minecraft:cornflower":2,"minecraft:red_bed":1,"skilltree:wisdom_scroll":1,"minecraft:wooden_sword":19,"minecraft:netherite_scrap":1,"minecraft:white_carpet":4,"minecraft:cracked_stone_bricks":25,"quark:permafrost":59,"immersive_armors:wooden_leggings":1,"minecraft:spruce_slab":3,"minecraft:lectern":3,"minecraft:sugar_cane":3,"minecraft:birch_sapling":1,"globalxp:xp_block":2,"minecraft:raw_iron":14,"minecraft:bowl":10,"minecraft:spruce_fence":3,"minecraft:carrot":1,"minecraft:stone_pressure_plate":1,"immersive_armors:wooden_helmet":1,"minecraft:arrow":44,"majruszsaccessories:lucky_rock":1,"minecraft:nether_bricks":65,"minecraft:hay_block":4,"minecraft:gold_ingot":10,"forbidden_arcanus:spawner_scrap":31,"minecraft:air":1,"minecraft:leather":1,"savage_and_ravage:creeper_spores":3,"minecraft:oak_log":100,"minecraft:chainmail_chestplate":2,"minecraft:gunpowder":2,"relics:spore_sack":1,"cisco_mod:adventurer_boots":1,"quark:blank_rune":1,"minecraft:stone_bricks":100,"majruszsdifficulty:tattered_leggings":1,"minecraft:iron_ingot":1,"minecraft:glass_bottle":1,"apotheosis:gem_dust":2,"minecraft:book":100,"minecraft:emerald_block":1,"minecraft:chiseled_stone_bricks":1,"minecraft:dandelion":1,"minecraft:gravel":74,"minecraft:amethyst_shard":1,"undead_unleashed:grave_metal_scrap":27,"minecraft:spruce_sapling":4,"minecraft:spruce_log":16,"minecraft:spruce_door":1,"minecraft:leather_helmet":8,"minecraft:chainmail_leggings":1,"minecraft:iron_helmet":1,"minecraft:black_wool":1,"minecraft:coal":95,"minecraft:ender_pearl":2},"minecraft:used":{"minecraft:nether_brick_fence":1,"minecraft:iron_shovel":4,"minecraft:shield":3,"minecraft:iron_sword":236,"undead_unleashed:grave_metal_sword":66,"minecraft:nether_bricks":65,"minecraft:snowball":66,"minecraft:birch_sapling":1,"minecraft:iron_helmet":1,"supplementaries:gold_trapdoor":4,"minecraft:stone_brick_stairs":1,"minecraft:stone_bricks":118,"minecraft:rabbit_stew":1,"minecraft:magma_block":1,"minecraft:bow":50,"minecraft:hay_block":4,"minecraft:furnace":1,"delightful:pumpkin_pie_slice":30,"quark:permafrost":59,"minecraft:mossy_stone_bricks":4,"minecraft:stone_pickaxe":579,"minecraft:oak_planks":63,"minecraft:ender_pearl":1,"minecraft:wooden_pickaxe":59,"minecraft:golden_apple":17,"minecraft:crossbow":16,"minecraft:deepslate_tiles":66,"farmersdelight:ratatouille":16,"darkerdepths:amber":1,"minecraft:bread":20,"minecraft:lectern":3,"minecraft:gravel":47,"minecraft:wooden_sword":517,"globalxp:xp_block":2,"forbidden_arcanus:splash_aureal_bottle":3,"minecraft:smithing_table":1,"minecraft:experience_bottle":1,"minecraft:cobweb":3,"cisco_mod:adventurer_leggings":1,"minecraft:enchanting_table":1,"minecraft:iron_bars":1,"minecraft:stone_sword":266,"farmersdelight:diamond_knife":110,"minecraft:spruce_planks":45,"minecraft:netherrack":34,"woodworks:spruce_chest":1,"ars_nouveau:music_disc_thistle_the_sound_of_glass":1,"minecraft:torch":4,"minecraft:dirt":153,"minecraft:anvil":1,"minecraft:yellow_carpet":2,"minecraft:granite":2,"minecraft:nether_brick_stairs":2,"byg:lush_dirt":15,"minecraft:wooden_axe":93,"minecraft:bookshelf":5,"irons_spellbooks:wandering_magician_boots":1,"minecraft:calcite":14,"minecraft:baked_potato":15,"farmersdelight:golden_knife":2,"minecraft:chiseled_nether_bricks":1,"minecraft:cracked_stone_bricks":24,"minecraft:crafting_table":11,"minecraft:red_bed":1,"supplementaries:bomb":3,"minecraft:spruce_log":2,"farmersdelight:bacon_and_eggs":16,"minecraft:oak_log":65,"cisco_mod:adventurer_helmet":1,"minecraft:diamond_pickaxe":221,"minecraft:black_wool":1,"minecraft:apple":1,"minecraft:iron_pickaxe":366,"byg:soapstone":140,"minecraft:chiseled_stone_bricks":1,"minecraft:cobblestone":92,"minecraft:potion":6,"minecraft:dandelion":1,"minecraft:jukebox":1,"minecraft:smooth_stone":3,"irons_spellbooks:inscription_table":1},"minecraft:custom":{"enigmaticlegacy:play_time_with_seven_curses":0,"lootr:looted_stat":77,"minecraft:interact_with_crafting_table":48,"minecraft:open_barrel":13,"minecraft:bell_ring":1,"minecraft:leave_game":3,"minecraft:time_since_death":112861,"minecraft:damage_resisted":126,"minecraft:sprint_one_cm":625175,"minecraft:damage_blocked_by_shield":234,"minecraft:drop":293,"minecraft:talked_to_villager":2,"minecraft:play_time":256202,"minecraft:deaths":1,"minecraft:jump":4245,"minecraft:walk_on_water_one_cm":8256,"minecraft:interact_with_furnace":27,"minecraft:play_record":1,"minecraft:traded_with_villager":2,"minecraft:waystone_activated":2,"minecraft:damage_dealt":42145,"minecraft:crouch_one_cm":63530,"minecraft:interact_with_smoker":2,"minecraft:interact_with_smithing_table":4,"minecraft:mob_kills":157,"minecraft:damage_dealt_resisted":3830,"minecraft:climb_one_cm":12158,"minecraft:walk_one_cm":559329,"minecraft:damage_dealt_absorbed":60,"minecraft:sneak_time":26039,"minecraft:walk_under_water_one_cm":6541,"minecraft:interact_with_blast_furnace":7,"minecraft:total_world_time":256202,"enigmaticlegacy:play_time_without_seven_curses":256169,"minecraft:time_since_rest":112894,"minecraft:damage_absorbed":602,"minecraft:damage_taken":10340,"minecraft:trigger_trapped_chest":3,"minecraft:swim_one_cm":12897,"minecraft:fly_one_cm":843398,"minecraft:open_chest":264,"minecraft:aviate_one_cm":1931,"minecraft:fall_one_cm":433502},"minecraft:crafted":{"minecraft:oak_planks":136,"globalxp:xp_block":2,"blue_skies:blue_journal":1,"minecraft:emerald":9,"minecraft:crafting_table":8,"minecraft:spruce_planks":44,"minecraft:smithing_table":1,"cisco_mod:adventurer_chestplate":1,"minecraft:stick":16,"minecraft:iron_ingot":14,"minecraft:iron_pickaxe":1,"minecraft:iron_block":3,"minecraft:gold_ingot":3,"minecraft:wooden_sword":4,"minecraft:leather_boots":1,"forbidden_arcanus:rotten_leather":3,"minecraft:furnace":1,"blue_skies:zeal_lighter":1,"woodworks:spruce_chest":1,"minecraft:leather":3,"minecraft:stone_pickaxe":4,"minecraft:leather_helmet":1,"minecraft:bucket":1,"minecraft:air":0,"minecraft:cobblestone":14}},"DataVersion":3120}