{"stats":{"minecraft:dropped":{"minecraft:porkchop":4,"minecraft:wheat_seeds":12,"minecraft:oak_log":5,"minecraft:mossy_cobblestone":122,"minecraft:glass_bottle":2,"minecraft:poisonous_potato":3,"minecraft:crossbow":2,"minecraft:iron_helmet":1,"minecraft:cobblestone":24,"minecraft:cracked_stone_bricks":2,"undead_unleashed:grave_metal_scrap":4,"minecraft:coal":8,"minecraft:stick":4,"minecraft:flint":8,"minecraft:cornflower":2,"immersive_armors:wooden_leggings":2,"savage_and_ravage:creeper_spores":3,"minecraft:potion":1,"minecraft:iron_leggings":1,"minecraft:wooden_sword":24,"minecraft:gold_nugget":4,"minecraft:bone_meal":11,"minecraft:smooth_stone":2,"immersive_armors:wooden_chestplate":1,"majruszsdifficulty:tattered_leggings":1,"minecraft:string":9,"twigs:twig":2,"minecraft:spruce_sapling":4,"farmersdelight:mutton_chops":2,"minecraft:bone":10,"minecraft:gravel":27,"alexsmobs:maggot":1,"ars_nouveau:source_berry":3,"minecraft:bowl":22,"minecraft:rotten_flesh":9,"minecraft:oak_planks":41,"minecraft:spruce_fence":1,"minecraft:chainmail_chestplate":1,"minecraft:leather_chestplate":2,"minecraft:potato":30,"farmersdelight:flint_knife":1,"minecraft:gunpowder":2,"minecraft:beetroot_seeds":7,"minecraft:leather_boots":5,"minecraft:spruce_wood":3,"minecraft:iron_bars":3,"minecraft:bow":1,"minecraft:stone_pickaxe":1,"undead_unleashed:grave_metal_leggings":1,"minecraft:stone_brick_stairs":1,"minecraft:cyan_bed":1,"immersive_armors:wooden_helmet":2,"minecraft:black_wool":1},"minecraft:mined":{"minecraft:deepslate_tiles":58,"minecraft:mossy_cobblestone":189,"minecraft:grass_block":65,"minecraft:spruce_fence":1,"twigs:twig":2,"ars_nouveau:sourceberry_bush":1,"minecraft:spawner":1,"minecraft:large_fern":1,"minecraft:smooth_stone":4,"minecraft:hay_block":4,"minecraft:furnace":1,"minecraft:iron_ore":8,"minecraft:bookshelf":16,"minecraft:small_amethyst_bud":2,"minecraft:iron_bars":3,"minecraft:packed_ice":3,"quark:permafrost":134,"minecraft:stone":5,"minecraft:red_bed":1,"minecraft:crafting_table":2,"undead_unleashed:grave_soil":3,"minecraft:lectern":3,"minecraft:copper_ore":7,"minecraft:tall_grass":11,"minecraft:cobblestone":87,"minecraft:cyan_bed":1,"minecraft:birch_log":5,"minecraft:ice":6,"minecraft:spruce_log":16,"minecraft:stone_brick_stairs":2,"minecraft:grass":54,"minecraft:coal_ore":92,"minecraft:oak_log":84,"minecraft:gravel":69,"minecraft:dirt":11,"minecraft:cobweb":20,"minecraft:cracked_stone_bricks":4,"minecraft:stone_bricks":131,"minecraft:mossy_stone_bricks":2,"minecraft:emerald_block":1},"minecraft:broken":{"minecraft:stone_sword":1,"minecraft:iron_leggings":1,"immersive_armors:wooden_boots":1,"minecraft:wooden_pickaxe":1,"minecraft:stone_pickaxe":4,"minecraft:wooden_sword":8,"minecraft:wooden_axe":1},"minecraft:killed":{"humancompanions:knight":2,"irons_spellbooks:cryomancer":1,"humancompanions:arbalist":1,"minecraft:skeleton":3,"minecraft:bee":1,"humancompanions:archer":1,"minecraft:silverfish":1,"minecraft:pig":1,"undead_unleashed:frenzied_knight":1,"minecraft:pillager":2,"minecraft:zombie":5,"enemyexpansion:botfly":1,"undead_unleashed:haunter":1},"minecraft:picked_up":{"iter_rpg:spawner_fragment":1,"irons_spellbooks:scroll":1,"minecraft:crafting_table":2,"minecraft:stone_brick_stairs":1,"minecraft:cornflower":2,"minecraft:string":18,"minecraft:red_bed":1,"minecraft:raw_copper":30,"minecraft:wooden_sword":19,"minecraft:iron_leggings":2,"minecraft:white_carpet":4,"minecraft:smooth_stone":3,"minecraft:cracked_stone_bricks":5,"irons_spellbooks:arcane_essence":4,"minecraft:deepslate_tiles":58,"minecraft:gold_nugget":4,"twigs:pebble":33,"quark:permafrost":59,"immersive_armors:wooden_leggings":1,"minecraft:lectern":3,"minecraft:birch_sapling":1,"minecraft:stick":9,"minecraft:raw_iron":8,"apotheosis:gem":14,"minecraft:bowl":3,"minecraft:spruce_fence":1,"minecraft:porkchop":2,"minecraft:stone_sword":1,"immersive_armors:wooden_helmet":1,"minecraft:arrow":15,"minecraft:rotten_flesh":9,"minecraft:hay_block":4,"minecraft:gold_ingot":10,"forbidden_arcanus:spawner_scrap":1,"minecraft:iron_bars":3,"minecraft:cobblestone":104,"minecraft:birch_log":5,"minecraft:leather_chestplate":2,"ars_nouveau:source_berry":3,"minecraft:flint":8,"savage_and_ravage:creeper_spores":3,"minecraft:oak_log":84,"minecraft:chainmail_chestplate":1,"minecraft:gunpowder":2,"minecraft:dirt":75,"minecraft:leather_boots":4,"minecraft:bone":8,"minecraft:stone_bricks":66,"minecraft:bow":1,"minecraft:wheat_seeds":12,"majruszsdifficulty:tattered_leggings":1,"minecraft:glass_bottle":1,"twigs:twig":2,"apotheosis:gem_dust":2,"minecraft:oak_planks":40,"minecraft:book":100,"minecraft:emerald_block":1,"irons_spellbooks:legendary_ink":1,"minecraft:gravel":61,"undead_unleashed:grave_metal_leggings":1,"undead_unleashed:grave_metal_scrap":9,"minecraft:spruce_sapling":4,"minecraft:spruce_log":16,"minecraft:cyan_bed":1,"minecraft:mossy_cobblestone":122,"irons_spellbooks:ice_rune":1,"minecraft:yellow_carpet":2,"minecraft:iron_helmet":1,"minecraft:crossbow":2,"minecraft:emerald":2,"alexsmobs:maggot":1,"minecraft:black_wool":1,"minecraft:coal":94},"minecraft:used":{"minecraft:stone_sword":207,"minecraft:dirt":36,"minecraft:yellow_carpet":2,"minecraft:wooden_axe":59,"minecraft:birch_sapling":1,"minecraft:iron_helmet":1,"minecraft:stone_bricks":71,"minecraft:rabbit_stew":1,"minecraft:bow":3,"minecraft:hay_block":4,"minecraft:furnace":1,"quark:permafrost":59,"minecraft:stone_pickaxe":579,"minecraft:baked_potato":12,"minecraft:oak_planks":3,"minecraft:wooden_pickaxe":59,"minecraft:cracked_stone_bricks":3,"minecraft:golden_apple":1,"minecraft:crafting_table":8,"minecraft:red_bed":1,"minecraft:crossbow":2,"farmersdelight:bacon_and_eggs":2,"minecraft:oak_log":1,"farmersdelight:ratatouille":16,"cisco_mod:adventurer_helmet":1,"minecraft:black_wool":1,"minecraft:bread":17,"minecraft:iron_pickaxe":112,"minecraft:lectern":3,"minecraft:gravel":34,"minecraft:wooden_sword":517,"minecraft:cobblestone":64,"minecraft:potion":1},"minecraft:custom":{"enigmaticlegacy:play_time_with_seven_curses":0,"lootr:looted_stat":29,"minecraft:mob_kills":22,"minecraft:interact_with_crafting_table":16,"minecraft:open_barrel":13,"minecraft:damage_dealt_resisted":0,"minecraft:leave_game":1,"minecraft:time_since_death":91067,"minecraft:damage_resisted":0,"minecraft:climb_one_cm":5464,"minecraft:sprint_one_cm":154455,"minecraft:walk_one_cm":163231,"minecraft:drop":118,"minecraft:talked_to_villager":1,"minecraft:play_time":91067,"minecraft:sneak_time":7479,"minecraft:walk_under_water_one_cm":861,"minecraft:jump":1342,"minecraft:walk_on_water_one_cm":3945,"minecraft:total_world_time":91067,"minecraft:interact_with_furnace":5,"enigmaticlegacy:play_time_without_seven_curses":91067,"minecraft:traded_with_villager":2,"minecraft:time_since_rest":91067,"minecraft:waystone_activated":1,"minecraft:damage_taken":3721,"minecraft:damage_absorbed":40,"minecraft:trigger_trapped_chest":3,"minecraft:damage_dealt":15890,"minecraft:swim_one_cm":5078,"minecraft:fly_one_cm":298380,"minecraft:open_chest":2,"minecraft:crouch_one_cm":19639,"minecraft:fall_one_cm":159466},"minecraft:crafted":{"minecraft:wooden_sword":4,"minecraft:oak_planks":76,"minecraft:furnace":1,"blue_skies:zeal_lighter":1,"minecraft:stone_pickaxe":4,"blue_skies:blue_journal":1,"minecraft:emerald":9,"minecraft:crafting_table":5,"minecraft:air":0,"minecraft:cobblestone":7,"minecraft:stick":12,"minecraft:iron_pickaxe":1,"minecraft:gold_ingot":3}},"DataVersion":3120}