{"stats":{"minecraft:killed":{"humancompanions:knight":2,"irons_spellbooks:cryomancer":1,"minecraft:bee":1,"humancompanions:archer":1,"minecraft:pig":1},"minecraft:dropped":{"minecraft:porkchop":4,"minecraft:wheat_seeds":12,"minecraft:oak_log":5,"minecraft:mossy_cobblestone":122,"minecraft:poisonous_potato":3,"minecraft:cobblestone":24,"undead_unleashed:grave_metal_scrap":4,"minecraft:stick":4,"minecraft:flint":8,"immersive_armors:wooden_leggings":2,"savage_and_ravage:creeper_spores":3,"minecraft:potion":1,"minecraft:wooden_sword":2,"minecraft:gold_nugget":4,"immersive_armors:wooden_chestplate":1,"minecraft:string":5,"twigs:twig":2,"minecraft:spruce_sapling":4,"farmersdelight:mutton_chops":2,"minecraft:bone":8,"minecraft:gravel":27,"alexsmobs:maggot":1,"ars_nouveau:source_berry":3,"minecraft:bowl":22,"minecraft:rotten_flesh":5,"minecraft:spruce_fence":1,"minecraft:chainmail_chestplate":1,"minecraft:leather_chestplate":2,"farmersdelight:flint_knife":1,"minecraft:gunpowder":2,"minecraft:beetroot_seeds":7,"minecraft:leather_boots":1,"minecraft:spruce_wood":3,"minecraft:iron_bars":1,"minecraft:stone_pickaxe":1,"immersive_armors:wooden_helmet":2,"minecraft:black_wool":1},"minecraft:mined":{"minecraft:deepslate_tiles":58,"minecraft:mossy_cobblestone":189,"minecraft:grass_block":65,"minecraft:spruce_fence":1,"twigs:twig":2,"ars_nouveau:sourceberry_bush":1,"minecraft:large_fern":1,"minecraft:hay_block":4,"minecraft:furnace":1,"minecraft:iron_ore":8,"minecraft:bookshelf":16,"minecraft:small_amethyst_bud":2,"minecraft:iron_bars":1,"minecraft:packed_ice":3,"quark:permafrost":125,"minecraft:stone":5,"minecraft:red_bed":1,"minecraft:crafting_table":2,"undead_unleashed:grave_soil":3,"minecraft:lectern":3,"minecraft:copper_ore":7,"minecraft:tall_grass":10,"minecraft:cobblestone":87,"minecraft:cyan_bed":1,"minecraft:birch_log":5,"minecraft:ice":6,"minecraft:spruce_log":16,"minecraft:grass":53,"minecraft:oak_log":84,"minecraft:coal_ore":92,"minecraft:gravel":69,"minecraft:dirt":3,"minecraft:cobweb":7,"minecraft:cracked_stone_bricks":1,"minecraft:stone_bricks":128,"minecraft:mossy_stone_bricks":2,"minecraft:emerald_block":1},"minecraft:picked_up":{"irons_spellbooks:scroll":1,"minecraft:crafting_table":2,"minecraft:string":5,"minecraft:red_bed":1,"minecraft:raw_copper":30,"minecraft:wooden_sword":1,"minecraft:iron_leggings":1,"minecraft:white_carpet":4,"minecraft:cracked_stone_bricks":1,"irons_spellbooks:arcane_essence":4,"minecraft:deepslate_tiles":58,"minecraft:gold_nugget":4,"twigs:pebble":33,"quark:permafrost":55,"immersive_armors:wooden_leggings":1,"minecraft:lectern":3,"minecraft:birch_sapling":1,"minecraft:raw_iron":8,"apotheosis:gem":6,"minecraft:bowl":3,"minecraft:spruce_fence":1,"minecraft:porkchop":2,"minecraft:stone_sword":1,"immersive_armors:wooden_helmet":1,"minecraft:arrow":3,"minecraft:rotten_flesh":5,"minecraft:hay_block":4,"minecraft:iron_bars":1,"minecraft:cobblestone":104,"minecraft:birch_log":5,"minecraft:leather_chestplate":2,"ars_nouveau:source_berry":3,"minecraft:flint":8,"savage_and_ravage:creeper_spores":3,"minecraft:oak_log":84,"minecraft:chainmail_chestplate":1,"minecraft:gunpowder":2,"minecraft:dirt":68,"minecraft:bone":6,"minecraft:stone_bricks":64,"minecraft:bow":1,"minecraft:wheat_seeds":12,"twigs:twig":2,"apotheosis:gem_dust":1,"minecraft:book":97,"minecraft:emerald_block":1,"irons_spellbooks:legendary_ink":1,"minecraft:gravel":61,"undead_unleashed:grave_metal_scrap":4,"minecraft:spruce_sapling":4,"minecraft:spruce_log":16,"minecraft:cyan_bed":1,"minecraft:mossy_cobblestone":122,"irons_spellbooks:ice_rune":1,"minecraft:yellow_carpet":2,"alexsmobs:maggot":1,"minecraft:black_wool":1,"minecraft:coal":94},"minecraft:crafted":{"minecraft:oak_planks":76,"minecraft:furnace":1,"blue_skies:zeal_lighter":1,"minecraft:stone_pickaxe":4,"blue_skies:blue_journal":1,"minecraft:emerald":9,"minecraft:crafting_table":3,"minecraft:air":0,"minecraft:cobblestone":7,"minecraft:stick":12,"minecraft:iron_pickaxe":1,"minecraft:gold_ingot":3},"minecraft:custom":{"enigmaticlegacy:play_time_with_seven_curses":0,"lootr:looted_stat":17,"minecraft:mob_kills":6,"minecraft:interact_with_crafting_table":12,"minecraft:open_barrel":13,"minecraft:damage_dealt_resisted":0,"minecraft:time_since_death":53458,"minecraft:climb_one_cm":3638,"minecraft:damage_resisted":0,"minecraft:sprint_one_cm":109011,"minecraft:walk_one_cm":88533,"minecraft:drop":60,"minecraft:talked_to_villager":1,"minecraft:play_time":53458,"minecraft:sneak_time":1994,"minecraft:walk_under_water_one_cm":861,"minecraft:jump":971,"minecraft:walk_on_water_one_cm":3193,"minecraft:total_world_time":53458,"minecraft:interact_with_furnace":4,"minecraft:traded_with_villager":2,"enigmaticlegacy:play_time_without_seven_curses":53458,"minecraft:time_since_rest":53458,"minecraft:waystone_activated":1,"minecraft:damage_taken":2460,"minecraft:damage_dealt":2397,"minecraft:swim_one_cm":5078,"minecraft:fly_one_cm":214839,"minecraft:open_chest":2,"minecraft:crouch_one_cm":5819,"minecraft:fall_one_cm":107934},"minecraft:broken":{"minecraft:wooden_pickaxe":1,"minecraft:stone_pickaxe":4,"minecraft:wooden_axe":1},"minecraft:used":{"minecraft:stone_sword":84,"minecraft:dirt":4,"minecraft:yellow_carpet":2,"minecraft:wooden_axe":59,"minecraft:birch_sapling":1,"minecraft:iron_helmet":1,"minecraft:rabbit_stew":1,"minecraft:hay_block":4,"minecraft:furnace":1,"quark:permafrost":15,"minecraft:stone_pickaxe":579,"minecraft:baked_potato":4,"minecraft:oak_planks":3,"minecraft:wooden_pickaxe":59,"minecraft:cracked_stone_bricks":1,"minecraft:crafting_table":6,"minecraft:red_bed":1,"farmersdelight:bacon_and_eggs":2,"minecraft:oak_log":1,"farmersdelight:ratatouille":16,"cisco_mod:adventurer_helmet":1,"minecraft:black_wool":1,"minecraft:bread":1,"minecraft:iron_pickaxe":81,"minecraft:gravel":34,"minecraft:wooden_sword":29,"minecraft:cobblestone":64}},"DataVersion":3120}