{"stats":{"minecraft:dropped":{"minecraft:gunpowder":2,"savage_and_ravage:creeper_spores":3,"minecraft:bowl":1,"minecraft:cobblestone":4,"twigs:twig":1,"minecraft:spruce_sapling":4,"minecraft:stick":2,"minecraft:flint":8},"minecraft:mined":{"minecraft:birch_log":5,"minecraft:iron_ore":4,"minecraft:spruce_log":16,"minecraft:crafting_table":2,"minecraft:grass_block":64,"minecraft:oak_log":55,"minecraft:coal_ore":92,"minecraft:gravel":69,"twigs:twig":1,"minecraft:copper_ore":7},"minecraft:picked_up":{"minecraft:birch_log":5,"minecraft:crafting_table":2,"minecraft:raw_iron":4,"apotheosis:gem":6,"minecraft:gravel":61,"minecraft:flint":8,"savage_and_ravage:creeper_spores":3,"minecraft:oak_log":55,"minecraft:spruce_sapling":4,"minecraft:gunpowder":2,"minecraft:spruce_log":16,"minecraft:dirt":64,"minecraft:raw_copper":30,"twigs:pebble":33,"twigs:twig":1,"minecraft:birch_sapling":1,"minecraft:coal":94,"minecraft:cobblestone":12},"minecraft:crafted":{"minecraft:oak_planks":76,"minecraft:cobblestone":7,"minecraft:crafting_table":1,"minecraft:stick":8},"minecraft:custom":{"minecraft:time_since_rest":17458,"enigmaticlegacy:play_time_with_seven_curses":0,"minecraft:sprint_one_cm":31995,"minecraft:damage_taken":140,"minecraft:walk_one_cm":20299,"minecraft:drop":8,"minecraft:damage_dealt":100,"enigmaticlegacy:play_time_without_seven_curses":17458,"minecraft:fly_one_cm":36611,"minecraft:interact_with_crafting_table":2,"minecraft:crouch_one_cm":68,"minecraft:play_time":17458,"minecraft:sneak_time":23,"minecraft:jump":205,"minecraft:walk_on_water_one_cm":696,"minecraft:time_since_death":17458,"minecraft:total_world_time":17458,"minecraft:fall_one_cm":16711},"minecraft:broken":{"minecraft:wooden_axe":1,"minecraft:wooden_pickaxe":1},"minecraft:used":{"farmersdelight:bacon_and_eggs":1,"farmersdelight:ratatouille":1,"minecraft:wooden_axe":59,"minecraft:stone_pickaxe":44,"minecraft:birch_sapling":1,"minecraft:oak_planks":3,"minecraft:wooden_pickaxe":59,"minecraft:gravel":29,"minecraft:wooden_sword":2,"minecraft:crafting_table":2}},"DataVersion":3120}