{"stats":{"minecraft:mined":{"minecraft:spruce_planks":2,"minecraft:obsidian":15,"minecraft:granite":75,"minecraft:budding_amethyst":5,"minecraft:grass_block":65,"twigs:twig":2,"ars_nouveau:sourceberry_bush":1,"minecraft:spawner":26,"minecraft:smooth_stone":4,"minecraft:magma_block":13,"minecraft:glowstone":21,"minecraft:sculk_catalyst":1,"byg:sythian_nylium":5,"minecraft:fire":13,"minecraft:iron_ore":8,"minecraft:black_carpet":2,"minecraft:anvil":1,"minecraft:nether_brick_stairs":2,"minecraft:enchanting_table":2,"darkerdepths:shale":1,"minecraft:small_amethyst_bud":2,"minecraft:iron_bars":10,"sophisticatedbackpacks:copper_backpack":1,"minecraft:red_bed":1,"aether:golden_oak_sapling":1,"delightful:pumpkin_pie":2,"undead_unleashed:grave_soil":3,"minecraft:calcite":66,"minecraft:nether_quartz_ore":31,"minecraft:glass":9,"minecraft:cobblestone":102,"minecraft:cyan_bed":1,"minecraft:sugar_cane":1,"minecraft:wall_torch":2,"byg:lush_grass_block":1,"minecraft:amethyst_block":150,"byg:soapstone":73,"mutantmonsters:mutant_skeleton_skull":1,"minecraft:birch_log":5,"minecraft:stone_brick_stairs":4,"deep_aether:tall_aerlavender":3,"minecraft:grass":55,"minecraft:oak_log":86,"minecraft:sand":64,"minecraft:dirt":29,"aether:ambrosium_ore":7,"minecraft:smooth_basalt":3,"minecraft:netherrack":69,"minecraft:deepslate":1,"minecraft:emerald_block":1,"minecraft:deepslate_tiles":65,"minecraft:mossy_cobblestone":189,"minecraft:nether_bricks":65,"minecraft:spruce_fence":1,"minecraft:large_fern":1,"minecraft:hay_block":4,"forbidden_arcanus:deepslate_arcane_crystal_ore":1,"minecraft:furnace":1,"minecraft:andesite":24,"minecraft:bookshelf":16,"minecraft:packed_ice":3,"quark:permafrost":134,"minecraft:stone":719,"minecraft:chiseled_nether_bricks":1,"minecraft:crafting_table":2,"minecraft:emerald_ore":1,"iter_rpg:vase":2,"deep_aether:aerlavender":1,"byg:sythian_stalk_block":1,"minecraft:lectern":3,"minecraft:copper_ore":8,"minecraft:tall_grass":11,"minecraft:diorite":2,"supplementaries:urn":10,"byg:lush_dirt":131,"forbidden_arcanus:xpetrified_ore":3,"minecraft:ice":7,"aether:berry_bush":1,"minecraft:spruce_log":16,"byg:sythian_wart_block":1,"minecraft:black_wool":3,"minecraft:coal_ore":103,"minecraft:gravel":70,"minecraft:cobweb":34,"minecraft:cracked_stone_bricks":12,"minecraft:stone_bricks":156,"minecraft:mossy_stone_bricks":5},"minecraft:dropped":{"cisco_mod:adventurer_helmet":4,"minecraft:porkchop":4,"minecraft:oak_log":6,"cisco_mod:bright_pickaxe":1,"minecraft:ender_pearl":1,"minecraft:glass_bottle":7,"minecraft:diamond":11,"minecolonies:supplycampdeployer":1,"minecraft:crossbow":2,"minecraft:leather":1,"cisco_mod:adventurer_leggings":1,"minecraft:cracked_stone_bricks":2,"undead_unleashed:grave_metal_scrap":6,"minecraft:leather_helmet":8,"aether:victory_medal":2,"minecraft:music_disc_13":1,"minecraft:flint":8,"twigs:pebble":8,"minecraft:dirt":19,"undead_unleashed:cursed_cloth":2,"minecraft:cornflower":2,"immersive_armors:wooden_leggings":2,"savage_and_ravage:creeper_spores":3,"minecraft:snowball":9,"minecraft:amethyst_shard":3,"minecraft:chain":1,"minecraft:gold_nugget":4,"minecraft:wooden_sword":24,"minecraft:bone_meal":11,"minecraft:phantom_membrane":5,"minecraft:iron_pickaxe":1,"immersive_armors:wooden_chestplate":1,"irons_spellbooks:wandering_magician_boots":1,"majruszsdifficulty:tattered_leggings":1,"minecraft:gold_ingot":27,"twigs:twig":2,"farmersdelight:mutton_chops":2,"minecraft:bone":15,"minecraft:gravel":27,"minecraft:note_block":4,"minecraft:stone_axe":1,"easy_villagers:breeder":2,"aether:ambrosium_torch":1,"cisco_mod:brightsteel_chestplate":1,"minecraft:iron_nugget":1,"minecraft:obsidian":12,"minecraft:beetroot":7,"minecraft:rotten_flesh":35,"minecraft:oak_planks":62,"minecraft:glowstone_dust":35,"iter_rpg:spawner_fragment":10,"undead_unleashed:grave_metal_ingot":2,"minecraft:carrot":1,"minecraft:chainmail_chestplate":2,"minecraft:leather_chestplate":10,"supplementaries:flax_seeds":2,"supplementaries:ash":11,"minecraft:gunpowder":4,"forbidden_arcanus:splash_aureal_bottle":2,"minecraft:skeleton_skull":1,"easy_villagers:converter":2,"minecraft:beetroot_seeds":7,"apotheosis:gem":29,"quark:blank_rune":1,"minecraft:leather_boots":11,"minecraft:spruce_wood":3,"farmersdelight:bacon_and_eggs":16,"minecraft:leather_leggings":3,"minecraft:spruce_slab":6,"globalxp:xp_block":2,"minecraft:iron_bars":9,"minecraft:beef":1,"deep_aether:tall_aerlavender":2,"minecraft:glass":110,"farmersdelight:ratatouille":7,"undead_unleashed:grave_metal_helmet":1,"minecraft:quartz":9,"ars_nouveau:wixie_shards":2,"farmersdelight:tomato_seeds":2,"minecraft:stone_brick_stairs":1,"majruszsaccessories:lucky_rock":1,"minecraft:netherrack":39,"irons_spellbooks:cast_time_ring":1,"minecraft:enchanting_table":1,"irons_spellbooks:poisonward_ring":1,"alexsmobs:fedora":1,"minecraft:enchanted_book":3,"minecraft:iron_ingot":27,"minecraft:bread":2,"easy_villagers:farmer":2,"relics:spore_sack":1,"minecraft:wheat_seeds":17,"minecraft:mossy_cobblestone":122,"majruszsaccessories:adventurer_kit":2,"minecraft:poisonous_potato":3,"minecraft:cobblestone":372,"minecraft:iron_helmet":1,"cisco_mod:brightsteel_boots":1,"minecraft:amethyst_block":124,"minecraft:apple":5,"cisco_mod:adventurer_chestplate":1,"minecraft:spruce_door":1,"minecraft:grass_block":1,"minecraft:chainmail_helmet":3,"minecraft:coal":8,"minecraft:golden_apple":13,"minecraft:stick":13,"deep_aether:aerlavender":2,"farmersdelight:golden_knife":1,"woodworks:spruce_ladder":3,"minecraft:torch":1,"cisco_mod:brightsteel_leggings":1,"minecraft:wooden_axe":2,"byg:soapstone":6,"forbidden_arcanus:spawner_scrap":24,"minecraft:potion":1,"minecraft:iron_leggings":1,"minecraft:iron_axe":1,"minecraft:smooth_stone":2,"irons_spellbooks:wandering_magician_chestplate":1,"minecraft:chainmail_leggings":1,"minecraft:paper":25,"minecraft:string":24,"minecraft:bucket":1,"ars_nouveau:caster_tome":2,"minecraft:spruce_sapling":4,"iter_rpg:potsherd":4,"alexsmobs:maggot":6,"cisco_mod:adventurer_boots":1,"ars_nouveau:source_berry":3,"cisco_mod:brightsteel_helmet":1,"minecraft:bowl":37,"forbidden_arcanus:mystical_dagger":1,"mcsa:shield_of_infinity_boots":1,"twilightforest:knightmetal_chestplate":1,"aether:aether_dirt":4,"undead_unleashed:grave_metal_sword":1,"forbidden_arcanus:lens_of_veritatis":1,"minecraft:spruce_fence":4,"minecraft:shears":1,"easy_villagers:iron_farm":2,"minecraft:stone":2,"minecraft:potato":30,"farmersdelight:flint_knife":1,"minecraft:shield":1,"mcsa:prismarine_soldier_boots":1,"aether:chainmail_gloves":1,"irons_spellbooks:wandering_magician_leggings":1,"minecraft:spruce_planks":15,"cisco_mod:champion_coin":1,"minecraft:andesite":16,"minecraft:golden_leggings":1,"easy_villagers:incubator":2,"minecraft:stone_pressure_plate":1,"aether:holystone":1,"minecraft:stone_bricks":4,"minecraft:bamboo":1,"simplyswords:diamond_scythe":1,"minecraft:stone_pickaxe":1,"minecraft:bow":1,"minecraft:wooden_pickaxe":1,"undead_unleashed:grave_metal_leggings":1,"delightful:pumpkin_pie_slice":2,"easy_villagers:trader":2,"minecraft:cyan_bed":1,"immersive_armors:wooden_helmet":2,"minecraft:black_wool":1,"farmersdelight:diamond_knife":1},"minecraft:custom":{"enigmaticlegacy:play_time_with_seven_curses":0,"lootr:looted_stat":94,"minecraft:interact_with_crafting_table":84,"minecraft:open_barrel":13,"minecraft:bell_ring":1,"minecraft:leave_game":3,"minecraft:time_since_death":2479,"minecraft:damage_resisted":196,"minecraft:sprint_one_cm":1156285,"minecraft:damage_blocked_by_shield":2084,"minecraft:drop":419,"minecraft:talked_to_villager":3,"minecraft:play_time":407017,"minecraft:deaths":15,"minecraft:jump":6812,"minecraft:walk_on_water_one_cm":16441,"minecraft:interact_with_furnace":65,"minecraft:play_record":3,"minecraft:traded_with_villager":2,"minecraft:sleep_in_bed":2,"minecraft:waystone_activated":2,"minecraft:damage_dealt":68083,"minecraft:player_kills":1,"minecraft:crouch_one_cm":95418,"minecraft:interact_with_smoker":2,"minecraft:horse_one_cm":1203,"minecraft:interact_with_smithing_table":5,"minecraft:interact_with_anvil":3,"minecraft:mob_kills":218,"minecraft:damage_dealt_resisted":3858,"minecraft:climb_one_cm":12278,"minecraft:walk_one_cm":927956,"minecraft:damage_dealt_absorbed":81,"minecraft:sneak_time":34095,"minecraft:walk_under_water_one_cm":11234,"minecraft:interact_with_blast_furnace":7,"minecraft:total_world_time":407017,"enigmaticlegacy:play_time_without_seven_curses":406520,"minecraft:tune_noteblock":1,"minecraft:time_since_rest":2507,"minecraft:damage_taken":18162,"minecraft:damage_absorbed":623,"minecraft:trigger_trapped_chest":3,"minecraft:swim_one_cm":15943,"minecraft:fly_one_cm":1436809,"minecraft:open_chest":530,"minecraft:aviate_one_cm":1931,"minecraft:fall_one_cm":735274},"minecraft:crafted":{"minecraft:smooth_stone":2,"minecraft:oak_planks":136,"globalxp:xp_block":2,"minecraft:blaze_powder":16,"minecraft:stone":0,"minecraft:quartz_block":7,"minecraft:glass":45,"cisco_mod:light_core":1,"ars_nouveau:apprentice_spell_book":1,"minecraft:ender_eye":2,"blue_skies:blue_journal":1,"minecraft:emerald":9,"minecraft:crafting_table":8,"minecraft:spruce_planks":44,"minecraft:smithing_table":1,"cisco_mod:unattuned_core":3,"cisco_mod:brightsteel_ingot":41,"cisco_mod:adventurer_chestplate":1,"minecraft:purple_dye":1,"cisco_mod:raw_brightsteel":5,"minecraft:leather_chestplate":1,"minecraft:stick":16,"minecraft:iron_ingot":27,"minecraft:iron_pickaxe":1,"minecraft:iron_block":6,"minecraft:gold_ingot":3,"minecraft:shears":1,"minecraft:wooden_sword":4,"minecraft:jukebox":1,"minecraft:leather_boots":1,"cisco_mod:bright_essence":3,"forbidden_arcanus:rotten_leather":10,"minecraft:furnace":1,"blue_skies:zeal_lighter":1,"woodworks:spruce_chest":3,"minecraft:leather":3,"minecraft:stone_pickaxe":4,"cisco_mod:gilded_eagle_chestplate":1,"minecraft:leather_helmet":2,"minecraft:bucket":1,"minecraft:air":0,"minecraft:cobblestone":14,"minecraft:anvil":1,"minecraft:pumpkin_pie":23,"apotheosis:scrap_tome":8},"minecraft:killed_by":{"minecraft:wither_skeleton":3,"aether:valkyrie":1,"minecraft:blaze":2,"minecraft:player":2,"mutantmonsters:mutant_skeleton":5,"minecraft:skeleton":1},"minecraft:used":{"irons_spellbooks:inscription_table":1,"minecraft:nether_brick_fence":1,"minecraft:iron_shovel":4,"sophisticatedbackpacks:copper_backpack":1,"minecraft:shield":26,"minecraft:iron_sword":254,"minecraft:rotten_flesh":2,"undead_unleashed:grave_metal_sword":66,"minecraft:nether_bricks":65,"minecraft:snowball":66,"minecraft:obsidian":11,"ars_nouveau:amethyst_golem_charm":1,"minecraft:glass":13,"minecraft:birch_sapling":1,"minecraft:iron_helmet":1,"supplementaries:gold_trapdoor":4,"simplyswords:iron_longsword":1,"minecraft:stone_brick_stairs":1,"minecraft:stone_bricks":118,"minecraft:rabbit_stew":1,"minecraft:bow":74,"minecraft:magma_block":1,"minecraft:hay_block":4,"minecraft:furnace":1,"delightful:pumpkin_pie_slice":36,"quark:permafrost":59,"ars_nouveau:music_disc_firel_the_wild_hunt":2,"minecraft:mossy_stone_bricks":4,"minecraft:diorite":2,"minecraft:stone_pickaxe":579,"minecraft:oak_planks":63,"minecraft:ender_pearl":1,"minecraft:wooden_pickaxe":59,"transmog:transmogrification_table":1,"minecraft:golden_apple":18,"minecraft:note_block":14,"minecraft:crossbow":16,"mutantmonsters:mutant_skeleton_skull":1,"minecraft:shears":1,"minecraft:deepslate_tiles":66,"farmersdelight:ratatouille":16,"darkerdepths:amber":1,"minecraft:bread":20,"minecraft:lectern":3,"minecraft:gravel":47,"minecraft:wooden_sword":517,"globalxp:xp_block":2,"forbidden_arcanus:splash_aureal_bottle":3,"minecraft:smithing_table":1,"minecraft:experience_bottle":1,"minecraft:cobweb":3,"cisco_mod:adventurer_leggings":1,"minecraft:trident":165,"minecraft:iron_bars":1,"minecraft:enchanting_table":1,"minecraft:stone_sword":266,"farmersdelight:diamond_knife":211,"minecraft:spruce_planks":91,"minecraft:netherrack":35,"woodworks:spruce_chest":3,"ars_nouveau:music_disc_thistle_the_sound_of_glass":1,"minecraft:torch":4,"minecraft:dirt":166,"minecraft:anvil":2,"twigs:rhyolite":2,"minecraft:yellow_carpet":2,"minecraft:granite":3,"minecraft:nether_brick_stairs":2,"byg:lush_dirt":81,"minecraft:wooden_axe":93,"minecraft:bookshelf":5,"apotheosis:gem_cutting_table":1,"irons_spellbooks:wandering_magician_boots":1,"minecraft:glowstone":2,"minecraft:calcite":14,"minecraft:cooked_mutton":7,"minecraft:amethyst_block":124,"minecraft:baked_potato":15,"farmersdelight:golden_knife":2,"minecraft:chiseled_nether_bricks":1,"minecraft:cracked_stone_bricks":24,"supplementaries:bomb":3,"minecraft:crafting_table":11,"minecraft:red_bed":1,"minecraft:spruce_log":2,"farmersdelight:bacon_and_eggs":16,"minecraft:oak_log":65,"cisco_mod:adventurer_helmet":1,"minecraft:diamond_pickaxe":1315,"minecraft:black_wool":1,"minecraft:apple":14,"aether:golden_oak_sapling":1,"minecraft:iron_pickaxe":366,"byg:soapstone":140,"minecraft:budding_amethyst":4,"minecraft:chiseled_stone_bricks":1,"aether:golden_parachute":3,"minecraft:cobblestone":393,"minecraft:potion":6,"minecraft:dandelion":1,"minecraft:jukebox":2,"minecraft:smooth_stone":3},"minecraft:picked_up":{"irons_spellbooks:scroll":1,"easy_villagers:breeder":2,"byg:lush_dirt":71,"minecraft:nether_brick_fence":1,"minecraft:anvil":1,"undead_unleashed:cursed_cloth":2,"minecraft:lead":1,"ars_nouveau:ritual_moonfall":1,"minecraft:enchanted_book":2,"aether:ambrosium_torch":1,"minecraft:stone_brick_stairs":2,"minecraft:amethyst_block":273,"mutantmonsters:mutant_skeleton_skull":2,"forbidden_arcanus:xpetrified_orb":3,"minecraft:string":32,"apotheosis:epic_material":3,"minecraft:raw_copper":30,"simplyswords:diamond_scythe":1,"minecraft:iron_leggings":2,"minecraft:experience_bottle":1,"irons_spellbooks:arcane_essence":69,"minecraft:deepslate_tiles":59,"minecraft:smooth_stone":6,"minecraft:gold_nugget":24,"minecraft:cobbled_deepslate":1,"twigs:pebble":69,"minecraft:spruce_planks":7,"undead_unleashed:grave_metal_sword":1,"irons_spellbooks:wandering_magician_chestplate":1,"minecraft:ender_eye":2,"minecraft:calcite":14,"minecraft:iron_pickaxe":2,"irons_spellbooks:blank_rune":1,"cisco_mod:brightsteel_chestplate":1,"minecraft:stick":16,"apotheosis:gem":35,"minecraft:torch":20,"minecraft:porkchop":2,"easy_villagers:iron_farm":2,"minecraft:diorite":2,"minecraft:chiseled_nether_bricks":1,"minecraft:stone_sword":2,"quark:clear_shard":24,"minecraft:rotten_flesh":56,"cisco_mod:adventurer_leggings":1,"forbidden_arcanus:splash_aureal_bottle":2,"mutantmonsters:mutant_skeleton_shoulder_pad":2,"supplementaries:ash":11,"minecraft:blaze_rod":8,"minecraft:obsidian":27,"minecraft:iron_bars":7,"minecraft:snowball":70,"minecraft:cobblestone":586,"minecraft:birch_log":5,"minecraft:enchanting_table":2,"minecraft:magma_block":1,"woodworks:spruce_ladder":3,"minecraft:leather_chestplate":11,"minecraft:andesite":24,"ars_nouveau:source_berry":3,"minecraft:golden_leggings":1,"deep_aether:aerlavender":2,"minecraft:potato":2,"minecraft:flint":8,"minecraft:wither_skeleton_skull":2,"delightful:pumpkin_pie_slice":137,"minecraft:dirt":123,"minecraft:glass":137,"minecraft:leather_boots":8,"irons_spellbooks:iron_spell_book":1,"minecraft:bone":39,"minecraft:bow":1,"darkerdepths:amber":1,"minecraft:wheat_seeds":17,"aether:holystone":1,"easy_villagers:trader":2,"cisco_mod:adventurer_helmet":1,"minecraft:glowstone_dust":97,"minecraft:mossy_stone_bricks":1,"supplementaries:gold_trapdoor":1,"minecraft:bamboo":1,"twigs:twig":2,"aether:golden_oak_sapling":1,"minecraft:oak_planks":61,"undead_unleashed:grave_metal_helmet":1,"irons_spellbooks:legendary_ink":1,"twilightforest:knightmetal_chestplate":1,"undead_unleashed:grave_metal_leggings":1,"minecraft:sand":64,"minecraft:nether_brick_stairs":2,"minecraft:grass_block":1,"minecraft:cyan_bed":1,"minecraft:mossy_cobblestone":122,"irons_spellbooks:ice_rune":1,"forbidden_arcanus:ender_pearl_fragment":4,"aether:golden_amber":1,"minecraft:yellow_carpet":2,"cisco_mod:bright_pickaxe":1,"aether:ambrosium_shard":8,"minecraft:crossbow":2,"minecraft:granite":4,"minecraft:golden_apple":10,"minecraft:chainmail_helmet":3,"minecraft:bread":2,"minecraft:emerald":10,"alexsmobs:maggot":8,"twigs:rhyolite":2,"minecraft:netherrack":74,"cisco_mod:brightsteel_ingot":5,"iter_rpg:spawner_fragment":17,"minecraft:crafting_table":2,"byg:soapstone":145,"aether:aether_dirt":4,"minecraft:leather_leggings":4,"minecraft:wooden_pickaxe":1,"minecraft:shield":2,"minecraft:cornflower":2,"minecraft:iron_axe":1,"minecraft:red_bed":1,"skilltree:wisdom_scroll":1,"minecraft:wooden_sword":19,"minecraft:netherite_scrap":1,"minecraft:white_carpet":4,"undead_unleashed:grave_metal_ingot":2,"minecraft:cracked_stone_bricks":25,"simplyswords:runic_tablet":5,"minecraft:beef":1,"quark:permafrost":59,"immersive_armors:wooden_leggings":1,"minecraft:spruce_slab":3,"minecraft:lectern":3,"minecraft:sugar_cane":3,"minecraft:chest":2,"minecraft:birch_sapling":1,"globalxp:xp_block":2,"easy_villagers:incubator":2,"minecraft:raw_iron":14,"cisco_mod:brightsteel_helmet":1,"aether:golden_parachute":1,"minecraft:bowl":10,"minecraft:note_block":18,"minecraft:spruce_fence":3,"byg:sythian_stalk_block":6,"minecraft:carrot":1,"ars_nouveau:wixie_shards":1,"minecraft:stone_pressure_plate":1,"ars_nouveau:music_disc_firel_the_wild_hunt":1,"immersive_armors:wooden_helmet":1,"minecraft:arrow":76,"majruszsaccessories:lucky_rock":1,"minecraft:nether_bricks":65,"cisco_mod:brightsteel_boots":1,"minecraft:hay_block":4,"mutantmonsters:mutant_skeleton_rib":3,"sophisticatedbackpacks:copper_backpack":2,"minecraft:gold_ingot":37,"cisco_mod:champion_coin":1,"forbidden_arcanus:spawner_scrap":32,"minecraft:skeleton_skull":1,"minecraft:air":1,"minecraft:leather":1,"deep_aether:tall_aerlavender":2,"easy_villagers:farmer":2,"savage_and_ravage:creeper_spores":3,"minecraft:oak_log":100,"minecraft:chainmail_chestplate":2,"minecraft:gunpowder":4,"mutantmonsters:mutant_skeleton_limb":5,"relics:spore_sack":1,"cisco_mod:adventurer_boots":1,"easy_villagers:converter":2,"quark:blank_rune":2,"irons_spellbooks:common_ink":1,"minecraft:stone_bricks":100,"majruszsdifficulty:tattered_leggings":1,"iter_rpg:potsherd":4,"minecraft:iron_ingot":17,"aether:victory_medal":2,"minecraft:glass_bottle":1,"apotheosis:gem_dust":33,"minecraft:book":100,"minecraft:emerald_block":1,"minecraft:chiseled_stone_bricks":1,"aether:enchanted_dart":4,"minecraft:quartz":37,"waystones:mossy_waystone":1,"minecraft:dandelion":1,"minecraft:gravel":74,"minecraft:amethyst_shard":7,"undead_unleashed:grave_metal_scrap":27,"minecraft:spruce_sapling":4,"minecraft:spruce_log":16,"minecraft:spruce_door":1,"minecraft:leather_helmet":8,"forbidden_arcanus:arcane_crystal":1,"minecraft:stone_axe":1,"minecraft:chainmail_leggings":1,"minecraft:iron_helmet":1,"cisco_mod:brightsteel_leggings":1,"aether:golden_dart":4,"minecraft:black_wool":1,"minecraft:coal":108,"minecraft:ender_pearl":4,"minecraft:wooden_axe":2},"minecraft:broken":{"minecraft:iron_leggings":1,"minecraft:golden_leggings":1,"minecraft:stone_pickaxe":4,"minecraft:wooden_sword":8,"minecraft:iron_sword":1,"minecraft:wooden_axe":1,"aether:chainmail_gloves":1,"minecraft:stone_sword":2,"immersive_armors:wooden_boots":1,"minecraft:wooden_pickaxe":1,"irons_spellbooks:wandering_magician_helmet":1,"minecraft:iron_pickaxe":1,"majruszsdifficulty:tattered_chestplate":1},"minecraft:killed":{"humancompanions:knight":2,"minecraft:spider":5,"enemyexpansion:equestrian":3,"irons_spellbooks:cryomancer":1,"humancompanions:arbalist":1,"minecraft:skeleton":17,"minecraft:bee":1,"minecraft:silverfish":1,"irons_spellbooks:summoned_skeleton":1,"minecraft:pig":1,"enemyexpansion:ladybug":1,"minecraft:zombie_villager":1,"enemyexpansion:tarantula":1,"majruszsdifficulty:tank":1,"iter_rpg:spiderling":5,"minecraft:creeper":4,"undead_unleashed:frenzied_knight":2,"minecraft:pillager":3,"minecraft:zombie":16,"undead_unleashed:shadewraith":1,"minecraft:ghast":1,"enemyexpansion:botfly":1,"alexsmobs:fly":3,"undead_unleashed:haunter":1,"whisperwoods:moth":1,"minecraft:blaze":13,"aether:mimic":2,"majruszsdifficulty:illusioner":1,"enemyexpansion:direwolf":6,"enemyexpansion:goblin_fear":16,"vinery:mule":1,"humancompanions:archer":1,"minecraft:panda":1,"aether:valkyrie":1,"enemyexpansion:goblin":4,"enemyexpansion:sprinter":3,"majruszsdifficulty:cursed_armor":6,"aether:flying_cow":1,"whisperwoods:zotzpyre":1,"enemyexpansion:crawler":1,"savage_and_ravage:iceologer":1,"enemyexpansion:huntsman":1,"iter_rpg:giant_spider":1,"minecraft:wither_skeleton":4,"minecraft:enderman":1,"enemyexpansion:slugger":1}},"DataVersion":3120}