{"stats":{"minecraft:mined":{"minecraft:grass":2},"minecraft:custom":{"minecraft:jump":3,"minecraft:time_since_rest":3451,"enigmaticlegacy:play_time_with_seven_curses":0,"minecraft:leave_game":1,"minecraft:sprint_one_cm":1347,"minecraft:play_time":3451,"minecraft:walk_on_water_one_cm":553,"minecraft:time_since_death":3451,"minecraft:walk_one_cm":791,"enigmaticlegacy:play_time_without_seven_curses":3451,"minecraft:total_world_time":3451,"minecraft:walk_under_water_one_cm":179,"minecraft:swim_one_cm":473,"minecraft:fly_one_cm":67615,"minecraft:aviate_one_cm":50464}},"DataVersion":3120}